2099126 3142163 3758216 3670362 3933635 4561607 3840309 3743103 3154923 1568802 
2094127 2303873 3708103 4108125 3568215 4579941 5654686 4361851 3963226 2552162 
2620631 3429042 5344266 5151435 5342496 6653306 6043384 6574661 4023747 3845360 
2574826 3828111 3749232 4214714 4965517 5353084 5959093 5533349 5085364 2885372 
3146404 3763461 5740232 5549475 5493465 5468584 6573825 5742308 4335088 3914525 
2855095 4715308 4843997 5262134 5198317 6092200 6084784 5782891 4059649 3424387 
3103087 4856381 6114079 6266039 5523247 5956724 6299482 5946186 4945202 3568884 
3667436 5138705 6572314 5862042 7042519 7156127 6356358 6622318 4434598 3264485 
2959846 5122096 6279530 6800806 7113808 7367223 7830046 7106391 5597808 4109111 
3935888 5256594 6526538 6947783 6192471 7076770 7454320 6440561 5316127 3071627 
3644945 5273919 6272748 6189547 7271912 7812945 6719238 7011825 5355060 3866368 
4623361 5502693 6564533 7075832 7387567 6070385 6527844 5573126 4106353 2844210 
3131048 5608685 5646832 6683059 7031477 6523376 6617199 5289849 3815670 2738150 
3296468 6168296 6774888 6712130 7383822 7072518 5377587 5698052 3272738 2308241 
2576800 4996606 5692025 5411861 6608476 5598103 4868159 5094429 3223961 1901367 
3123931 4646288 5894440 5320637 6323228 5991321 5908595 5410581 4260485 2778563 
2847396 4086123 5071647 4022397 4414418 4661252 3690403 3730579 4061909 2517265 
2595557 4640472 5308998 4181651 4148159 5843873 4857815 4640742 4363856 3127954 
2549371 3631402 4377858 4842964 3445878 4230897 5033218 3789278 2764954 3004441 
2683756 2562555 4562207 3959985 4250301 4871697 4730409 5486946 3725142 2579189 
2501139 3494716 4253509 5074896 4563370 3787745 5835170 3627613 2976314 2710134 
3033625 4467223 3828685 5060853 5569753 4435409 4405672 5883331 2819897 2806274 
2903668 3921225 5044439 4667605 4378125 5304727 4896898 4517887 4192112 2578890 
2898131 4003802 5525524 4374519 5067422 3732131 5602912 5390937 3431037 3655851 
3104763 5578439 5150014 4840127 4382121 5402271 4619631 5302783 4941222 2399095 
3788670 4307274 6085275 6538265 5449838 5582284 5414707 5600160 5168433 3580565 
4135926 5153344 5875175 6002622 5571765 5767794 5508853 5628431 4338596 2785458 
3281051 5338885 5979654 6145307 6573413 6769281 6019519 4675919 4350723 3086428 
4061375 5123876 6346777 6062756 5298349 6543206 5529652 5478878 4400667 2743021 
3449830 4931978 5730613 6638639 5246524 5789738 5892529 5642014 3941150 3270322 
2956232 4222577 5135929 4371221 5634542 4690520 4442748 6102319 3927640 3208068 
3323884 3873670 4202733 5808441 4888394 5176620 5843196 6279460 4975862 3542167 
2686206 3803189 3997352 4907605 4625677 4884111 5251387 6121798 4619178 3571535 
3592285 3627154 5350807 4641092 5359399 5429667 5375838 6793277 4511287 3805260 
2964570 4673203 4861483 5942105 5066024 5378683 6481147 6108322 5141031 3770438 
3789145 4506666 4919559 6357787 6073852 5228070 6037490 7248736 5143881 3751362 
3852801 5381937 4836162 5361424 5686306 5406556 5143794 6256717 5399499 3681833 
3789198 4118539 5895971 5368869 6183089 4963439 4680692 5465253 4470090 3313029 
3439859 5924464 6052275 5677204 5646850 5351850 4945580 6090609 3782367 3147788 
2967179 4820973 5836242 5935218 5857283 4679424 4689497 3776730 3296803 2257855 
3680655 4561793 5377942 5774738 5196501 5700929 4322489 5455154 3644278 2879285 
2931084 3794765 5587562 5356419 5677363 5334971 4797014 4104347 3318641 2679439 
2649001 4004135 4634286 4855470 6074586 5038282 5819932 5733612 4416171 3103704 
2726233 3653926 4080608 5462315 4302567 5056761 4448362 4633221 3488928 2315857 
2681683 3345093 4326890 4268026 4816540 5394069 4731155 5483515 4298885 2714462 
3398448 4509661 4790324 4953813 5311112 4914579 5039173 4338262 3804550 2593848 
3699740 4938743 5334968 5364429 5717424 5379507 5127217 4675441 3853307 2792914 
3571958 4345219 5823264 5147782 5760957 5593068 5095848 5454989 4089659 2616771 
2667071 5665319 5882569 5885043 6771410 5459748 5858798 6229862 4398265 3529043 
3170650 4574974 5453433 5319746 5683541 5268212 6422093 6335632 4599501 3710568 
3996535 4799498 5793454 5700159 5622021 6577405 5712840 6353794 5495980 3161683 
3890559 4947724 5685708 4630417 5261235 4852142 5120050 5376988 4164205 3071943 
4167416 6091273 5210383 6028648 5691481 5510152 6318816 6160590 3818261 3371149 
4012810 6345372 6270261 5924996 5654201 5151568 4877679 5061375 3330287 2210163 
3996148 5147677 6342209 5726985 5585782 5347918 6162157 5912929 4074245 3166279 
4036550 4634665 6260637 5305929 6291602 5097050 4706137 5627628 3746673 2598446 
3708972 4588634 5628756 5419816 5414321 5682095 5172245 5940971 4598132 3774552 
3123736 3889793 5072038 4887442 5393146 5589977 5384704 5467463 4752249 2885562 
2200121 3292625 4804251 4976622 3899963 4964467 4191554 4928522 3846662 2933327 
2189241 3794052 4738248 4722470 4434865 5026825 4874438 5303275 4052018 2799148 
3172572 3137104 4927533 4544918 5823271 4846217 4814810 4751357 4595965 2801077 
3195396 4064374 4368829 5164782 5323911 5077653 4531432 4596836 3557130 3115389 
2510386 4678378 5520447 4599228 5283146 5488005 5408030 5592530 4015848 2682014 
3816766 5282341 6010236 5690296 6092508 5947253 5047529 5072494 3913794 2695003 
4119851 5424643 6599592 5309163 5790816 5709175 5737123 5608151 4758367 3375766 
4090899 6221612 5826802 6635461 6171176 6352608 5815587 5241628 3980865 2659423 
4642857 6363959 6263277 5941607 5961173 6043081 6435035 6059995 5156834 3877556 
3922186 5534042 7060499 5420501 6663392 5746234 6084190 6090364 4783617 3067836 
4165142 5501007 5649039 5543309 5536300 5053160 6090883 6669818 4433085 3845096 
3202359 4658418 5021381 4962159 4985792 4939891 5364013 5180968 4129106 3371185 
3453175 4134364 4805488 4498581 4270003 5289070 5604942 5946665 4497255 2684347 
3344146 4784860 4465835 3800388 5257599 3531503 4027848 5180627 3064708 2345178 
2606972 4331841 3802171 3738691 5273303 4399473 4261950 5350058 4507491 2596884 
2978657 3865397 3931254 3683983 4141215 4457702 4621089 4435397 3860593 2591495 
3085174 3571595 4291809 4519885 5222800 5103394 4613075 5803076 3764396 2708094 
3317334 5121535 4266376 3915122 5366497 4400276 5100756 5157886 3952327 2344338 
3449661 4584454 4665123 5310216 5053289 5207923 5493190 5741065 3629649 3200407 
3056820 4234160 4272742 4060885 5104126 4119823 5125565 5555020 4056483 2164577 
2396438 4032904 4567450 5634710 5102439 5223564 5311718 5482035 4151219 3301060 
2758307 3395413 4045300 4614121 4710729 4938252 5280940 4162424 3938649 2394192 
2343996 3022586 3835652 3903916 4465414 5645930 5423549 4999971 4035547 2981086 
2338262 3976769 4418849 3915306 4608958 4764260 5239884 5155277 3995345 2655454 
3391796 4192331 4276283 4948219 4677031 4594447 5154204 5318373 3339174 3021677 
3045780 4984376 5349260 4407091 4590379 5266491 4629839 5664554 3962499 2986681 
3832652 4587123 5770671 4712642 5125797 4768999 4733718 5508426 4094133 3031664 
2951559 4997345 5002784 4260983 5135819 4772535 4806558 6680423 4924710 4064567 
3517158 4790522 5984358 5877770 5405655 5273394 4881535 5233557 5097238 3271283 
3771726 4534639 4941762 5105193 4548431 5213002 5154201 5476745 4507788 3532832 
3413909 3793801 6603950 5430868 5583275 4646393 5486789 5274860 3636261 3286840 
3043260 4019103 5175034 6073992 4631426 4436461 5139950 4920458 4247989 2365679 
3086272 3917869 4641733 5767432 5291677 5615056 4613962 5481472 4068152 3021700 
3148385 3448984 4634204 4632266 4583251 4560305 4874850 4367163 3960545 3127204 
3425448 5193184 5048455 5154893 4880119 4973765 5335656 5257075 4576949 3324536 
3451794 4889809 5276226 4916425 4624155 5069156 5633667 5189203 3848874 3085835 
3964910 4925906 5591902 5280925 5123562 4866633 5108035 5119201 3491181 2993533 
3283547 4418322 5467390 5552037 4686065 5782079 5231877 5445395 3648646 3147377 
3330606 5237003 6502095 5821472 6475381 4720928 6111904 4969154 3646136 2375298 
3198403 4397616 4935505 5858639 5319450 5360749 5610979 4710234 3589984 2924631 
3381944 4348705 5284756 5817566 5467701 5879479 4499109 4606467 3515107 2504332 
2763079 3813998 5373167 4595710 5120976 5500176 5788328 4306731 3904651 2691853 
3033155 4956665 5148340 5747733 5714944 4619716 4892422 4276410 3247055 2638384 
2564252 3740132 4947886 4372321 3977335 5673286 5126839 3930837 3694208 2099148 
3015559 3734859 5172882 5092728 4574582 4068210 5181362 4716317 2434889 2847044 
3604304 4306409 4631383 5220484 3991287 3945074 4537960 4363416 3021969 1928223 
3721297 4521041 4392021 5326544 4714471 4419597 5215997 3644967 3196552 1740524 
4473816 5660959 4213120 4830638 4754108 3849741 3939301 4690351 2396500 2014559 
3878027 5171871 5379696 5241267 5130048 4961916 4926498 4462748 2951989 1949321 
3630910 5285808 6340862 5019027 5928974 4850587 4140498 3792595 3283099 1736067 
3337061 4953116 6441760 6609253 5070852 6168554 4936429 4220545 3546778 2314804 
3852104 5606336 6647332 7114906 6537932 6105762 4937322 4902781 2286924 2584627 
3314827 4764706 6566983 6252061 6851209 6179242 5700782 5518015 3677208 1651657 
3160778 5987124 6276478 6887130 6590310 6235535 6566234 4899991 3586627 2641159 
3122195 5536557 5916698 6406234 7067012 5846146 5354257 5803153 3597140 2680026 
4311703 4762430 6479854 6637260 6267648 6473583 5501566 5169596 3783806 2559037 
3733827 4652598 6029635 5964920 6272721 5988901 6089654 4696524 3885415 3230737 
3953810 5421178 5837790 5403988 5613499 5427062 5801147 5368788 4255786 3275251 
3554282 4915261 5551582 5732197 5546655 6008592 5584168 6064537 4075379 3358734 
3966461 5112975 5592697 4367334 5273412 5584807 6112125 4952067 4710302 2823557 
3230847 3926271 5262953 4905266 4650082 5555440 6149917 5995122 3975942 3185870 
3659313 5832827 5685561 4381541 4605361 4537358 5234096 4685163 3757874 2417464 
3737064 4966171 5878347 6161575 5080807 4430399 5079421 3992432 3329444 2545703 
4060909 6285236 5376321 5699264 5613804 4199507 4084769 5038125 3033928 2145342 
4424819 5398335 5955601 4741969 5624277 3794903 3633401 3478736 2875265 2123597 
3867676 6460710 5136265 5569796 5348326 4999260 3821248 5407268 3697418 3125937 
2933602 5323423 5898149 4426365 5141131 4988428 4361254 4537706 4359687 2667551 
3558495 4996655 5372338 4680961 5747414 4863291 4977796 5753565 4696508 3414524 
3280114 3899851 4785150 4487400 4675349 5636275 5478068 5806313 4959835 3622876 
3635137 5118779 5647878 4528332 5788644 5795507 5356656 6114609 5148255 3539142 
4030385 4804005 5368516 4847647 4464135 5392813 5477914 5484033 4375737 2739234 
3314859 5081519 5085142 4823613 5506019 4683531 5445606 5125888 3919738 2766553 
3015126 4616085 5686939 4020717 3562741 4630633 4529221 4316355 3800906 3055393 
2688076 4536483 4696270 4605370 4079265 4656017 5210719 4478632 4154188 2978499 
2685516 4042525 4379497 3929418 4427493 4236237 5109988 5363546 4107105 3036547 
3369610 4043736 4493810 5159297 3823436 4632504 4891922 6163882 4045982 3298336 
3038487 3772746 4529317 4897584 4734630 5061640 6195727 5963052 5045480 3230296 
3191068 4804142 4681007 5342695 5268226 5172746 5003729 4854162 4800942 3205420 
2635589 4873411 4980336 5346591 6217743 6143401 5624438 5985750 4074246 3677024 
3480780 5257936 5750965 5076450 6049326 5627638 5206569 4658245 3898363 2492211 
3000777 5549399 5989391 5860637 6007049 6272381 6291689 4725060 3971540 3262762 
4149416 5010359 6121357 4878896 5244637 6207024 4709639 6351510 3962735 2896406 
3533499 5374370 4799785 4951230 5296275 5400784 5724312 4072827 4305658 2387239 
3620265 4739763 4410698 4267507 4481220 5031381 5760948 5544877 4371845 3417878 
3150520 4663843 4918387 4438169 4652255 5169670 5107172 4999537 4200364 2867049 
2809348 4334179 3431816 4424246 3911324 4175288 5686203 5715622 3875880 3302929 
2932374 4543513 4797102 4347392 4870834 4555749 5408707 5105171 3432675 2755772 
3506324 4762861 4869681 5121848 4960995 4864520 5500919 5499227 4444356 2544952 
3039794 5097876 5286034 5252351 5767382 6010865 5010069 5736571 4169954 2541066 
3137604 4824046 5245801 4939515 6372247 5185232 5483120 5312766 3520287 3083033 
3100935 5087863 4291781 5243921 4904160 5821994 5198397 4285250 3600359 1920753 
3247545 3950080 6252441 5244035 5669980 6697714 6179544 5687964 4249847 3072113 
3533325 5106659 5732516 5217986 5052228 4912580 5816492 5530199 3328384 3205972 
3738427 5107937 5125955 6405092 5698327 5138679 6087725 5575426 3813112 3439964 
4256632 4803936 6122363 5774872 5581081 3987200 4375112 4553590 3557605 2242163 
3062070 5300818 6177409 5147430 6139787 6316802 4953723 5419991 3899000 2980147 
3079125 4389734 5775810 5025976 4789150 4854680 3888424 4559014 3423766 2513049 
3231297 3832295 5805717 5363380 5229900 5541924 5812945 4781573 4275195 2660744 
3447345 3969269 5064608 5062233 4839054 4033276 4931177 5142371 3680814 3196388 
3166287 4594315 5243352 7105870 5718191 5565883 6358657 5460843 4570103 3491095 
3493126 4759220 5292366 5899758 6160378 5531957 6107085 6555370 4326244 3674830 
3062109 4575008 5596448 6236500 6074688 5771268 5653848 6302566 4446352 3031573 
3531156 5173698 5418905 6590470 6355603 5153560 6896658 6749345 4287981 3622299 
3788900 5056091 5332582 5945952 6491591 5812251 5570057 5374229 4797061 2904230 
3596292 3859012 5114455 5255447 5103325 6158716 5932786 5719996 4950178 3061818 
3842859 5251095 5374908 5888458 5400607 5913217 5018691 5572211 3210274 2655699 
2830256 3874997 4977664 5016259 5214604 5328123 5383250 4987070 3725205 2853368 
3583675 4709054 5599074 6850861 6084625 6224186 5439935 4779237 4074997 1596175 
3086091 3236377 4509845 5130618 5571964 5010668 5065877 5153597 2757798 3080584 
3719481 4022599 5431468 5211402 6114438 5608489 5315070 5454044 3466020 1917811 
2501543 3610878 4389064 5396888 4611571 5159622 5646847 5114525 4236315 2313963 
2863830 4175273 4395744 6350796 5587681 6563855 5651568 6684124 3874882 3070891 
2253294 2600655 4608092 4029035 5665951 5004477 6071411 4575954 4384456 2812159 
2361745 4054740 4231811 4871480 5328708 6561674 5899145 5560219 4703023 2810080 
2339889 3982518 4016965 4830230 4183599 4932342 6105062 5568153 4516072 3635806 
3427119 3132194 5775441 4114034 4410314 6321200 5683388 6240553 4397328 4084537 
3611532 3894896 4427074 5188213 4150694 4917402 5726441 5536196 4451542 3250824 
3182626 4116033 4965424 4128072 4640126 4917127 6229618 6186176 5129179 4073159 
2959737 4175881 5258546 5555957 4336329 5158442 5190160 5771950 5132307 3669696 
2270506 3708383 3927455 4164552 3956333 4439816 5073260 6058221 4434994 4209831 
1814359 3924508 4804614 4569897 5216381 4338787 4398961 5169163 3705379 3168988 
2582588 3391753 4128640 3639659 3940602 3892914 4769592 4423858 4603049 2809946 
2126647 4282527 4105788 4732886 3898869 5182228 3782410 4430940 3728702 3533833 
2633401 3543401 4400575 3851163 4942752 4362606 3951189 3881758 3696216 2518235 
2859440 3749591 4944785 4560736 3904757 5325714 5244903 3988691 3477609 2872655 
2424516 4224416 5256109 4952733 5340146 4799395 5005496 4519269 2514946 2087771 
3198860 4230340 5016931 5436791 5346555 4670597 5873308 5816304 3685223 2635436 
2841123 4437883 6128903 5753484 5547123 6343241 5706499 4546731 3706644 2743172 
3608858 4344207 5245261 5182284 6316311 5527467 5591092 6180107 3598588 2987006 
2915359 5534509 5398486 5905849 5380936 6634432 6566844 6019158 4586503 3031779 
3329999 5199842 5450869 4747285 4999223 5456332 6204788 5528327 4755153 4004462 
3667876 4712794 6109493 5854265 4961212 6916743 5796527 5923517 5401324 3854926 
2362888 4474747 5080739 4498215 5137493 4717770 5561396 5720937 4982730 3243066 
4275042 5088280 6559730 5013855 4809398 6209939 5328142 6012785 4961159 4109245 
3553947 4797585 5068383 5103748 4439996 5001277 5042829 5696719 4484658 2977160 
4892856 4716477 6641424 5156243 4620675 4333662 4400668 4952888 4393536 2472741 
3785826 4751470 4411409 5193010 4047098 4787788 4419582 4383366 3847538 2866520 
4399064 5420771 6234903 5556965 5141876 4320518 4706593 4726681 3091678 2327736 
3910897 4963187 4799359 4242132 4386664 4033124 4467794 3583708 2798844 2312398 
3496467 5487569 5489611 5373774 5092784 4361321 4096363 3435598 2673074 1888406 
3885319 5067673 4954591 5012529 4461788 3894892 4585693 3964935 2122100 2544384 
3069306 4783622 6064196 6482912 6090102 4911186 4579056 4204332 2400033 1812266 
3179181 5197337 4336459 5631550 4910596 3787317 4017347 4263641 3024979 2027210 
2882691 4760798 5877048 5927003 6413996 5779943 5229296 4443380 2790172 2449284 
3322041 4953598 5051156 5666687 5050888 4790627 5251719 4466801 3274799 2619498 
3269177 4768048 4882988 5827600 6332702 6091079 5918354 5795385 4376676 2560105 
2970578 4027885 6093201 5131989 5758876 5348631 5744130 5032252 4208478 3600241 
2247094 4563848 4317813 5389544 6256209 6123875 5859392 6381662 4478551 3370245 
2223215 4020756 5072682 4803561 5193703 5326938 5105037 5074678 4807611 2679088 
2708883 3360826 5183306 4819894 4983449 6335381 5136354 5666108 4224368 2829127 
1695234 4227457 4404606 5050069 4688439 5247227 4886564 4430286 4039240 3096921 
3212134 4384151 5256017 3976657 5307476 5951847 4665838 4560828 3489693 1661247 
2430754 4008738 3738626 5357247 4059714 5254924 4902258 4427520 3092372 2183140 
3082307 5366065 5191656 4368163 4643125 4908470 5632928 5044282 3732725 3000025 
3673162 3223267 4850360 4392059 4454279 4245552 4200610 4756457 3595863 2453056 
3712260 4559772 4895674 4259532 5324640 3900869 4371827 4511155 3640596 2784339 
3327508 4337664 4522429 4198982 5064282 5073749 4018953 5163604 3483403 2739380 
4138724 5611182 5677349 5633050 5196930 5886560 4330252 5015159 3559018 2535489 
3478930 4961757 6014174 5162952 5486817 4868073 5560741 4284658 3786977 2627224 
3406880 5963869 6543747 6137877 6184463 5399756 5971391 4707009 3877788 2327340 
2529853 4340339 5080395 6209652 4443560 5388457 5314128 4781397 3046456 3422423 
3541639 5200697 6298395 5781043 5139288 5496102 6217127 4855924 3928007 2770953 
2962880 3000777 4459395 4280522 4361211 3956229 4439493 4243517 3384297 2688414 
4307255 4843516 5648297 6028231 4037687 5500432 5355298 4603271 4453378 3385698 
3157536 3466606 4045767 5040769 4128586 4429851 5010308 4740815 3459130 2540662 
4309656 5018517 6564487 5469556 4443356 4787788 4977931 4078190 3212539 3113883 
2920884 3408090 5189713 5176332 5503192 4209662 5323945 4038582 2744310 2139869 
3686746 4141070 5556098 6517208 4951404 4613210 4472148 4584333 2882287 1786781 
3423552 4066146 4267105 5250289 6101831 5337236 5247301 4676782 2638785 2654372 
4068755 4495103 6195199 4951608 5134371 4623562 4804054 4290472 3155715 1969226 
3405873 5443451 4869781 5342590 5024659 5056313 5957219 5396212 3264025 2533361 
3809509 5415929 5510444 5712837 4575367 4481464 4818489 4954185 4138771 2756654 
3789389 4364423 6078607 4659192 4893535 3815128 4569791 4914590 4234825 3122976 
3816107 5781435 4928066 4500069 5105839 4854978 4358738 5042906 3670282 3244879 
3655471 4130617 5538050 4872931 5173035 4108975 4722300 4076138 3811637 2705872 
4032260 4766905 5502006 5502335 4269510 4827741 5075071 5034221 3236556 2650561 
2665599 5105510 4786765 5014070 5783299 5302892 4962613 5124266 3794501 2068380 
3986120 5401836 5564462 5288624 5926485 5954074 4999156 6044829 4313662 2788663 
2747165 4219906 4522625 5305583 6028827 5649798 6681600 5759946 4407996 2795827 
4241452 4661189 5282123 4210492 4936921 5254104 5775549 6158007 4972200 3185208 
3385802 4108879 4793163 4989371 5368803 5771648 5810231 6506206 4920695 3989816 
3830764 5061658 5371155 5219798 4812330 4413309 5317034 6208972 4370638 3350603 
3068721 5126743 5234697 4826222 5627388 4760235 5047347 6791151 4079845 3540243 
4074005 5846974 5552091 5654761 5349644 4436051 5038872 4110452 3987503 3060790 
4011979 5670001 5626934 4894368 5369721 4997380 5025987 5306909 4772691 3316282 
3885397 5387370 5793737 5717524 5518313 4639008 5050426 4973033 3156784 3166769 
3740902 6072398 4876553 5246717 4829120 4343867 4956421 5246396 4666738 3042259 
3816666 5232757 5896242 5624643 4825386 4829879 5259847 5409056 4182924 3653900 
3253024 5011636 5206308 4254831 4638163 3703667 4160979 5039180 4086828 3363709 
3435768 5692562 4430370 5213264 4000063 4756461 5278558 5514120 5464504 3819845 
3534436 4106152 5836584 4305486 3947123 4182757 3985218 4658321 3277145 3463122 
4133069 5313293 5638135 4652085 4254470 4704309 4540076 6129828 4581532 3435083 
2874233 3897839 5419425 4843774 4131539 4192825 4648281 4283369 3739909 2695506 
3583179 4692445 5630708 5829723 4175711 5096827 4751764 5234719 4626817 3110173 
3033136 4617374 4359093 5483628 5042363 5060957 4892152 4986870 4125946 2610649 
3708602 3809008 5297463 4500995 4709036 5496208 4435429 5102711 4212187 2988310 
3271923 3523946 4702023 4689222 4147066 4565156 4907166 4452791 4013992 2833483 
3096941 3948815 4431015 5545155 4492257 4969665 4900126 5193841 3755679 3056283 
3172884 4085087 4307576 6002147 3915812 5255096 5287234 4339736 4146333 3326508 
3310836 4287470 5178848 5488562 4569588 4509538 4824994 4541403 3847630 3102858 
2911852 4873521 5113950 5256900 4746325 4278750 4844238 4114904 3401123 2840911 
3364579 4701870 5897782 5682596 5313936 5007301 5075446 4997778 2877468 3056773 
3679630 4842120 5821728 4801632 5050465 5345594 5733192 5702922 4138120 2739823 
3926903 5580916 5789700 5442931 4969875 5121523 5385978 5568568 3718498 3323347 
4468086 6112008 6561840 5920459 5417302 6425876 6137392 7090392 5356436 3416339 
4003736 5333014 5885221 5562982 5710869 5744107 6331462 6613125 5270488 4255764 
3621209 5837537 6365190 5696824 6192256 6480790 6815711 6153560 5988674 3839838 
2635161 4556880 5727416 6075867 5418183 5937175 5852900 5624420 4683596 3917537 
3027359 4150430 6069973 5620883 5224169 6209559 5225802 6076214 3446826 3209285 
2505586 3448110 5105608 5959907 5480796 4291479 5608505 4547192 4097003 3221983 
3147854 4192828 4868355 5269178 5616548 4982557 3997969 5118327 3518293 2682664 
2592169 4138325 4637136 5672522 4495167 5334045 4702768 4620958 3986365 3102000 
3086818 4196011 5297317 4986906 5153303 4527739 4753109 4437210 3433360 2348636 
2730079 4657793 5290034 5331150 5819074 5430367 5208738 5563400 3654671 2504245 
2837129 3751892 4865041 5347045 4999681 5940682 6350861 6006856 3977981 3001899 
3406717 3537470 3886688 5568472 5531777 5651905 6899564 6367524 4760716 3174687 
2482855 3799259 4128507 4848064 5777732 5687224 6367598 6735933 5408522 3331983 
2536969 3714152 3249594 4614255 5029197 6323800 6355524 7004342 4972633 3827970 
2047526 4781333 3858034 4591792 5877333 6063431 6050947 6509776 5010447 3675172 
2625307 3185463 4243454 4082640 4656039 5693090 6574161 5250970 4858284 2891434 
2754413 4428191 4780125 5049841 4393864 6083989 5490055 5557551 3958086 2913419 
3279261 4070537 4469821 4716482 4236173 5589529 5024854 5879131 4054952 2954038 
3810441 4642645 4675548 5156638 5308644 4952580 5916577 5088915 4072243 2876293 
2964440 4561293 5190669 5482759 4556879 4859930 4397676 4635574 4065000 3033219 
2510682 4262062 5078834 5346592 4321393 4959261 3752716 4911023 3182489 2682101 
2358786 3902140 5675031 5397570 5906771 3846252 4433888 4009183 3159629 2555044 
2828930 4246538 4999485 6084856 4879786 5500697 4766021 4744935 3989658 2985688 
2942077 4555072 5765236 4828777 5417211 5855005 3815996 4933536 2960527 2309482 
3837135 4466125 5415570 5958132 5335929 4480757 5077804 5220946 3726486 3055124 
3450978 5006866 6188994 6333625 5981284 5546723 5897274 5846543 4279148 3147360 
3644551 4166920 5860501 5346547 5097732 5807492 4728227 6299862 5492634 3643682 
2925136 4933002 4466128 5262452 5216264 5094812 6166219 6356836 4720334 4354482 
3939255 3878736 5296191 4974111 3870272 4660825 5469683 5483883 4268938 3541088 
2538446 3867015 4182207 4190254 4251043 4627033 5768226 5306810 4767105 3670022 
3236497 4176550 5503719 4867530 4165575 4598953 5157427 4136696 3659650 3115494 
2640938 3629384 3918956 4528477 4174171 4233290 5348141 5179984 3629668 3246269 
3379370 4186593 4624749 4468929 3900796 4343508 4476806 4395081 2849943 2338095 
4024182 3830422 4795225 4177757 4208399 4232592 5728916 5539956 4485716 3163039 
3189316 4812916 4158516 3611367 3962034 4049031 4548048 4725503 3996234 3343102 
3389270 3947068 4295566 4367187 3681917 4957767 5785582 5157288 4084697 3634425 
3459568 3633238 4675049 4145859 3213238 3796338 4463478 4413725 3340183 2902235 
2757961 3299537 4287289 5004294 4965367 4547280 5834958 5859448 4217391 2740182 
3812750 4153194 5032644 4574094 4289354 4513661 3519743 4463838 3376477 2605562 
3413241 4779197 4608384 5291323 5617957 5424491 5255422 5154001 4258971 2103215 
3727194 5406352 6809955 5970044 6169082 5114286 4993476 4403793 3929501 2029814 
4189853 4467359 5399651 5880818 5504049 6950087 5325485 5626595 3927407 3013299 
3506044 5076941 5506471 5939284 6618893 5635661 5919521 3888368 3047839 1987258 
3987271 4950670 6048927 5220260 5514342 6936717 5231370 5687946 3632401 2020325 
3180435 5854337 5244676 5632090 4983687 4385114 4673559 3963628 2787665 2227186 
4466604 5771278 6483699 5823648 5343842 5015604 5509405 4057245 3443188 2507277 
3948636 5816637 6982574 6145296 4835236 5541259 4477784 4225082 3406017 2164252 
5095300 5871114 6658955 6447112 5928162 4656155 6222201 5844422 3944791 3555963 
4317706 5449157 5845267 6382351 6011732 5663092 5706144 5329988 4231115 2777370 
3450475 4678726 5146301 5392615 4713705 5514686 5846615 6550722 4695981 3659884 
3578719 4794480 4128826 4937563 5570063 5439488 6315879 6188337 4662047 3029036 
2791358 4725316 3975086 3773658 5030904 4313739 5036984 6358999 4545184 3483463 
3123566 4315970 5015498 3943951 4829768 4321004 4333036 6085589 4118440 2613966 
3162693 3972248 4742067 3986051 4084235 4516521 4001647 4756311 4014685 2556546 
3095207 3602910 4761630 4913334 3860470 5019226 4340071 5204648 4208048 2827728 
4356970 4105686 5263638 5779614 4370151 4854882 4681602 3968199 3645509 3100446 
3496571 4509435 3829151 5848715 4544861 3998737 4676564 4562318 3431455 2547753 
3605743 4691869 5612418 5162643 5826129 4998586 5375376 4707473 3950178 2357506 
3337989 4993139 4386127 5123919 5069357 4992831 5218081 5286830 2890581 3636542 
2178660 4353388 5127505 5326318 5549847 6108761 4884795 4890859 4235248 2462552 
2477734 4204063 4962693 4065839 5443684 4292222 4918756 4453205 3537734 2609611 
1578797 3446661 4326771 3978693 4537144 4853127 5018120 4781853 2944149 3192062 
2585058 4285348 4314365 4990678 4396028 4754045 4755587 4914760 4337260 2827804 
2527871 3053688 4788714 2952302 3270965 4716956 4125004 4203326 4228501 2756150 
3289107 4333959 5107867 5498251 4719744 4870982 4963453 4867788 3776205 3032336 
2850125 4163951 4796878 4451407 4664650 4179399 4532936 4549660 3609095 2545395 
4034426 4087277 5324863 5828896 5555766 6156883 6058040 5565333 4373075 2370660 
3575338 5322346 4352630 4853111 5041998 4041876 4076776 5591312 3494070 2942350 
4232341 4908866 6079282 4915457 6044104 6293322 5414603 5466245 4588135 2910023 
3309249 4863094 4744640 5499770 5337284 4575523 5528953 4971386 5006808 3309105 
1882276 4776932 4665863 5026574 4760301 5830620 5393979 6673096 4872332 3553587 
3002160 3609494 4876764 5060918 5020890 5217680 5665822 6050098 5123255 4007229 
2097203 3280595 3855687 4446030 5305035 5464496 5821803 5917629 4988852 3621932 
3037051 3913319 5400477 4911579 5202275 6231469 6154009 6184039 4907041 3773235 
3491231 4145677 4511399 5228633 5755471 5793677 5389375 5891382 3765716 2887334 
3898425 5840795 6287159 6441450 6520266 6113912 6395053 5620487 4497700 3481658 
4006910 5002489 7448883 5534595 6451941 6572839 5468520 5866827 4252379 3016375 
3873647 6082556 7403596 7484370 7122937 5757563 7266901 5564422 4566532 3186188 
4122873 5322695 7265250 6295126 6636763 6179398 5289472 6737083 4079467 3028658 
5030664 5456868 5906917 6774143 6001742 6504425 6166910 6049101 4859060 2949836 
4249014 5513732 6523317 5587625 6485260 5266230 4964024 5944545 3682614 2620840 
4223734 4860430 6148694 5856201 4740481 6399301 5314357 5461339 5143069 2134325 
3065088 5213692 5091593 5542328 6110358 4686878 5422294 5352692 4179671 2939486 
4544377 5229695 5947969 5942985 5687209 5421128 5105689 6131356 4763839 2612911 
3823906 4634945 5873655 5082596 5167793 6352747 5958502 4714408 4552950 3057172 
3723940 5493905 6089121 5218219 6524740 5968210 5775043 6339419 4434344 3337878 
3172825 3931534 5392316 4806698 5011349 6958370 5594230 5804939 4957767 3038795 
3089897 4475036 5806718 5981854 5660001 6643498 6201779 6046446 4163704 3453591 
2706870 3441498 5607772 5055164 6339787 6562314 6706379 6054695 4117716 3141643 
2882132 4168138 4187887 6485537 5302782 6612840 6403018 5426104 4389705 3210600 
3384310 4326969 5153867 5494595 6895100 5573337 5469921 5257038 3309656 2242308 
3947968 4460175 4878325 5414277 5843355 5196378 5932979 4659461 2972347 2579617 
3156958 5070452 4627349 5787478 6125840 5346775 6133393 5216182 3856072 2393674 
3438080 4301114 4605573 4743879 4208527 4779599 4624557 4857166 3594654 2059925 
3430528 4650120 5172399 5114889 5518927 4608541 5822313 5245814 3994383 2651352 
4317907 5250905 5825945 4931345 5263138 5405344 4119861 4416215 4119238 2298707 
3547364 4855755 5674284 6572613 5620726 6106242 6341079 6158435 4826596 3589335 
4304958 5758338 6694353 5867582 5994398 5826203 4835451 4833316 4122462 2720729 
3146218 4441789 5407257 6585631 5656223 6284923 6147165 5829781 4676828 3372924 
3136857 4999683 5756387 5106762 5424673 4875035 6111996 5956113 4571861 3752431 
2898774 3721444 4159492 4898421 4305866 5585163 5116063 4922147 4699821 3179489 
3152905 4266303 4638025 4512292 4140307 4486352 4954084 4703145 3814442 3408634 
3522702 4184438 4955549 4055958 4434428 3635460 4412057 4523369 2791096 1786501 
3818033 4514910 4580221 5965480 3424030 4428077 4889484 3999115 3266170 2726110 
3411299 4586124 5897528 5008435 5212096 4760064 4667305 4138712 2432217 1959434 
3760024 4582942 5866758 5990743 6174145 5179749 5333152 5450555 3090738 2070263 
3345481 5028271 4970863 5859705 5986441 4860793 4576048 4659020 2934723 1902232 
3494969 4643628 5073342 5409854 6105269 5569881 5465190 5094535 3659829 3097726 
2994747 4605859 4788624 4923118 5396912 4529927 4047941 5213269 3394846 2201361 
2526436 3783737 4441196 3902272 4992668 4409304 4425009 4863965 4245296 2948249 
3502558 4938444 5272994 4913619 4568878 4855008 4468627 4763511 3744952 2783517 
3342666 4660844 4754134 5252241 5201281 5646717 5453587 5361704 4026925 3159490 
3676851 5759986 5239177 5200947 5699153 5844508 5909640 5531907 4354206 3276356 
3066235 5401296 5212771 5798911 5509309 6352284 6282586 5382588 5018166 2537679 
3910781 6249116 6140592 5647919 7373825 6343147 6758860 7135989 4822132 3669689 
4382773 5777594 7006305 5443792 5857392 6263108 5281045 6188272 4405786 3278605 
3944049 5793814 5982643 5552168 5239380 4992586 6506507 5661782 4740089 3275807 
4171411 6286600 6723054 5190343 5760155 4838440 4031858 6012407 3875475 2792465 
4345558 5597202 5624906 5593140 5415541 4574732 4185802 6127823 4664215 3137964 
4178594 4182696 6410095 5226152 5159019 4905509 3624465 4357143 3492827 2833350 
2842686 5009403 4777680 4668185 4894875 4375431 3635056 5258820 3924771 2309084 
3524038 4605074 5744341 4711686 4641219 4893877 3912622 4252621 4218188 2081282 
3971139 4865331 5043136 5199317 4313099 5154148 3530637 4184825 3471220 2744402 
3911784 4597937 5641482 4469229 4435266 4430343 4524493 4413138 4016817 2392891 
3732530 4676544 5062361 5013517 4104976 3770050 4652030 3763591 2942423 3070833 
2965599 5040586 4811010 5234766 3992366 5081513 4139399 4688370 3722060 2572174 
2950579 4263654 5053195 4486014 4127129 3352658 4081544 4468969 3746082 2426821 
3367908 3600490 4928959 4264573 3890481 4663580 4097632 4990518 3608110 4146097 
3423094 3960913 3889618 3853582 2942857 3148906 4004645 3272143 4090375 2741204 
3615889 4745159 4809831 4504231 4895874 4056053 4518822 4682782 3320466 2656101 
3477418 4697439 3799649 4774642 3174090 4405512 3640403 4520862 3205248 2694515 
3383615 4187772 5896723 4541743 5962656 4933338 5166432 4228036 3160295 2657692 
3665999 4664019 5160642 4291916 5339694 4556254 5399824 4203180 3441626 1993903 
3399027 4414444 5035080 5762296 5138717 5208128 6426265 5277389 3667495 2601440 
4004533 3813101 4859694 4850506 3922892 4901721 5524619 5833666 3619286 3336976 
2611217 4144437 4556695 4360302 5437084 4837721 5666451 6328650 4366800 3498607 
2963611 3953304 4067029 4059265 4616321 4238687 5939982 5344048 5320520 3156540 
1988709 4025503 4173618 4603721 5300169 4873229 4792252 6066918 4373030 3740110 
2408235 3659808 4118364 4131153 4055761 5813263 5082283 5625180 4307145 3049718 
2808235 3654553 5062574 4648766 5328473 4765391 6016711 4955225 3877888 3108405 
2635636 4514491 4658752 4793687 5395669 5477296 5703078 6232026 4669325 3137817 
3514441 5266419 5295317 5105262 4996018 5517900 5343685 5808123 4867053 3386365 
3734950 4890468 5606179 5049317 5390674 5729377 5521458 6622908 5361238 3674379 
4799066 5214946 6777097 5029357 4840320 4227624 5226101 5141543 4478767 3770740 
4322354 5898107 6550790 6198781 5327838 6699523 5174347 5217505 4724085 2907698 
4315508 5907984 6423368 5608799 4795595 5283353 4898853 4252836 3345749 2649937 
3889999 5281279 6182763 5904154 5000982 5410372 5387806 4760618 3439794 2402012 
4006313 4858863 6063262 5701985 4596210 4404621 5180581 3884639 3861870 2361029 
3588474 5385101 6367827 5860688 5501279 6550248 4435278 4754848 3835998 2712980 
4253512 5832013 5459378 6003253 5082574 5186438 5651784 4520460 4371609 2667033 
4899769 6340514 6601854 5653662 5861441 5478833 4050662 5032512 3533047 2631021 
4890651 5906696 7105257 5144968 4768720 5511323 4945034 4094532 3475523 2323101 
4670920 6202125 7017806 6355304 5770034 4563639 4682000 4445744 2654552 2413323 
3873297 5249351 5591688 5428817 4796664 4791871 3869778 4084763 2733949 1681850 
3734049 4861383 6287924 5183921 5890845 4944657 4667236 4607699 2807704 2505178 
3377123 4534524 4506217 5390754 4900270 3771323 4666663 4131429 2590494 2269886 
3017978 4316199 5657968 5856875 5129159 6054133 4807557 5124202 4155740 2336898 
3108850 4146264 5503510 5118680 4415945 5098791 4802728 4671668 3823543 2822412 
3472597 4875690 6150285 5905902 5982601 5287830 5944556 4877513 4112450 2938111 
4028782 4896942 5511134 5393632 4765683 5604196 4613925 4095149 3922488 2385364 
3622608 5214480 5642555 5757890 6169809 5088442 5231175 4383222 3018458 2159708 
3411025 5235307 5208538 5391723 4924281 5563843 4199713 4323265 3352717 2006246 
3295072 4530031 6074292 6395167 5613273 5607373 5238631 4431945 3085356 2292957 
2589331 4122048 4662137 4505090 5649779 4531189 4374088 4956536 3690921 2053834 
2701701 4366119 4722930 5822450 5502966 5700091 5414962 5553614 4009582 3132038 
2741828 3771478 4198403 4584329 4369339 5443222 5298235 5834995 4117565 3613800 
2722787 3803155 5509926 5974562 6824286 6849963 6255441 6747056 5270430 3372294 
2699815 4220032 4795358 5169388 5113839 5456275 5793583 6818062 4782517 3936703 
2310577 4611054 5042435 6177855 6568205 6861343 6678961 6572735 5552092 3580673 
3697927 4457607 5648423 5092471 5743959 5596505 5234177 5941488 5109892 3421343 
2572230 4025646 5376669 6203717 6185697 6631152 6219828 5811938 4447680 3081090 
2872018 4712226 5581857 5269501 5512224 5344011 5928113 4395396 4260854 3067778 
2085264 3942323 4619779 4872265 5413188 6120728 4670449 4794727 3126169 2785569 
2933578 4989766 5351606 5086260 4605735 4863252 5205970 4348711 2955409 2459301 
3822006 4241326 5766370 5096192 6071291 4812315 5069127 5552265 3023819 2528329 
3487139 5129925 4714490 4783507 4466390 4246391 4484513 5028345 3665134 3155716 
3690901 4215763 4977785 4961464 4738463 4642106 4453323 5030431 4462843 2927949 
3035904 3750688 4309628 4965642 4677941 4711507 4255855 5437669 4446742 3153441 
2473309 3905210 5125553 4421112 5656692 4341448 5777790 5791176 3951239 3897002 
2144058 4009402 4226601 5059067 5157684 6201861 6329846 5971111 5478815 3404574 
2937288 4898287 5327748 5494691 6130107 5765068 5445049 6778976 5669475 3326447 
2519242 4424809 5814577 5024174 7354081 6968398 6091946 7186462 5040159 3857333 
3081809 5663513 6231517 6185970 6685152 7529082 5862528 5601136 5280488 2947876 
3232540 4294218 4867683 5901820 5756181 6348568 6840449 5906880 4844063 2835278 
3944684 5944716 6926640 5860263 6775729 7190301 5136831 6030132 4210273 2406305 
3676899 4923621 5980192 5652578 4913174 5251233 5700818 4701545 3796250 3382762 
4131112 5853296 6535213 5978920 5854858 5924867 5166139 4430430 3880567 1893389 
3651465 4298748 6012999 5001409 4376054 5150391 4891034 4575095 3872086 3177993 
3943309 4533157 5569809 6028078 4276493 5357391 4958713 4618560 2901117 3049377 
3382405 3860709 5361947 4477148 4271933 4631037 5297092 4619073 4403105 2553687 
3506283 4036116 4960230 5057883 5556460 4876700 4391859 4990636 3727066 2555698 
2967561 4861478 4685496 5374065 4587938 5582068 4057449 5678129 3868262 2729971 
2891064 4115885 5809991 5558867 6026156 5955334 5594191 4028376 3834242 2243610 
3170372 5013241 5176749 5471527 6281558 5403837 4953887 5060463 4196910 2026466 
2162797 4873009 4898473 5266757 5635995 5955628 4965331 5185034 3665047 2639111 
3965150 4473365 5536056 4678128 6022676 5531350 5907670 5116259 3935049 3316678 
2762664 4389926 5552191 4338203 5130552 5508453 4884922 5652344 5042953 3132404 
3115835 4865300 5949919 4566121 5227553 6163824 5761010 6897013 4753050 4028064 
3388645 4555484 5688822 5239016 3951237 5481498 5978493 6078025 5507023 4598481 
2845887 4539607 6242374 4928000 5901584 5208247 6649492 7187009 5698204 4186095 
3970925 4813676 6141977 6066359 4906478 6110397 6144056 6177758 5367071 4553244 
3215484 5305014 5194221 5999142 6306949 5891815 6436360 5998086 4925283 4262295 
4533238 4529844 6654711 6232723 5838878 5290813 6295288 6250325 4457518 3816028 
3230248 5231227 5703905 6512411 5396823 4417791 5997567 5248850 3806735 3468096 
3347048 4693017 5692222 5626253 5071551 4531936 4570757 5368190 3458020 2521716 
3711717 4202775 5773448 6046258 5150283 4101387 4352649 4875369 3295280 2346562 
3053345 4481223 5220916 4079023 5391582 3110731 3515885 4331995 3408964 2052348 
3662010 4484003 4943256 6341377 4725836 5133657 4300146 3340512 3297437 2272071 
3693096 4426760 5035749 5696303 4484263 4945506 3703606 3436463 2797423 2175755 
3228074 4836387 5834761 5495535 5856774 5350101 5959549 4485070 3076925 2379214 
3838130 6168783 4611747 6608208 4804073 4699548 5459529 4198866 3388707 2575102 
3411714 4203159 5908163 5169011 5587513 4788322 4497333 4895356 3248285 2416137 
3147857 5317824 5263795 5592339 5176552 4480232 4307606 5352501 2918237 2493157 
2473177 4469139 4307254 4261500 4643038 3841817 4054209 3519210 3544442 2704873 
3005641 4130818 5337696 4534182 4226023 4979362 3556179 5408787 3946811 3044302 
3034869 4675680 4275570 4043526 4060467 3792311 4659332 4733931 4109409 2942302 
4041658 4976068 5795344 4326081 5057571 5184057 4326985 5235746 4035667 3547708 
4511461 4756602 4845005 4199266 4399445 4585136 5261536 5529972 4502989 2596279 
3587276 5673778 5689182 5329651 5957091 5048563 5542629 5615399 3929369 3039982 
3318320 5070534 5210690 4380152 4464206 4591237 4088781 5358167 3909888 2670681 
3144136 4698873 5209413 5102134 5885058 4854200 4439261 4573795 3928862 2378761 
1959616 4572789 4506784 4371307 4563424 4479220 4114693 4567424 3886849 3346625 
3217546 5232489 5868622 5260142 4749832 4879848 4175431 4774294 4047020 2766699 
3262949 4854520 6142296 6032891 5466189 4821937 4788822 4522283 4376907 3225558 
4370398 5734803 6881432 6174492 5953606 6034475 4926141 5184842 3858990 3777159 
4172205 5186814 7036596 6739561 6197300 6371159 5363959 5939797 4698719 3310725 
4341822 5605940 5716371 6074003 6931536 5506527 6303377 6333009 4177029 3364348 
3805802 5413962 6545037 7343230 6305303 6883268 5744403 5991974 5173895 3551787 
3930243 4738221 6265563 5755830 6080115 6264696 5539671 6839546 5711320 3135498 
2852615 5264727 6411852 6297667 6532866 5255276 5413260 4482811 3667379 2934862 
3460406 4568593 5655616 5972637 6212575 6596768 5843816 5442485 4748875 2528403 
2374862 4380117 5522351 6317509 6372006 6295725 5031975 5357225 3123526 1868458 
2596093 4048751 5648028 5075196 6775614 6211191 5957057 5247442 3786801 2799238 
2243654 2976344 3860203 5973812 5517562 6108058 4905297 3992748 3845805 2022016 
1685718 3519874 4840978 5025780 6180821 5997506 5538548 5408196 3602172 2766202 
2116765 4158031 3531061 4401312 5407525 5094295 5145388 5380649 3552310 2710694 
2334658 4862853 4447337 4282650 5465704 5242353 4926673 5686448 4305989 2799159 
3708342 4119617 5754783 4732018 5180287 5559416 4855331 5622782 4112654 2859265 
2617889 5539370 5817710 5418762 5418878 5771453 5653138 6184223 5052719 2936495 
3664879 5479349 6212804 5984412 6205719 6463316 5029091 5433270 4448679 3023964 
3592560 5179838 5966900 5998631 6576600 5811133 6483559 6290809 4354345 3744933 
3789321 6153445 6819648 5538128 6447841 5959474 5583524 5181783 3783468 1848872 
4048071 6112321 6324111 6659926 6693305 6482511 5375476 6468894 4055473 3517805 
3686299 5049112 6288243 5701942 6258560 5955994 5728702 5801417 4495492 2928266 
2940461 4989560 5897104 5950580 6176305 6175675 6060725 5351760 5021925 2765008 
2418936 4227862 4764580 5195607 5102962 5648575 4570274 5629864 3512293 3032921 
2782228 3891814 5179667 5614201 6010306 6112002 5749549 6112262 4199062 2989263 
2979625 3915407 4892962 4710214 5011459 4998275 5038988 4900559 4345671 2669843 
3115537 4103888 6055540 4860259 5532792 5971145 5130473 6023007 3903663 3517554 
2625353 4326341 5007635 5351028 4393719 5382387 4470470 5260748 3890355 3054477 
3416770 4647671 5104938 6030530 5313002 6089137 6369693 5857120 5330830 3324093 
3277142 3455036 5343062 5403763 4999099 4793998 5655337 5436523 4304297 4082698 
3992965 4362613 4454104 5477424 5464118 5320707 6634438 6319043 5292230 3312077 
3548752 4042778 4663912 5106794 5118473 4439464 4690167 5597450 4118300 3421676 
3914072 4303173 4630312 4838635 5387538 5287598 5388514 6476607 4773080 2851892 
3052298 4971614 5161092 4976984 6080893 5181600 4965264 5471273 4519579 2892067 
3031975 4742014 4821154 5097391 5384849 6427940 5604422 6238284 4221153 2961092 
2414004 4022580 5154909 4403254 6434504 5820483 5715679 5665873 4111652 2423692 
2618129 4310986 5741713 4393397 5973879 5541540 5184660 6485355 4217738 3098729 
2212274 4349891 5117246 4615370 5444957 5324706 5450123 5894804 4285326 3326250 
3809230 4120701 4913894 5634672 5033786 5595114 4675422 5915640 4658259 3249060 
3031268 3562907 5207063 4273680 4982770 4724736 4857766 5606098 4659194 3410771 
2758081 4791113 5249353 4636129 4980054 4886223 5094653 5322665 4809397 3153257 
2298777 4193633 3520916 5192648 5374894 4356764 4972726 5101037 3891112 3244186 
2640691 3463967 5263485 5430188 5476718 4856043 4555934 5161120 3539702 2953750 
2069066 3461895 4874536 4074654 5120077 5023557 5115163 4584680 3939223 2162380 
2680957 4192843 4199109 5466934 5031792 4831803 3862721 5055407 3323995 2709201 
3083590 3422798 4285542 3789718 3839824 4249924 4565557 4511046 4667288 2626314 
3098983 4061549 4291270 4278911 4700725 4810447 4914231 3841049 3605644 2355499 
2981869 3463824 4258346 4172086 3781395 4376113 4326924 4766808 3542896 3182059 
3615342 4410530 4862894 4416922 4790928 4921613 4488075 4116839 3182439 1815876 
2929594 4339704 4543340 4419374 4947545 3814867 4863356 4211228 2936072 2560214 
3502496 5059987 4736539 5166085 4126089 5412412 3876380 4780685 3363976 1946595 
2182251 3826698 4459695 4286194 5110766 4104293 4859264 4269360 3891290 2085364 
3143558 3713509 4556824 4237628 4856923 4716496 3874198 5405056 3569389 2142523 
3065962 3904829 4678324 4886061 4700900 5649433 4692242 3714236 4129664 2134526 
3227751 4523278 4826846 4505983 5392399 5384062 5283782 5497498 3904512 3062244 
3754666 5592083 5913189 7061380 4975577 5849949 5277476 5462346 3559505 2542163 
3110089 5027432 6340646 6485503 6487037 6368459 6799632 6307650 4987403 3267597 
3011177 5334691 6770061 6265712 6176383 6380635 5141323 6079090 4717199 3201824 
2843799 4332056 5025070 6414281 5067542 6708080 6185755 5749376 5238383 3652058 
3262753 4575296 5780542 4967252 5478530 5841831 5639653 5183215 4589973 3668125 
3413830 3915757 5070713 5649462 5189090 5529203 5913169 5128855 4168068 3312182 
3460197 4364995 4597234 5495926 4767922 5336843 5515623 5563729 3777936 3111999 
3209850 4627341 5621369 4207129 4969755 5817401 5398842 4971689 3915681 3148966 
3912303 4922891 5045750 5490579 5853431 5880446 6218988 5416103 4005720 3330750 
2969936 4636765 5534530 6122369 5466508 5051221 5859359 6095150 3901098 2595533 
2613412 3539320 5441811 4535573 5642981 5828005 5976003 5657657 4430676 3353713 
2174180 4718771 4118917 4918472 5382966 5208682 6243739 5500401 4480062 3829867 
3030217 3533207 5218237 4604627 4205653 5343671 5788708 5983055 4236941 3341870 
3243452 4933792 4966633 5245636 5327874 4331501 5304197 5619834 3735967 3659136 
2850638 5201060 5465201 4238861 5244820 4331966 4501179 5548252 4395837 2884936 
4266345 5325842 5586527 5948689 4375944 5353384 4769220 4847106 4073231 3152889 
3187911 5599042 6235043 4799642 5731497 4965299 4109382 5001278 4045983 2628949 
4559647 5138989 6901814 6070063 4873729 5738231 5553671 5020563 4276543 2534113 
3994177 5017665 5782289 6296551 6186328 5049200 5485362 4827441 3746527 3110196 
4620749 5213570 6586976 6262103 5919370 5715456 6000076 6203996 3893866 3233697 
4093724 6180510 5915324 6763042 5980102 5266992 5936713 5686643 4912859 2997044 
4670431 5154633 6841259 5510025 6909525 5551426 5295977 6476304 4446622 3648121 
3667429 4776337 5927988 6209430 5469652 5656480 5416486 5739863 4154848 3120739 
3220294 4411187 5861055 5421893 5790705 5403835 5910280 4261285 3700844 2621271 
3470020 4096648 4823085 6307838 5041597 5896127 4911962 4409832 2850930 2190028 
2357346 3821789 5226356 5605024 6049089 4619593 4845677 3670884 2727866 2038077 
2293001 3746278 4002550 5767473 5097105 4285066 3731215 4029401 2078439 1763449 
2389821 3656598 5475188 4169521 5137448 4658534 4044906 3512489 3066387 1795694 
2922565 4509548 5426625 4604802 5051553 4405286 4004607 4069946 2441294 2422386 
2581121 4376127 5201470 4664950 3930255 5228413 4088331 4627264 3702348 2368670 
3919336 4025408 6344687 4712194 4441476 4643222 5033327 4336164 3887792 2395627 
3732393 5121271 6236718 5409996 5040213 5175227 4973292 5179530 3219064 2885873 
4742489 5168430 6772981 6396488 5151463 5852725 4938144 4491009 3717154 2110298 
4828063 5599974 6536061 6939397 6369586 4863958 5245618 4277772 3680637 1785362 
4709827 5793957 7637351 6696678 6434536 6048006 4715020 4788443 2770273 2533469 
4140668 5650722 7431209 7531195 7447089 5967328 5361715 3962785 2851766 2225621 
3616898 5572533 6608554 6757195 6386741 5628575 6382719 4723628 3766807 2479518 
2764938 4817771 5689625 6353226 6105067 6432857 5708010 4968913 3644918 2704860 
3477454 4114947 5966245 5113473 6072663 5403102 5383704 5216293 3927207 3170419 
2719257 4401186 3895801 5746461 5768688 5606729 5929507 5062048 3810910 2315663 
3424108 4380608 4614645 4626260 5289756 6101533 6024607 5834917 4456326 2346985 
3315943 4581866 5018915 4634310 5529783 5866653 5558641 5871366 3736158 3438565 
2690816 4676567 4859348 5620632 6098087 6317387 7070903 6742004 5212165 2848424 
2295965 4358359 4956582 5401462 6331424 5472054 6164602 6426923 4657481 3286911 
2660747 3652658 4949976 4292542 5314085 6370380 5556122 6330940 4336476 3459610 
2600623 3495442 4441102 5563685 5232579 4408102 5676805 4804190 4503217 2566180 
3767718 2975801 4499604 4611314 4182635 4059501 5272856 5218550 3656516 2935138 
2982879 4329171 4070506 5437374 5330598 4928995 4792981 4517253 3170818 2638578 
3244743 4021286 4559561 4368709 3472097 4205846 3752637 4566130 3380208 2363301 
3094382 4568163 4254744 5002999 4659844 4257338 5444853 5089512 3705306 2560951 
3266892 3981652 4831475 4217426 3397655 3595729 4008326 4444600 3851386 3418194 
3158224 3889438 3505865 5224134 4110482 4157638 5060516 5362107 3969509 3133962 
2797744 4392896 3665647 4307549 4032207 3015794 4482125 4502075 3051112 2874178 
2855934 3725247 3620617 3990211 4071555 4914912 5022533 5524114 4064627 3038323 
2885086 3988845 4051243 4504476 5121162 4255340 4955035 5721267 3225057 2874875 
2393400 3007905 4187754 4283905 4910969 5468679 6382466 6916875 4801921 3597209 
2508233 4138157 4609728 4357962 4792914 5417798 5703380 5608025 4938854 3548388 
2981836 2978046 4099462 4753434 4966789 5285345 5194624 6622077 4615621 3628363 
3436831 4351895 4785641 5749774 5514138 5106787 5852700 5991289 4632694 3893230 
2338183 4732252 4658865 4993270 5611284 5272678 5638805 5655875 4522156 3288935 
3373455 5358790 5453544 6064622 5948481 4878424 4778347 4442819 4098728 2688751 
3190405 5078912 5437203 5016815 6027943 4832117 4702920 5415924 2829352 2733124 
3608350 4711799 6493567 6588031 6186009 6452190 5536616 4759462 3729542 2515164 
3569437 4820311 5185878 5868050 5226361 5304667 5142026 5177920 4252074 2573782 
2806695 4467633 6259063 6074654 5677302 5672074 4624332 5958630 4182281 2603579 
4003463 3837842 4856250 5176521 4324115 4748344 4848089 4649848 4690249 3041024 
3292988 4467183 5268104 5653214 5816204 5193791 5683457 5894544 4255989 3738076 
3703119 4505008 5194187 4770635 4465821 5814299 5379631 5422744 4134222 3142582 
3561429 5675017 5187342 5649957 6025234 5633699 6219612 5601400 4556973 3195292 
3438124 4001508 4715137 5559289 4951724 5838336 5259361 6018066 3923013 3496116 
3345818 5452381 4546964 5136713 5846795 5427097 6199063 6658612 4535648 3478392 
2606673 4250121 5176427 3941270 4432951 4771653 4910059 4855896 4525168 2631127 
3032095 4967118 3664712 4034817 4394767 4361664 4805857 6011027 4044694 3497673 
2747671 4115318 5165979 4637359 5068928 4899487 4022955 4941637 3771870 2369203 
3508856 4146664 4599383 4411369 4780345 5692251 5358640 5700797 4666526 3003441 
2926706 4445297 6473220 4943043 6860780 6407275 5998955 5269815 3641332 2989424 
3769698 4383142 6181223 5423906 5442389 5912979 5298528 6072888 4561167 2782270 
3305144 4245279 5226424 6316868 6531761 6150939 6725164 6380213 4345369 2656896 
4304016 4679861 5834182 5925318 5487642 4633725 6157815 6558603 4122602 3802696 
2844246 3577179 5002621 4840006 5580530 6214935 5974190 6524420 5335539 3294689 
3490920 4980703 4943859 5302308 5290426 4160888 5733529 5180545 4271685 3062577 
3265300 4452130 4547928 6381128 5137093 5168916 5856223 6600394 4438636 3713574 
4945742 4505105 6287237 5975890 4946643 4787995 5541363 4814029 3750771 3078251 
3736370 5401879 5006605 5202416 5902738 4964453 5694138 5778358 4466540 3163246 
4342700 6278040 5433960 6066690 5370242 5562858 4707724 5894870 4034711 2993891 
4169220 5270072 7041198 5478166 5774902 5451938 5850572 6588669 4782365 3676040 
3771137 5141191 6249047 5460852 5294070 5058752 5326255 5963030 4995077 3329829 
3664812 6119473 5777268 6430082 5504688 5035486 5022000 5441586 4451365 4120689 
4595836 4053660 5939217 5473191 5394902 5415413 4616439 5801733 4909153 3087785 
4229007 5712055 5560347 5890146 4799542 4182265 4659010 4875646 3391833 2919724 
3247028 5109238 5625674 4802429 4568899 4592520 4003740 5183873 3102105 2684026 
3982216 4781564 4903347 5188713 4545486 3473035 4804123 3947701 3893810 1993294 
3050248 3931377 4969335 4803081 5534124 4629606 5274202 5341592 3224099 3140589 
3265148 3344104 4524994 5112221 3590048 4308164 3943038 4275826 3290434 2687332 
2760649 4170533 5399812 5069834 6383848 4463821 5723858 4999811 3773772 2948364 
2761159 3605217 4923927 5260964 4593467 4509409 4520333 4917783 3328383 2648674 
3591475 4448285 4497055 6665439 6243302 5787657 5488526 5855600 4041341 2269660 
3871478 4903756 5744333 5485723 5886399 5514702 4808770 4871962 3392327 2276469 
4089642 4285068 5605590 5904581 5993927 6006642 5388893 5546771 3744733 1854882 
3545601 5101912 4813715 6381534 5332111 4891148 5062630 5004251 3331493 2490424 
3389102 5038380 5776873 5371594 5958132 5729936 4728692 4725515 4118036 2486697 
4300563 5844123 6191135 5396280 5993680 5085603 5598049 5303079 4014071 3105726 
2921533 5185136 5558331 5416855 5325333 5020323 4671230 5028335 2949635 2526344 
4265599 5230554 6032844 5593143 5673900 5246830 5759598 5100874 4226005 3299980 
2597545 3713506 5023585 4774384 5616379 5450252 4680589 4943929 3402200 1798721 
3509725 4935647 5659402 5968856 5407937 4690757 4583339 4764612 3442484 2626403 
2927867 3855435 4530936 5880023 6164130 5441358 4745727 4713801 2826166 2204748 
3674457 5137559 5613948 5862106 5773972 5713634 5326220 4901481 3342277 2254890 
3706545 4022428 5650235 5128349 5958135 5168588 5878129 4320729 3272881 2446678 
3662976 5356177 5464512 5916596 5853483 4712562 5364683 4849620 3206032 2722215 
3105455 5255741 4959288 6399837 4928924 5744052 4915085 4330433 3613294 2193235 
3875333 4242126 6025912 4763097 5769872 4167402 5246187 4344046 3282958 2551756 
2872769 4405917 5673210 5139007 5580885 4776856 3622561 4191402 2376153 1856656 
2772345 4608545 4643028 5872912 5052126 4607307 4992163 4265739 3580165 2520222 
3058765 3750466 5607513 4418355 5147437 5442529 3468343 4087399 3331411 1659021 
2452457 2805997 3660156 4715827 3682085 4278793 4747556 4048787 3141555 3061600 
2022045 3338529 3545583 3945841 4683830 3517625 4454571 4750861 2943064 2655515 
2620364 3191245 3055758 4807151 3755458 3172264 5426131 3693579 3651890 2450860 
2350264 4454529 3506080 4441469 5271115 3031776 4684934 5989055 2719966 3251400 
2850101 3974354 3870615 3448049 4175656 3336146 2954710 4520484 3295426 2146368 
2005048 4384392 4415652 4518605 5572257 4681384 5323673 5502597 4764696 3044530 
2901018 3842179 4738615 3459421 3764947 4543591 4274420 4902761 3878561 2920649 
2337184 3923306 4481003 4657685 5487996 6240359 6094543 6055113 5016757 3762712 
3115755 3808593 4817350 3775745 3845431 4361262 5430740 4916321 4253091 3252722 
2374060 4464910 4984637 4706394 4992862 6134499 6405080 6519465 5631765 4039211 
3239010 4615777 5956436 4988846 5130623 4939661 5007990 6022832 4314477 3834112 
3054649 4161121 4672681 5625863 4900675 5676909 5204187 5591198 4764136 3332738 
3440941 5413422 6500100 6943307 5805436 6354151 6138528 5672748 4744355 3309685 
3301703 4268515 5130592 5772680 5589959 5203217 5704016 6334923 4043411 2992327 
4023742 5062665 5689711 6934664 5950800 6135563 5994236 6610149 5253993 3353381 
3753365 4731620 5105245 5223718 4818612 6034702 5383324 5127189 4730327 3301365 
3991530 4930463 6882050 5217575 6293296 6279623 5637788 6450911 4891146 3258365 
3724346 4117871 4582419 5134769 4226534 4578391 5307657 5698280 3999175 3238448 
3686904 4600450 4775780 5738508 5062061 4890530 5453523 4789504 4001312 3153663 
3709853 3402497 5235871 3981238 4308004 4483663 4777839 5099583 3948847 2970753 
3508907 4739235 4758096 6011370 4549121 4539818 4910729 5217032 3696290 2916990 
2048441 3957021 4244839 4417668 4321064 3253370 4699833 4920573 3705061 3193735 
3336458 4505543 5302313 5716876 5053543 4701772 4152579 4854849 3147402 2662012 
3302172 4434354 4703586 5036909 5778130 4673393 5287455 5090683 4057930 3189945 
4114343 4538064 6178156 5781751 5112192 6260564 4942908 4685414 3665409 2701259 
3418488 4798474 5934706 5478897 5322612 5476794 4860681 5618368 3861862 2822741 
4131173 5078120 6726658 5770881 6129683 5907043 6381132 5239718 3953305 2942568 
3331861 3903965 5999571 5518216 4922108 5703833 5501081 4218786 4175988 3001023 
3444515 5180450 6073536 5599769 5449778 4407747 4832766 4438873 3797253 2646350 
3334406 4121709 5583774 4813096 4489992 3891656 3776060 4050102 2968803 2190757 
3620361 4367969 5531998 6224471 4433064 3892966 4077275 3791270 2415547 2858343 
3026020 5030962 6094486 4577593 4893815 3320625 3172365 3727840 2526987 1940062 
4090129 4814544 5394283 6864085 4404985 4058947 4582175 3670584 3396489 2402477 
4369169 5049697 5744518 6410996 6036205 4659893 4788337 4991048 3436391 3358011 
3572502 3974350 5375465 5323520 5222907 6077500 5501462 6363986 4524891 3268174 
4046936 5480953 4812475 5714223 5415754 5001044 6611346 5199912 4347205 3753387 
3212258 3774417 5601682 4325982 4689717 5793227 6743236 6785436 5600769 3775628 
4340803 4957992 4429869 5959699 3447741 4841678 5561917 5193336 4778116 3378981 
2483419 4135463 4464474 3971500 5319427 4112859 5327266 6763656 5104271 3794074 
3366736 3932784 5125153 5094218 3894028 5243215 4897404 4446569 4444627 2674683 
1399987 4720447 4419687 4798788 5520134 6074556 5401849 6270803 4681603 3528300 
3173927 2766277 6091878 5178483 5176619 6578002 5187734 5562733 4701858 2278114 
3006838 4404754 4868456 6662426 5775688 6098152 6276079 6224746 4586046 3935519 
3719886 5008618 5401383 5822977 5732385 6441100 5469762 5837908 4883267 2864397 
4347319 5015023 5187954 6056441 5311609 6434670 6728475 5970190 4722592 3636914 
3523581 6250526 5752747 5548866 5330173 4810187 4914282 6268551 3721133 3191797 
4135218 5432040 4803193 5528619 5338162 4506217 5683491 5459830 4580873 2448097 
3337826 4759219 5734025 5285718 5453761 4720666 4331534 4659974 3408122 3542659 
2936810 4202006 4982304 4262606 5146512 5385429 4195747 4212570 3475977 2094450 
2626489 5033234 4820118 5736008 5674871 4729645 4855648 4422050 2179007 2152869 
2875336 3727261 5658004 5398952 5329857 5024142 3677005 3995318 2112331 1663385 
3179866 3729326 5588654 5516098 5242559 5006944 5203467 3307455 3049472 2300097 
3167096 4259866 6437161 5902437 6378515 4663427 4368559 4374605 2049438 1477422 
3361801 4732979 5861333 6343411 5356063 4981079 5445416 4606521 2702151 2743499 
3035936 5035131 4819138 6048812 5517588 5443615 5591326 4825917 3120246 2741433 
2948775 3586494 4546433 4122923 5392854 5239546 5829360 5922473 4766183 2969662 
2931425 3981974 5264752 4479006 5218840 5725915 5644873 5829316 4365444 3164492 
2956029 3205050 4202227 5124498 3926649 5809391 6885325 5839310 5166214 4107931 
3405202 2812004 5840997 5502285 4695524 5362610 6219004 5574397 4286695 3281613 
3061064 4001902 5228788 6330141 4714889 5336320 5979408 4975493 4509900 3506518 
3303241 5176207 5212879 6446581 6054754 5195657 5330893 4057179 3370768 2636067 
4247976 4528041 5577593 5788507 5015355 4507155 4385969 4794236 2658176 2151603 
4217022 5648387 6148967 6345317 5001421 4809250 5080179 3572323 2829145 1609233 
4513306 4930546 5563168 5315764 5517930 4844841 4482977 4218352 3326922 1643376 
3987211 4782377 5606971 5964718 5634330 4909999 3537934 4388054 2345878 2049306 
3498987 4423987 4878858 5310108 5310393 5038484 4655154 4480033 4044890 2033519 
2764366 4581260 5055650 5610039 6093264 5462304 4788722 4867066 3863676 2412915 
3603334 4114664 4737204 5517731 4281285 4980588 5038910 5947521 4131472 3970800 
2649464 4128142 4640763 4463457 4871231 4007325 5628951 4941655 4482337 2602452 
3796222 4483061 5377940 5680539 5147761 5480368 5342477 6310489 4816958 3478905 
3128336 3769062 3086064 5189264 4733588 5115323 5594799 6715289 4314703 3570062 
2875096 4296056 4882163 5356799 6527515 4923786 5551088 5799726 4641844 2775015 
2650482 3623025 3276432 5058403 4443679 5118002 5724750 4865233 4237120 2953958 
2400686 3880140 4699265 5804546 6093126 6093334 5442163 5654846 3030229 2632837 
2371746 3559945 4512823 3826329 5473178 4976811 5624464 5153221 3524962 2092427 
3107105 4383063 4418359 6242828 4597238 5972054 5396234 5083677 3985082 2860212 
3233370 4430579 4533524 4599164 4975231 4921592 5036077 6056740 4548021 3409930 
3997605 4639517 5626840 3951265 5336688 4552027 5441404 4935721 4324558 3455840 
3311313 4484467 3208448 4872370 3931481 4495576 5690277 6243182 4057319 3998173 
3016877 4013367 4342037 3579105 4016267 4089639 5196655 5464185 4587991 3414145 
1946380 3916854 3528454 3066119 4699932 4608009 4720281 5825678 4398446 3178697 
2608812 4175876 3733054 4700327 5131174 4056431 4867279 5430922 3420346 3208266 
1684328 3238584 4221228 3571922 4663373 4047852 4539426 4459433 4221265 2323484 
2390166 3828365 4862306 4753406 4429495 5032431 4053920 4774460 3877330 2502165 
3080063 3086099 4616531 4365210 4499280 4447959 3927291 5188864 2958489 3048161 
2850286 3648035 5454529 4713880 5268167 5248878 5036145 4682142 3717454 2161284 
3373585 3876416 3924034 5174376 4395850 5518256 4738119 5934509 4173403 2308687 
3149131 4030590 4402358 4591636 5714840 5638560 6221610 5391523 4521960 2912086 
2858615 4002244 5302527 4492501 5380468 5571883 6286928 6329991 5086006 3278079 
2424001 3878289 4101240 4798395 4691884 6111067 5942220 5249894 4834813 2568732 
2725806 3454312 4873109 3284517 4652127 4852009 6076998 5520589 4064551 4027326 
2318824 2945795 4518256 4743909 4229475 5068153 5534423 5410836 4108772 3149911 
2667975 3472552 3833244 4426988 3584512 4352753 5308415 5444536 4000815 2776575 
2710410 3370287 3403998 4667288 4136105 4376256 5380754 6001568 4018849 4172841 
2815669 3380377 4497166 4293862 4986391 4604662 5087789 5210739 4461719 2983621 
3021298 4427619 3586384 4789260 3825443 4615617 4868447 4880316 3949777 2896945 
2130513 3651812 5302878 5077042 6075440 5939390 4809267 5401247 3862784 2721954 
2905680 3577947 4288475 4028170 4425807 4389504 4573967 4764437 3855789 2638538 
1934070 4294615 4631082 5056571 4839172 5512710 5241692 4608552 3720503 2958248 
3174683 3777639 5222702 3564463 4805041 3945454 4739557 4792872 3377200 2569420 
3063300 4115099 3824383 4836808 4565301 4583205 5875484 6142681 3863060 3220130 
3111212 3746474 5065052 4356491 4552129 4527777 5422170 6913068 4095160 3441609 
3489116 4005694 4423481 4974292 4512106 4461483 5487728 6412264 4964821 3223285 
3452203 4732386 5136123 5243236 5611215 5793902 5590710 6105819 5180344 3672950 
3832572 3547204 4320212 5933875 5330208 5573011 6086243 6272325 4935249 3941523 
3997168 4694130 4874090 5235935 5589034 5534108 6270575 5600701 5150700 2869420 
3396509 5165770 5220224 6246209 5736852 5907778 5811470 6473000 4220135 3302116 
3956081 5805625 5768998 6194683 6619096 5366843 5782270 6519308 3926526 3231543 
3331285 6051194 5885834 5209881 6650245 5232684 5693467 5053421 4660637 2865680 
4163093 5787526 7397253 6066296 6210016 5660881 3838899 4968614 3702443 2667231 
3594899 5078512 6663751 5817995 5351036 5504785 4679009 5702601 3639985 2799120 
3835914 4519260 6785191 5750418 5710372 5316660 4776945 5172162 3692629 2916876 
3427933 4486345 4337699 5151261 5198420 5607630 4855481 3934980 4341021 2307852 
2876795 4392137 6052760 5214788 5790371 6196929 5678756 5182991 4063563 2188156 
2156690 3545244 4568989 5034196 4886076 6235573 6022455 5957559 4066755 2963336 
2733780 4182789 4627136 4482318 5993194 5307162 5794638 4211842 4269060 2779616 
2737475 3235806 4387532 5660485 5834267 6853514 5622152 5713380 3836608 2155047 
2873024 4152681 5096510 5447179 5027319 6390175 5683824 5686546 3923564 2849966 
2846147 4579459 4920071 5274438 6688762 5874105 5813659 6354543 4617244 2717006 
3266563 5075165 5747468 6011409 5226302 6297477 6225741 5145052 4986867 3262703 
4189428 6049589 5659836 6014998 5832837 5992422 6553470 6579252 4666401 3785627 
4542712 5725396 6668406 6160940 6597836 5993606 5970913 6223717 4665053 3277614 
4247386 6122930 5592375 6679593 6715893 5907327 7004827 6736573 4908704 4072634 
3730776 4987461 5902487 5096958 5968698 5622489 4991777 6139819 4513886 2842876 
3453959 4807182 5369120 5665203 5629428 6405335 5577324 6187016 4983242 3572245 
2380486 4705545 5211016 4195413 4952544 5204224 5014088 4773657 4289484 2824434 
3046522 3509812 5468431 4841068 4512299 6298432 4935982 5307304 4675498 3074024 
2989676 4064072 4409793 5125685 4470964 4408647 4610082 4410112 3695662 2416284 
3519679 3731913 4973510 4357360 4571418 4962276 5470055 4921332 3966198 3054775 
3541965 4570905 4146150 5078763 4647568 5235852 4380792 4402503 3966695 2604858 
3792822 4972737 4907201 4794941 5489972 4681577 5916265 5528144 4261945 2909346 
3740524 4554400 5488781 4866189 4624387 5099705 4700416 5130243 4108566 3095092 
3575202 6001017 6145817 4790124 6307573 5043624 5563130 5591673 4302193 2907435 
4431671 5386642 5799962 5533990 5297151 5118769 5624816 5406699 3593644 2532498 
3675701 5613128 6468077 6216658 6096585 6194273 5019337 5769182 4060174 2526411 
3581001 5383657 5814808 5507324 5007985 5969565 5291846 4677916 3813472 2318226 
3801669 4423743 6382713 6200618 5997081 5033632 5471778 5408288 3711757 2570655 
3121351 4019650 4834126 6113501 5429954 5421627 5223033 4812318 3912192 2637078 
2473100 4915269 4252009 5731059 5404449 5365864 5521231 4793232 3987837 3295129 
3433685 4003793 4629323 5491446 5444263 4643687 5327117 5827952 3448587 2678290 
2842336 4641433 4178278 5272712 5983535 4947286 4445361 4597496 2757799 2278933 
2906359 4949701 4986404 4159448 5386733 4660383 4433211 4750391 3791142 2552705 
3046741 4892458 5674731 5301800 5851368 5077003 4630272 4265247 3065950 2070340 
2458491 5496292 5655073 5471918 5696110 5797765 5017349 5254670 3972311 2956718 
3783361 4574940 6392851 5505339 5235079 5840669 4543150 4309362 3709807 1982117 
3602840 4962044 5860221 5896982 5553156 6395402 5878089 5431334 4320636 3402399 
3943226 5481470 7196331 6019643 5503119 6072923 4995794 5546187 3735229 2476616 
4367671 5013264 5993119 6401026 4963321 5153473 6347696 5994179 4641993 3294408 
3502563 4654438 6351058 5118905 5705336 4590009 4212285 5571336 3556211 2877955 
3822031 5282282 6315667 5339719 5704629 5414801 4639903 6328962 4463089 3467046 
3058167 4969605 5409042 4837255 6195386 6240441 5349094 6012577 4608535 3189583 
4299194 5002063 6211150 5136580 5638175 5300109 5260101 4910627 4530420 3526218 
2421950 4188221 4780351 4744557 5708098 5639972 5799021 5831346 4257234 3361265 
3439689 5895232 5627924 5698625 5611969 4497084 5817387 4819336 4537452 2994470 
2503933 3905878 4336557 4190238 5979851 5251043 5783374 6076702 4618231 3163906 
3709126 4962818 5960572 5464161 5419271 5674538 4087565 4771795 3704114 2810641 
3200632 5580704 5206474 5246886 5714549 5729544 5912966 5157559 4201650 2389981 
3967953 6049034 6662900 6256868 5304178 5424944 5694450 5183836 4434919 2908625 
4267740 5873327 5530194 6100184 5105733 5501715 5053843 5469665 4623093 3286136 
3387875 5264325 6379782 5663119 6563521 5644640 5144252 6163840 4681002 3588786 
3306447 5649194 5767368 5063297 5750695 6261349 5621084 5584274 4617351 3063367 
2182594 4391372 4847529 4817559 5025650 5788789 5014324 5463363 4488984 3541718 
3543269 3988899 5760991 4803373 4646245 6746126 4791743 5591705 4573521 2636581 
2638704 3666813 5297662 5087451 5479786 5323944 5271238 5578705 4465379 3379898 
3291344 4551183 5437762 4594230 4706088 5240851 4763313 5677587 4425078 3109509 
2803395 4762110 4430050 4807057 4109942 5153673 5052177 5031459 4720256 3427711 
3858215 4991528 5459533 4464273 3940533 5204356 4690855 5062711 4782665 3516252 
3328965 3943007 5909279 4416093 4367040 4963908 6092584 5085197 4849670 3911786 
4037242 4681252 5396435 5453754 3245852 3895062 4164740 4506660 3286174 2853611 
3334615 5227924 5175582 5721039 5511628 4770913 4951117 4610754 3660758 2919125 
3692679 4523864 5633013 4971837 4763432 4379794 5141103 4369920 3274119 2828955 
2900995 4610880 5331824 4846075 5020221 5304003 4957349 5273274 3505007 2657756 
2649049 3349547 4621342 4903044 4193890 5017205 5290701 4496888 3810488 3369069 
2771014 3076226 4638864 5629200 4725101 4410206 5096879 5190537 3926866 2645253 
2256250 2388656 3527499 4821200 4747165 4822816 5297217 6118648 4515908 3038971 
2393941 4363595 4369637 5559269 5470387 5241794 5848773 4318109 3898555 3622840 
2334487 3942335 5463165 4967503 5694726 5932308 5474298 6174673 4127010 2598332 
3288435 4178743 4987904 6751110 5758822 5841847 6520397 5884839 4137219 3167495 
3428306 4495671 4926871 5551136 5878848 6048154 5447878 5759926 4537312 3424571 
3979412 4050401 5044748 5340336 5227117 6091490 5762831 6049352 5063191 2872962 
3374417 5046497 3970929 4649585 5272717 5611296 6073031 6537150 4413888 3896674 
2689297 3633222 3763211 3290285 4203360 4319660 5464946 6224537 5491638 3706497 
3277943 3619674 4628707 4673868 5031766 5575590 5468934 6363741 5301214 3235525 
1648266 3001396 4554047 4251904 3775201 5344471 5258020 6219469 4520335 4179820 
2299116 3679836 4927872 4937400 5853144 5577319 6874772 6313200 5296816 3657604 
2064798 3658083 4336649 5510682 5317635 5655536 5640899 5476889 4706644 3495423 
2394188 3103805 5028596 5118963 5136605 5679129 5146450 5744046 4285693 3325416 
3319491 4365236 4963210 5236498 5415129 4738239 5106965 5414077 3416984 2547759 
3117420 3655840 4802278 5632730 4733974 4537578 3800468 4495802 3266952 2522200 
3202733 4972771 4184604 4964913 4972213 4530364 3809554 3857902 3194190 1629772 
3112091 5056620 4786455 5288898 5728707 3566397 3930906 3780362 1983019 2063879 
3792696 4161289 4899720 5024657 5201705 3988312 3975484 3069188 2256782 1538964 
3991603 4726667 5525079 6100839 5495618 5031464 4668056 4293282 2921078 1525808 
4107030 4925036 5652615 5004149 4960362 4962810 3564808 4983724 3008095 1998765 
4440356 4827761 5512425 6323562 5357916 4332053 5611194 3711547 3341291 2253773 
3475059 5211669 5283107 5832890 5623898 5520509 4944666 5706750 3280402 1808551 
2894127 5489229 4752639 4795731 5472042 4825554 5260256 5106201 3346648 2698980 
3308735 4379161 5530252 5436418 7340706 4941388 6063605 5360826 3782822 3039004 
2769693 4027206 4614398 5617870 5540179 5387055 5348117 5698381 3682531 2517382 
2519253 4132673 4954912 5558941 6445099 6440743 5846626 5855853 3875292 2749225 
3744702 4971799 5351234 5813515 5869206 5628616 6275573 6285958 4593277 3132246 
3847287 4079884 5964178 6523853 5641376 6286870 6128770 6074523 4268464 2306319 
3774483 5614615 5768127 6645158 6510484 5642932 6088461 5568983 4798349 3413128 
3401687 5107740 5495040 5976246 6354951 6472471 4994448 5704270 4079259 2640164 
3790520 5462415 6067584 6379447 6371841 5359962 5324093 4908547 3997226 2353694 
3635268 4840406 5544411 5224060 6020312 5331180 4846662 5494452 3231553 2397191 
4343300 4627934 5639968 5501821 4842260 5131801 4177976 3894498 3077367 1488178 
4539025 5265221 4693485 5088881 4594107 4801559 5047417 4742122 3267271 2417277 
3396344 5503000 4997305 5213731 4366384 4225272 3018150 4380340 2567840 1402403 
3895867 5091097 5316641 5282088 4150304 4315350 4665804 4924286 4312098 2344072 
3316272 4319452 5578862 4831481 4456052 4202502 4247034 4681539 3493327 3210727 
4511189 4693400 5955592 5362336 4831538 5852207 5112965 5560628 4735997 3189806 
4036280 4222880 5742058 5673619 5020690 5236339 5439241 4776658 4730922 3360035 
3677150 5440301 5436048 7096342 5445804 5904777 5285456 5850283 4071648 3248974 
3001047 3825962 5500787 5110841 5506706 5558446 5106466 5242549 3732068 2884221 
3008068 4704123 5284797 5734705 5903357 5522471 5837102 4798057 3551910 2746871 
2309557 3417877 4460703 4977258 4056520 5383558 4390940 4737924 3586098 1873824 
3386246 4172536 5531786 4932644 6014832 5220717 4702857 4921377 3108003 2940278 
3281026 4590027 5193585 5122169 5772352 4225615 4337145 4549806 3120812 2281914 
3512512 4562121 6259197 6157520 5378325 6404490 4991751 5093715 3822823 2286501 
3209879 4237123 6251352 4692039 5467355 5176952 3712483 4741511 3194570 2615552 
2780925 4382261 5475883 5103239 5781085 6307315 5392508 5384773 4863661 2757443 
2760269 3388458 4727261 4964587 5369745 4819261 4652095 4139791 4093517 2485478 
2810019 3842256 4586626 5329743 5048849 5670489 5093374 4966425 3562043 2787712 
1799184 3635310 4803153 3954160 4998988 5060961 5148601 4244030 3007516 2482770 
2099055 4224936 4651109 5075982 4664256 3997889 4542447 3734851 3400984 2155787 
2644336 4023629 4973903 4752113 5049090 3521272 4123460 4612380 3015972 2402425 
3324639 4188687 5283739 5232084 5686914 4422916 4601131 4193201 2826507 2655950 
4015091 5022087 4441044 4963862 4616242 4736727 4161880 5473127 3955865 2403841 
3480881 4894732 4820804 4873911 5003917 5354471 6014023 5569864 4074549 3061989 
3689294 5294084 5401466 4769594 5513378 5343841 5687199 6921370 4859508 3380507 
2293380 4536395 4969451 6013804 4957930 6526604 5989447 6273850 5737439 3199062 
3501191 4462066 6051033 4249389 5766006 5163501 6253588 6442775 4842006 4063132 
3039070 3856082 5791682 5302953 5387152 7079679 5624651 6139681 5007935 3001301 
3836040 4958338 5505220 6295615 5138401 5863591 6243901 6017086 4964091 4364227 
3842907 4692955 5794930 5677396 5310073 5217713 5725630 5037437 4080457 2996711 
4344903 5370235 5186026 5795520 4575476 4905087 5640666 5576262 4856814 3174103 
3973729 6011767 6143234 5185603 5753628 4871274 4494391 6206178 3639792 3469249 
3515836 5539099 5269598 5178346 5647001 4590537 5074866 5798049 4609167 2692676 
3970277 5704504 5024211 5859435 5374159 5655237 5165089 5192415 4723204 2826866 
3998363 4342985 6092215 4702055 5285794 6415443 5482770 5357837 4479821 3408223 
3844706 5231896 5832593 5724853 5389497 6321462 5681861 5943847 4566397 2743257 
4057034 4587784 5248508 5892810 4145931 5937270 6147878 5441478 4149377 2852458 
3597374 3391153 5330944 5111796 5089459 5281501 5681465 5954516 3832784 2984660 
3248470 4294181 5169631 6352696 5187937 6099316 6244580 5298468 5075350 2965490 
2818568 4198957 5163799 4836571 5689243 5429369 5809153 5823123 4059704 3250253 
3293607 4068772 6249762 5340360 5813037 6612095 5895204 5829777 4171389 3475124 
4010033 5228616 5675335 5682168 5275225 5582771 5840856 5276291 3844867 3590637 
3412550 5614646 6820112 6010811 5865317 6477861 5886944 5738672 4620731 3236430 
4775659 5806771 5766097 6714460 5958438 4965674 6744555 5567747 4379497 3786893 
3164939 5035872 6384472 6197375 5944914 5414280 5114369 5602166 4260231 3155309 
3762994 4845911 5734101 6284106 6075896 5192358 6118094 6183752 4047371 3450388 
3419536 4944291 4934878 5644457 6379394 4974592 4488800 4500163 3289810 2247767 
3383910 4233608 5201135 6020041 5552415 5748397 5463539 5182022 4246582 2415133 
3136631 4446651 5093433 4683305 4594507 4887122 4756951 4618225 3386118 2457304 
2872567 4440638 5200464 6103510 5995835 4687121 5510102 4708611 3371496 3135947 
2892334 4472019 4871116 5404352 4939754 4651606 5738819 4672526 3634436 2920425 
3154261 4563835 5583026 5732369 4895390 4868223 4717906 4925111 3795059 2674954 
3109540 4351763 5451398 5507101 4671292 4155649 4309465 4809952 3462694 2954357 
3791130 5459936 5912096 5374885 5070366 4902099 3576279 4084600 3474078 2335319 
2888582 4820829 5790716 5252828 3830289 5805598 3745198 3827241 3917162 2084670 
3828949 4502518 5451489 5515565 4976246 4501609 4807880 3570963 3418778 2836564 
2591397 4104138 4433486 4472759 3529151 5123852 3927123 4340676 3738162 2552835 
2982182 4332345 5501066 5624151 5143035 5243433 5801261 5357919 3980428 2770706 
3756366 4693696 4330522 4424393 4770716 4160416 4488946 5782621 3922945 3696825 
2885728 4734258 5165307 5248444 5892754 6490231 6201440 5660894 5018617 3313180 
3993462 4985315 5743389 4913260 4648094 5289535 4538918 5158598 4456639 3083605 
2966896 4665784 5551870 6302378 6643510 6865199 6220001 6658011 4272528 3193662 
2643681 4651902 5269739 5679620 5195176 6140960 4957122 5086584 4145280 2813559 
3390326 4878097 5642584 6226921 5736351 5556995 5086145 4376763 3857560 2331382 
2749859 3440300 4684603 4911668 5290755 4985400 5184909 4754716 3274804 2194471 
2669125 4653870 5119112 4446640 4492180 4506262 4577586 3777553 3475343 3002119 
2363356 3773978 3583759 3610138 4408781 4145989 5511765 5642021 3530786 3382567 
2867282 3876468 5514004 3881236 4927642 4021304 4769881 5538822 3624293 3354566 
3186607 3649074 3219059 3581266 3834459 4415418 5369077 5322042 4820734 3798408 
2810018 3562165 4598581 4749110 4317181 4590772 4584638 5554396 4306834 3572994 
3686999 4079198 4839241 4155910 4556615 4001182 4048428 5681616 3576590 3212183 
2196627 5253836 4709399 4284445 4859827 3619517 4289566 4239025 4242080 2832881 
3522312 4775427 5721255 4305968 3913773 3097415 3864658 3923337 3281364 2857019 
3218679 3789923 5631517 5027302 4004169 4642050 3884527 4662470 4022687 3365630 
3709719 4188846 5371878 4594504 4601851 3854342 4096935 4964469 3842073 2416832 
2973919 3855922 4267072 4088878 4849675 4102582 4641942 5620811 3662213 3222613 
3180323 4857287 4417307 5066184 4419202 4611290 5317286 5150497 4309250 2751345 
2153525 3790216 4960110 4391588 5005523 4891394 5308404 5594374 4637999 3020220 
2700565 4480525 5474020 4350715 5453605 5453413 5279830 5270989 4028383 3220978 
2957689 4441447 5060374 4328075 5473477 5572318 5188058 5080491 4171312 2579902 
3714413 4297590 5544361 5029019 5248974 5847447 6258876 6379324 4359425 3074049 
3305619 4563665 4697937 5244193 4825855 5796653 5828870 4790538 4332328 2218552 
3174937 4321290 4493788 4905018 5009440 6029201 6722395 5875966 4365844 3510042 
3039076 3996957 4673133 5352647 5337889 5851568 6016648 4592837 3689533 2496306 
3005159 4032034 4573106 4423500 5194131 4740240 5568977 4922754 3340554 2583769 
2500209 4390208 4460767 5392508 4731292 4836044 4362461 4483784 2346326 2714799 
3842016 5083606 6129723 5149689 5504431 5061770 4014193 4243900 3570949 2104282 
3818832 5349629 6281775 5763229 5678610 5601389 4169268 4632877 3518322 2255275 
4026665 5553848 6079098 5812268 5777041 5273656 5027068 5370768 4076622 2439739 
4364843 5380544 6341451 5806609 5842547 5805627 4689754 5880540 4927189 2574262 
3317270 5593055 5175372 6156194 5436050 6711445 6319734 5711425 4663567 3626783 
4515981 5265682 6639399 5592995 6494992 6109333 6156402 5485337 4819370 2637900 
3275964 4665675 5671525 4318951 5473053 6314294 6051199 5930336 4456974 3800757 
3211282 5542461 5599859 6816296 6075103 6423678 6231073 6137192 4431351 3050145 
3923660 3731128 6213291 5221472 4756129 5629012 5267945 5536122 4581230 2780196 
3606949 4042580 5340104 5661216 5420766 5626139 5234010 5506182 3791053 2791366 
3972202 4654649 5672980 5771904 4516995 4888904 4499787 4382479 4463202 2315317 
3487831 4172883 5192825 4707645 4473127 5362070 4293599 4616439 3805284 3108952 
3175080 4404247 4620901 5305784 4713620 3543936 4778949 3892227 3130666 2693575 
3146935 4377275 5700058 4986907 4962592 4819792 4417340 4736106 3192309 2527718 
2942641 4189626 5331097 5206474 4907562 5243388 4746255 4841545 3026143 2278816 
2706958 5053983 4396136 4857993 5592265 4099857 4702179 5157724 2998660 2279869 
3663368 5272647 5441876 5153097 4748806 5241206 3746904 4016504 3370730 1616406 
3133985 4939654 5902834 4724050 5320492 3871102 4273268 3875604 3378669 2089726 
4109834 5291549 5695145 5318768 6176351 4828824 3952471 4481739 2796235 2301907 
3494110 4542141 4842807 5718019 5547432 5698330 4944537 4465453 3082010 2686085 
4479442 5818135 5544560 6038054 5814504 4989106 5901300 5814262 3439256 2458223 
3852043 4980883 6197337 5755910 5858184 6209387 5991953 6022036 4362260 2856754 
3546236 4947213 5582117 5864223 5691119 5504428 5697509 5688660 4828461 3271401 
2995586 5102193 5169050 4495795 5743069 6099359 6251844 5641260 5273636 3261246 
2647486 3144277 4771248 4789607 4061371 5601857 4964630 5117061 3838772 2937490 
2937377 2819028 4111843 3952248 3737651 4012248 5452034 5460569 3802761 3024227 
2395241 2983718 3275636 4093146 3495157 4126033 4202145 4807063 3664939 2825871 
3927795 4586698 3945719 4082582 3661301 3887760 4359743 4828936 3972163 3073426 
3510267 3757469 5032137 3928907 4372558 4065616 4324452 5431228 3911831 3375529 
3670724 5425982 5244994 6151035 4872380 4221254 4387043 4715808 3668303 2490772 
3356084 4799060 6036496 5554964 5997234 4731492 5234022 5037593 3425743 3141968 
3750263 4989550 5773281 5998137 6384315 5312410 4962322 4114095 2660321 2475290 
2912364 5031985 4899655 5738766 6625584 5644774 5052498 5814101 4255204 2492119 
2904607 4098274 5938142 5222274 6086921 5182222 5648454 5546919 4077119 3041300 
2953128 4653475 5422579 4551983 4658494 5322603 5388058 5170833 4531313 4013033 
2948037 3418465 5704046 5069644 4956378 5789993 5058681 5895365 5194227 2738225 
3107752 3794189 4752382 5379797 4630083 5090250 5574700 6254103 4599891 3226736 
3258314 4820564 4791094 5475396 6062111 5884076 6374810 6322770 4910092 3987952 
3688025 4202160 5327428 4282188 4666996 5417391 5120604 5284624 4827560 2883765 
3437397 6147915 5891135 5878605 6354070 6186231 6958073 6506451 4940757 3640325 
3944345 4993572 5242192 4951849 5475596 5170138 6135187 6604036 4351082 4014895 
4579125 4802255 6349945 6573443 6361778 6345737 6600361 7078905 5121857 3730200 
3077209 5330541 5603489 5830483 5790816 4975789 5929295 5639338 4689348 3302071 
3608259 5527793 6382134 5966982 5763054 6480058 5093764 6514501 5206650 3610495 
2650149 4399230 5890001 5487852 5740952 5511613 4705649 4997702 3881307 3058610 
2276481 4881428 5646534 5630189 4864425 5309033 5349303 5207215 4308154 3298477 
2324319 3275210 5209031 5258079 4522821 5871709 4252456 4935811 4554855 2751399 
3123557 4243233 5219382 4509348 5479637 4806001 4904963 5348039 4400484 4031962 
2877437 4212163 5240448 4942841 5713294 5329057 5205357 4815827 3662878 2868340 
3158997 4789916 5215343 5587340 4718826 6329723 5266399 5826485 4875638 2936191 
1930728 3425334 5034000 5315181 6132270 5971809 5918743 6193458 3257625 3195358 
2046557 3464966 5273925 4483051 4666929 5804883 5401980 5262504 5102339 2963782 
2677658 3358950 4583039 6151378 5898909 5026911 6141289 4025030 3743424 2779611 
2720226 3375355 4380213 4903130 4142292 5619882 4014618 5948578 3497800 2754427 
3163469 4219310 5281694 4865064 5013572 4819526 5286856 3691745 3739730 3040792 
2922745 5368627 5304095 4736944 5029461 4717670 4285099 3953024 3293246 2728988 
3746774 4814166 6043250 5557815 4626169 5872288 4080713 3306041 3504534 1588947 
2898464 4749388 6205123 4609932 5521494 4972970 4890268 4687548 2669398 3277356 
2450236 5031275 5395857 5390629 4986910 4468713 4763920 4128998 3165738 1914413 
2741577 4278015 4804896 5716900 4659722 4444048 4988550 3655681 2821356 2424567 
1941729 3250474 5080988 4649219 5643237 5487680 3854137 4989752 3128891 2590688 
2293789 3898305 4645888 4739316 5655306 4074530 4971886 4429026 3914416 1947845 
2554836 3602382 4059255 5546521 5705480 4866912 5241809 6168620 3160574 3465908 
3620798 3969952 4656128 5267545 5620576 6087589 5100668 5206107 4641153 2306318 
2818759 3841062 4485863 4889445 5624380 5281677 5857852 6156316 5093748 3004795 
3309073 5411293 5218223 5165552 5826647 6755096 5332607 6238372 4203508 3113128 
2892338 4112254 4785809 4818883 5588997 5082338 4887845 5253640 4361757 2784913 
3796494 4484657 5607997 5298078 5347385 5318057 5523275 4818285 3973641 2325576 
2636855 3866426 4909160 4956105 5058339 4771098 4750265 4001059 2932106 2667870 
3134124 4571634 5118044 5324323 5076656 5485318 5095328 4080792 3386282 1918037 
2789685 4201331 5243541 5450613 5610509 5184745 5309659 4737584 2707198 2543212 
2584892 4055534 5837319 4959300 6273256 5700562 5593681 5142483 2982966 2069101 
3492069 3906876 5788739 6250294 5163517 6656735 6607799 5023545 4554582 3064246 
3791211 4275297 5838329 6555957 5986962 6756006 6388683 5619853 3986097 3346781 
3537542 4657353 6249831 6352847 5524009 5176742 6300918 6026496 4276316 3235589 
4265140 5213397 5809737 6769227 5621266 4646696 5710644 5202854 4302738 3120315 
3287769 5286339 6372594 6086908 6127381 5668819 4596481 5045957 4347272 2952795 
3496887 5524755 6420864 5746344 6066270 5554593 5633042 4923836 4023716 3198712 
3926926 5639812 6056825 6936796 5859623 6307408 5464484 5482599 3340417 2469010 
2953744 4444008 6191552 6455174 6426352 6892120 6833813 6212796 4828596 3502860 
3927646 5273133 5495698 5761957 6139777 5890532 5902084 5621917 3943454 2952479 
2583756 4662191 5425716 6132558 6087388 6607417 6324235 5819392 4302690 3225567 
4004526 4054618 5343381 5426692 5392811 4991706 4901634 5802881 3197740 2663440 
3109252 4324235 5116928 5670331 5192040 4758364 5048867 4353649 3837649 2619298 
3403037 3950143 5361802 4414288 4484387 4425253 4633037 4211624 2959539 2891858 
4056264 4187134 5231301 6315928 4493496 4497197 4514182 4884390 3982384 1960872 
2791506 3841261 4687126 4518751 5014946 3431761 3849594 5184231 3221282 2961928 
3323325 4138685 5505506 4343151 5268308 5050949 4134771 5000929 3779230 2342616 
3393404 4231475 3806789 4498060 5127187 4535971 5094425 4197654 4145751 2332928 
2619477 4557817 5101860 3967701 4703909 6239088 4806116 5939959 4540954 3463477 
4007388 4258390 5588207 4199939 4063015 5278636 4989842 3865934 4537065 2267739 
2658113 5038157 5031656 4571557 5967782 5124116 5440215 6399966 4064944 3137912 
3593622 4745073 4977701 5221480 3956009 5657444 4991758 4951461 4322935 2177267 
3433565 5087929 5614230 4483418 5050827 4789942 4389171 4230163 3808480 2349033 
3256672 4602986 5501285 5068952 5224742 5826469 4197908 5033907 3514316 2279070 
3316996 4628895 5424833 5592021 5065460 4784033 4969969 3436147 3347144 2343718 
2935797 3986551 5247916 4797519 5663180 6121195 4217925 5648458 2912080 2527472 
3029958 4552725 5747778 6508539 5190473 6104384 5208460 4150926 3632799 2251452 
3066379 4191101 5319641 5522181 6607483 5655936 5632847 5341702 4243121 3102926 
3487545 5151994 5648069 5732416 6621491 6124210 4988099 5767049 4449004 2620019 
4066945 4773480 5931405 5929073 5264408 5121595 6026038 5432915 4018558 3001596 
3509748 5828473 5886909 5426891 5840832 5375559 5544413 6232371 4598693 3420546 
3796047 4310190 5669762 4643470 4380804 4751251 3966643 4899201 4386696 2737758 
3131978 4139050 4934898 5467169 4746658 4716612 5760531 5314174 4719403 3149006 
3009721 3742787 4676025 3918097 4646518 4581422 3790778 5216720 3725535 2940203 
3451721 3509959 3632274 5086017 3296977 4582395 5361329 5607949 4145680 3422286 
3855382 4094589 4315624 4194283 4461039 3187169 4622982 4601055 3742048 2298757 
3626549 5328028 4826853 4137270 3345825 4167917 3632229 6019129 3988164 3281700 
4438819 5533604 5396031 5107624 3866139 3695588 4239855 4114907 3754821 2938918 
3851636 4829050 5891523 4143536 4031601 4153822 3689579 4468044 3792721 3149129 
3980550 4666004 5711613 5256658 3536758 5009092 3853209 4803759 3922934 2399921 
3592555 4517843 4356593 4229160 3959735 3247363 4814054 4352799 3519111 3421786 
3809764 5048878 5396582 4365239 4383446 4174514 3980705 4984190 3561909 2858725 
4081280 5305758 5356051 5017879 4656636 3693273 4113396 4256159 3557173 2501531 
3541306 5445659 5948554 4709407 5349577 4649968 3912132 4900998 3620271 2412284 
4378721 5698811 6321528 5600416 5500518 4972371 4144663 4209189 3657372 2793156 
3738283 6343341 5861450 5458822 6495880 5954630 4766109 5299404 3630497 2280948 
3949292 6062632 6405169 6057828 6080230 6278563 6069999 4877125 4651201 1954211 
3789262 5054318 6137117 4623822 5219867 6305783 5013022 5328880 3992619 2823595 
3794974 5008401 5681292 5981993 5404227 6084445 4989239 5591947 3773558 2160282 
3636987 4149639 5603097 5404272 4675937 5512058 5142596 3690969 3960802 2103952 
3538907 4834974 4398960 5956427 5805406 5868305 6022324 4670653 3611258 3096175 
2512811 4263610 4266712 4891625 4029607 5191821 4545280 4690485 3609382 2406302 
3451454 3991604 4452395 5332070 5639570 4993449 6413262 5953219 3263435 3241019 
2661869 3698990 4555477 3597173 4676961 3884929 5960594 5204666 3860739 3203592 
3594882 4556604 5000723 5754679 4941588 5675709 6107484 5532257 4755346 3318826 
3303315 4102255 4431861 5695029 5163996 3920868 5164677 5634484 3243952 3456825 
3778674 4552139 4892572 5363059 5498086 4530601 6466386 5336888 3442335 3180416 
3123417 4232894 4743193 5082654 4904388 4987066 5288124 5769811 3625540 2920994 
4057277 4936854 4531729 5446879 5536909 4347825 5163604 5659895 4257148 2674146 
3206214 4000953 5127971 4416581 4761820 5408797 5212429 5404685 4463379 3556158 
2997175 4060313 4945305 4999525 4756977 5637380 4917483 4506635 4033972 2384253 
3646517 3900382 5512813 5741660 5230246 5570605 5929859 4856599 4270551 2595813 
2442068 3733723 4976588 5809758 5622166 6076732 5512199 4358723 3183556 2369916 
3276742 3647307 4350987 5590078 5483996 6215308 5220531 4294098 3919976 1682571 
2239841 3620605 4172403 4981869 5897434 5721748 5880961 4935375 3032872 2575176 
2492040 4329672 4808509 3750836 6044811 5251645 5820000 4904661 3616431 2577039 
2565785 3963118 5064509 5538291 4709699 6638986 5342953 4812185 4393458 2184089 
2798390 5096385 5118819 4524509 4907185 5238109 5284678 5741534 3757178 2648483 
3275135 4592763 6018059 5225196 5846076 6692812 6338306 5487874 4291393 2956263 
3959283 4520543 5971343 4664438 5451348 5509955 5834768 4920589 3991860 2365426 
2889497 3938343 5507305 4777862 5745458 5677138 5855613 5539339 3589238 2679707 
3067770 4808913 5748390 5782558 4839943 5487495 4809617 5625869 3493598 2376810 
3475109 4458389 5712546 4830155 4944009 5076774 4357188 4988664 3305954 2587595 
3867609 4340221 5653654 6160537 5436311 5424971 5040623 4807786 3729729 2223697 
3825427 4956746 5682697 4768737 5745455 4110741 5264804 4495177 3707763 2515222 
3671354 5638313 4801604 5958205 5592517 6082065 5131536 5276937 3933488 2554876 
3280220 5844694 4750004 5341858 5154939 5450796 5779090 4981109 4073200 3016403 
2930591 4198735 5119666 4541878 5146617 4929661 5219177 5126519 3863454 2712999 
2287455 3740172 4419560 3865298 4229193 4158032 4815338 4736231 4365133 2525095 
2370484 3175065 3427028 4454743 4057650 4299673 4810533 4441567 2882882 2879190 
3384379 4372108 3916360 4518206 4442404 4260741 4147619 5222760 3107052 2281877 
3401467 3762373 4144487 4574127 4762766 4635968 4549394 5075457 3141054 2182827 
3854737 4962064 5074045 4777185 5268103 4515231 4937806 5017112 3521917 2864835 
3232510 5430759 5955560 4901338 5272926 4798733 5235702 5626538 4636752 3424786 
4374237 5311667 5968598 5967871 5193325 5230248 5626680 5009892 3988101 3174267 
4170626 4773747 5155923 5455063 4374593 4111906 4644481 5469957 4043668 3776849 
3694826 5284169 6031883 5142380 5036578 4806314 5831762 5241293 4772384 3153120 
4178341 5430154 5048397 5283490 3744245 3488864 4167340 5312303 3461366 3718261 
3362169 5257212 4942674 4896950 4672011 4400545 3780355 5383802 4502227 2746362 
3031573 4758665 5816223 4576366 4598914 4207642 4658899 4846480 4815563 3242240 
3393779 5270795 3958502 4457396 4549474 5383372 5256760 6261127 4484334 3937910 
3573246 3630208 5369960 4636969 4681771 4887703 4968839 5758088 4480185 3159833 
3493311 5027080 5332589 4850888 5178529 4310506 6050348 5145721 4541188 3052448 
3437951 6264565 4987468 6105718 5443605 5195825 5064124 5889348 4040810 3345145 
4312996 4903466 5374419 5715313 5350931 4952212 4899647 5187225 4065478 2890702 
3683868 5187664 6146575 4619885 5550981 4005218 4167339 4391274 3079874 2358755 
3013167 4835257 5673146 6066935 5697869 6076446 5768080 6715009 4016493 3158995 
3186499 3438696 4691261 4374048 4033872 4893393 4921153 4667850 4530963 2954205 
3411444 3749151 4281492 5297710 4793186 5221849 5689758 6763478 5112312 4261211 
3037153 3840840 4402465 4216164 3602687 4248357 4661281 5434798 4284907 3463847 
3100896 3966265 4444973 4972099 4902011 5022168 6772847 7054600 5464932 4266240 
3098788 4725981 3691545 5190194 4130531 4099383 6002709 7048608 5442292 3934224 
3689729 4111024 5206117 4476497 6060449 4703884 6654904 7146318 5214392 4356568 
3687343 4828086 3925915 5272717 5250613 5340811 5395611 6372671 4715244 3907308 
3149536 5240076 3889126 5308600 5700008 5131033 5719036 6098810 4834009 2951776 
4215759 3902608 6219220 4423620 5293883 4708751 4624377 5895439 3724116 3399600 
3376804 5217856 4578455 6107257 5015043 5245239 5806666 4553849 3281357 2978174 
3609711 4605848 5427330 5635582 4406442 4970915 4989430 4844420 4310600 2034403 
3933493 4792336 5819726 6099430 5961592 5352359 5259974 5584484 3379989 3265560 
3486827 4721036 5113896 5381851 5068496 4572642 4703220 4409638 4390915 2661240 
3740676 5893275 6158138 5825711 5774452 5055605 5880913 4602001 3936903 2979766 
4099909 4311630 6428301 4723729 4837445 5041789 4628887 5189138 3130105 2639790 
4447635 5620258 6181717 6297480 5164270 5737391 5726580 5315717 4709912 2909761 
3658964 4926895 5979414 4007776 6280507 5106358 4192501 5477737 2812140 2294345 
3831733 4478023 5879245 5815053 5365160 5626429 5860525 5955061 4459527 3312977 
3383114 5184347 4905239 5958448 5895697 4994318 5728719 5373604 3733395 2831806 
3590270 4611060 6729129 5769450 6034294 6390764 5579513 6819757 5074233 3387359 
3989146 5700800 5745761 5722216 6349698 6023994 5599534 5982569 4325653 3375437 
3911975 5005027 5693923 6061814 5633328 6520441 6116028 5691107 5739439 2984826 
3623393 5288035 6053912 5971033 6777556 6270156 6805544 5461139 5017756 3350577 
3690637 5181319 6210710 5576888 6196406 6205182 5679591 5763152 4111195 3135219 
3048015 5155764 5735579 5267235 5931678 5755562 5326194 4147105 3843155 1911856 
3465117 4076597 5922284 5146683 5052082 5247457 4910018 5187646 3388551 2752284 
3611219 4386995 5077650 5667274 4203326 5832509 4376837 4720660 3603827 2112385 
3333745 3871674 4321355 5063074 4461166 4769396 5529145 4674938 4600598 3090080 
3618573 3852446 3687846 5107978 4183958 4447558 5093170 4295913 4002794 3177906 
2171654 3719682 4324132 4437204 4557654 5448022 5993679 6377467 4469098 3762103 
3166408 4021139 5105446 5083572 4330546 5226822 5723166 5101654 3984628 3248302 
3394696 4382478 5392265 5294455 5513496 6087008 5661111 5950946 4591201 3136344 
3595944 4527750 6120810 4811588 4349745 5391042 5161466 5183778 4072535 2704285 
4148030 6273646 6711392 6198705 5399689 5905618 5666820 4592138 4406450 2957479 
3868116 5570992 6357783 6327642 5151441 5384973 4621824 4190048 3823834 2466786 
3846317 5569063 6299067 5621530 5689314 4743419 4321400 4745894 2958072 2256196 
4196835 5629719 5969059 5832022 6170187 4895176 4139709 4090223 3744137 2312815 
3617660 4536276 5213308 5127520 5041677 5041123 4924881 3784175 3317074 2125990 
3855144 4913050 5678594 5123348 4961699 5180255 4010672 4645476 2235650 2648650 
3138182 4426904 3862568 3823768 3502215 4326385 4771128 3726705 3996992 2086352 
3816598 4805926 5411866 4344659 5211078 4255746 4766359 5128005 3757008 3109293 
3463232 3730230 5221076 4148531 3474616 4438998 4118683 5641665 3419888 3164538 
2826063 4496997 5970656 4737025 4299563 4713576 5174032 5141493 4644173 2948937 
2523520 4043366 4569316 5349441 5102232 5494995 5103595 5984849 4611691 3454486 
2979201 4103167 5552916 5203879 5491932 5222078 4648126 6420285 4921628 3568580 
2515056 3981456 5051066 5438946 6520662 6296728 6005395 5966001 5086332 2999084 
2781307 5440037 5848146 5675671 6091981 5336652 5015995 5982186 4992173 3313150 
2761432 4521464 5536948 5842082 6119379 7045156 5762690 6294072 4681017 3533273 
3635235 5257088 5729890 5852758 6372087 6012369 5128146 5100768 4647149 2730347 
2771897 4146200 6299516 5602352 6527749 5758669 5950367 5314447 3951159 2764055 
3608805 4344303 5641418 6486543 5045946 6203005 5675185 5550711 3070420 3366964 
2476017 4359413 4844770 6329946 6113950 5452899 6100898 4997401 4191158 2574751 
2697547 4550377 5071604 4866822 5324073 4721014 4726079 5314282 3466409 2503553 
2593258 4990127 4214447 5299630 5229313 4664980 5176894 5502581 3777327 3497966 
3348928 4274886 5178457 4659655 5105469 4331735 4355975 4849333 4581586 2465121 
3116582 5139518 5482516 5111392 4995767 4748297 3651169 6093854 4033812 3071985 
3299848 5199698 4610985 5304678 4705882 4679869 5294544 4837944 3828334 3431501 
3232824 5012020 5398089 4946107 5229160 4388640 4254279 5580078 4214740 2709776 
3397317 4076097 4756485 4588245 5027977 4300926 4435763 6457688 3942922 2807291 
3367682 4107895 4511500 4772027 4686185 3617978 4366114 4896967 3269819 3243534 
2996387 4170525 4397472 3547616 4664414 4804851 3671875 5741371 3684578 2800910 
3548223 3505509 4624195 4622350 3896759 3970706 4944261 4549377 4543096 2631028 
4190247 5244757 4995455 4975044 5170934 4723263 4225298 5702562 4421030 3220125 
4216056 4234513 5970258 6145619 4937622 6132756 5179356 5859185 4709417 3288535 
4829299 6072186 5762207 5772137 6528695 5155263 6342321 5592643 5017486 3344281 
3857669 5803482 5826083 6695184 6556465 7078939 6060529 6470495 5341997 2891587 
4396844 5049648 5891372 6771815 6106275 6096698 5862848 6536776 4326813 3192746 
2586465 4807107 5142664 5528411 6167260 5998182 6326881 6258720 4690123 3720330 
3099550 3967820 4381481 4881845 4721468 5210661 5738953 4653585 4743658 3058846 
2578352 4257951 4390436 4265800 5271640 4949597 5148783 6663313 4249797 3704088 
2913525 4332927 4613850 4184523 3873798 4307442 5490151 6461069 4367008 3625620 
3566932 4637507 5361100 4505458 4957447 5021804 4985299 5979254 5125167 3527514 
3810433 5402486 5397088 5054776 5943552 5500312 5766839 7147978 5261697 3609142 
4286459 5682757 5844378 6180508 5875253 5710575 5475131 6064504 4925457 3297432 
4254389 4369255 6720264 6521293 6163567 6038110 6000365 6248855 4708854 3341036 
2854710 4691130 5082722 5571173 5964939 5764720 6125211 5895678 4514573 3169490 
3622159 3870757 5657726 5759007 5888067 6081979 6208774 6186412 4358493 3640547 
3222832 3892955 4176141 5404453 4660677 6001312 6939403 6025786 4639564 3521362 
2890088 4670918 5013934 5372470 6128234 4918181 6343143 5896083 4713430 3556805 
2691859 3766010 3933933 4239551 3896768 5661541 5546668 5918530 4699338 3981285 
2508525 4475454 4860074 4489438 6100506 4497788 5436454 5260683 4055603 3160321 
2737730 3196538 5024080 3950717 4234841 5629948 4731332 5341504 4699115 2675334 
2946244 3675827 4315101 4564862 4123324 4856557 5164562 4827809 3600785 3594973 
3287885 3231841 4720343 4354148 4673763 4975795 4881015 4958460 4326729 2023437 
3154793 3864011 4409546 6133950 3693458 5245119 4858901 4067701 3861794 2807505 
2876800 4004853 5216375 4353377 5641524 5668674 5629656 5850381 3581151 3083050 
2727997 3894973 4940772 5162818 4636022 4929027 6084513 3802373 4196725 2590911 
3568694 4760667 4409404 5216414 5408034 6170144 6809357 6673248 4730867 3761819 
3620561 3941020 4965184 4420567 4766079 5070844 5433476 5783314 4435774 3113277 
3552224 5386781 5504096 4315341 5738102 5941533 6190914 6183637 5054104 3283321 
3388605 4542028 4332960 3920160 4550362 5372952 5743038 5176531 4516031 2942196 
3950602 5463055 5732855 5208275 5008701 6477590 5918237 5375830 4494156 2916765 
3307376 3178417 5754448 4137279 3844498 5601917 5425437 3919002 4077061 2544211 
3672357 4796589 5330823 4936708 4314056 4519482 5477501 5097522 3704703 3261680 
3162686 4737528 5015767 4750514 3675875 3951408 4730515 4262809 3429631 2806611 
5110968 5586197 5114398 5195730 3425218 4162182 4556934 4597143 4160084 3407269 
3982262 4556368 5940117 4750067 4251864 4617872 4220515 5224733 4212806 2778293 
4246546 5089898 5151297 4793051 4638913 3691672 4467199 5327868 4546618 3029956 
3330240 5038120 4396208 5338989 4426939 5575301 5206839 5310103 4648029 3027958 
3357925 3976849 4860856 4504878 5283892 5459198 5300935 5897777 4300560 3145605 
2132105 4090146 3423004 3944365 5440907 5490902 5161424 6249494 5084806 3011920 
2593775 4355227 4449064 4281466 5129563 5279800 5816819 6629246 5233549 3535554 
2265407 3749095 4490832 3249701 5005161 5671037 4756025 7174626 5163656 3971586 
2901633 5034688 5095152 5200012 5154166 5859271 5533194 5820426 5490084 3778986 
2437284 3561795 4987123 5366300 4523786 6327424 5992322 6084783 5321651 3322618 
3339613 5111644 5680812 5376826 5481609 5879875 5090044 5571601 4598815 3675392 
3230862 4082636 4947818 5192654 5029237 5328377 5244153 5852314 4044560 3138310 
3261692 4015923 5627944 4698588 4702575 4408210 4871895 4521480 4051733 2920489 
2934220 4981342 4631979 4712774 4200255 4545813 3688574 4850450 3289391 3076213 
3405447 3909116 5527854 4535138 4683760 4818936 4937668 4609870 3993118 3262620 
2939872 4460178 5809640 4470170 4061494 4499679 4225296 4127103 3943333 2953008 
3477393 4640700 5828639 6002961 4633276 4827784 5128299 4994770 3417137 2799746 
3699991 4211157 6469249 5896191 5626747 4353645 4845739 4695894 3128581 2572755 
3970915 5486047 5563546 6221190 5354671 4751928 5193092 4527962 3871710 2663611 
3627652 5102713 6030100 5895651 5398176 4935693 4152536 4445073 2676414 2650390 
4702592 5332312 6796716 5118065 5795817 4496001 4334502 4974273 3621397 2580814 
3139117 5482955 6342175 5979647 5615099 5629616 4998988 4903944 3792782 3054902 
4351196 6190851 5984040 6294611 5357605 5426436 4702761 6176315 3946651 3544739 
4305007 5001841 6710206 6269283 6224125 6293455 5735378 5229339 5315106 2727271 
3633162 5631369 6615608 5627725 6518124 5926468 6165484 5976431 5093648 4120128 
3321805 5170440 5885635 5543673 5316682 6539098 5201356 5602455 4527513 3209283 
3212538 3854868 5581703 6018646 4740894 5979253 6649546 4701144 4897318 2982514 
3325942 4666395 5479552 5202649 5509501 5831723 6093592 5657820 4109119 3136910 
2986440 3896048 5359259 4834616 5141490 6054219 5995698 5091142 4620860 2932520 
2906564 5386382 5109832 5730626 5119748 5529669 6352098 4978611 4251634 3174346 
2861663 5057222 5514121 5347400 5813952 6771653 5307912 5386615 4138538 2778090 
4055066 4382920 6078228 5392624 5011218 6183915 5498291 4922365 4296840 2732270 
3328824 4370689 6090457 6155564 6282569 5517008 5805258 4744655 2953747 2672134 
2981804 4271412 4797522 5655506 4879788 5773207 5067808 5121226 3717315 2107399 
3510609 4756390 5586476 6775766 6716122 6333973 5896377 5100188 3202112 2630391 
3630862 4034816 4593546 5645887 6237900 5029150 5828118 5854889 3669358 2288330 
2909833 4785892 5736497 6187420 6373999 6550316 6875600 6521439 5005982 2993161 
2799438 4597750 4304735 5121865 6222270 5814931 6244469 6297800 4529374 3377817 
2325585 4136635 5184895 4860633 5678048 5871221 5236122 6470561 4755666 2956052 
2815570 5119904 4569674 4202472 5880980 5248273 5083183 5445120 3793036 2349855 
3673435 4393543 5812990 3833133 5642924 5210281 5289250 5714237 4166347 3141446 
3498653 4292724 4527814 4673674 3748936 5722987 4659186 4998856 4021400 2096375 
3811181 4793396 5563795 4289890 5064088 5035174 4231541 5369971 3786619 2821587 
3167616 3951819 4400428 5123852 4844429 5103836 5321039 4707464 3601467 2424403 
3546366 4742250 4502391 4461855 4439291 4263642 5989437 5111131 4806134 3314811 
2641638 3515170 4193668 4116174 5559123 4570899 4557044 5138647 3045599 2467561 
3311541 4354666 4125537 4884967 4096610 4755754 5195323 5467218 4061073 3065281 
2274436 4110691 4082351 3682839 4904136 4315550 5106817 4427666 3333144 2383269 
3842041 4670464 4485289 3234111 4273588 4364115 4452879 3896152 3577925 2408885 
3164208 5082501 4428316 4279338 3643572 4642008 4962875 4403782 3534992 2931044 
3338512 4902566 5693648 3470768 3922005 3951669 4442088 4089634 3185926 2573277 
4165420 5407155 4864510 5118062 3461932 3828904 4720204 4354985 4358778 3136968 
3534146 4929534 6317920 5114080 4404347 4987775 4931795 4846885 4050191 3071726 
4383855 5671013 6117362 6039012 4880549 5551336 5075541 6136354 4125900 3906230 
2621295 5173742 4759677 5800044 5348205 4882220 5335561 5342935 4731311 2695598 
4037009 4596794 6158092 5926341 5120979 5574716 5394823 5464513 4926520 3884564 
2418821 4821941 4566356 5087290 4999144 5534378 4082465 5312431 3914829 3535588 
3599091 4271871 4897422 4894039 5256859 4299840 4758630 5403861 4246807 2556324 
3220405 3481540 5453109 3922512 4266399 4395308 3485142 4279378 3344140 2645364 
2316336 3650976 5067023 4818346 4424790 6212031 4365068 5398720 4137059 2729088 
3025644 4145138 4638952 5399065 4257310 3953124 4660582 4814615 3915682 2558750 
2912447 3089466 4687846 4024142 4886327 5018857 5632654 5442461 4339758 3094190 
3325059 5040117 4080354 4777087 4604760 4872792 5041044 4672878 4214715 3107337 
3259950 3904180 3962198 3922823 3884276 4703830 4822625 6221531 4243694 3521101 
3357411 3519603 5674556 3867045 3904455 4751451 4065897 4312567 4151897 2398090 
2574964 4590712 4855870 4062924 4510999 3844998 4573247 4720779 4110913 3321883 
3633308 3477642 5145713 4813855 3656697 5688338 4130899 5135659 4088368 2542700 
3534673 3971644 5482888 5346854 5118364 5491046 4943336 4433969 3999015 2704576 
3495318 4199161 4972960 5683617 4954947 5024671 6110602 5301062 3452011 3163736 
3118044 4602686 5247892 6355680 4920394 5689531 6048435 5003621 4806942 2821233 
2885647 4518551 4997961 4612300 5958416 4403931 5695694 4957653 4420083 3837366 
3391642 5296693 3944465 5504841 4724857 4475840 5599338 5894744 3758779 3914180 
3404796 4944062 5595409 5072104 4670982 5336270 5852587 5035658 4551586 2689078 
4410107 5114276 6479616 5426008 4902073 5385086 5118683 7029294 4813132 4197694 
3634721 5446028 5917315 7037380 6150527 5454971 5888842 5857826 4477430 3137379 
4750393 4407854 6627304 6887996 5719724 6600551 6102496 5594896 5158573 3208878 
3716524 5197297 5904948 7896902 7096628 7116722 5884125 7082699 4742021 3803683 
3682063 4996891 5982949 6857399 7370005 7348068 6855654 6243221 5121324 3758552 
2589697 4483982 5412805 6769899 6449981 6617763 7281656 5290546 5029525 3477531 
2342081 3665553 5769355 5125531 6372859 6564407 6042857 6437619 3836202 3141459 
2126524 3151427 4923491 4869020 5610814 6904830 6104316 6136444 4767965 2975684 
2872122 3639759 4095168 4834899 5513859 4828431 6561833 5716461 4009077 3081107 
3388369 3142680 5120443 4880506 5013552 6452726 5794998 6552254 4308486 3185941 
3340381 4065670 4485983 5533485 4921257 5435748 6265762 6132512 5663602 2789455 
3328680 5227589 5231067 5509512 6858954 5520116 6529521 8263841 5195918 4543749 
3473563 4116058 5458010 5018744 5841442 5585563 5675669 6784044 5605075 3744696 
3791591 4705574 5184674 5697198 4943019 5315586 5913107 6139304 5561530 3758944 
3001272 4295790 4638645 4454108 4942894 5215748 4348999 6489598 4637106 3823741 
3594796 3750965 5044769 3855543 4219965 4609979 5125002 4980834 4818281 3667888 
3560900 4474817 3998254 4807350 4014568 4046715 5417574 5297278 4135550 3038834 
3316896 3818283 5343018 4354943 4696423 5082572 4412711 5538133 3603570 2844039 
3503789 4813948 4323199 5305447 4629157 4268155 4748523 5573094 3997525 3165011 
2821343 3839216 4210535 4132262 5398713 3767401 4728357 4500833 3591531 2025550 
3239187 4736529 5316752 5506274 3963357 4779295 4332766 4536949 3676833 2832996 
3058416 4757904 5434488 5269806 5929605 4884487 5159866 4697690 3661894 2169865 
3857172 4324653 5547570 5527685 5791563 5566813 4881569 5716775 3523133 2359164 
3828487 4644069 5748270 6323979 5559845 5783813 5133343 4838543 3153885 1919951 
4099404 5093534 5897704 5572440 7082987 6178749 6188590 5340019 4220854 2409756 
3068909 4339698 5977930 5751356 5414017 6435685 4126818 5087857 4021606 2339256 
2698215 4210706 4649706 4954217 4600237 5838587 5448107 5071834 4233811 2511719 
2700019 2696948 4963375 4558640 5059648 5134362 5146912 3813714 3337144 2970837 
3175788 4144457 3974325 4766053 3876152 6031382 5193602 4986368 4667421 2901810 
3425768 4833910 5651012 5028599 4805970 4726166 5152059 3767195 3429827 2589708 
3789515 5621790 5651731 4539773 4750980 4316857 4874837 4849209 3369799 3804730 
3567827 5877634 6238580 5347840 4779266 5171291 3714554 4285093 4014686 2079460 
3388551 4475207 5427967 4909570 3764848 4507676 4968999 4156725 3570249 3498553 
3294121 4042783 5426302 4431750 4870614 5480776 4071161 4426012 3765891 2461884 
2088459 3699529 4160377 3869647 4706368 5501757 6039175 5239466 4994595 3206114 
2277919 3109340 4458619 4614355 4791055 5978856 5720859 5437317 3990267 3160637 
1570406 4301654 4704829 4957974 5248532 6435592 6463794 6240144 4892662 3581022 
2231681 3366931 5304622 4110477 5876940 6600401 5867677 5787124 4109767 2342271 
2907295 5019405 5283399 4932540 5616768 5943043 5925243 5578336 5018597 3204812 
3845675 4447722 5598162 5239138 4965796 5374200 4823578 4703289 3475001 1988986 
4235146 5693080 5597252 5281280 5845989 5821114 5192759 5170415 4263459 2725786 
3931405 5370684 5597319 4829163 4982447 4772147 3910637 4857283 3324024 2286589 
3598682 5284146 5658197 4974085 5578041 5509716 5341287 5037252 4643363 2470039 
3621261 4608735 5769038 4952074 4333816 5194311 3980719 4869483 3333261 2721172 
3352111 4982478 5272372 5065309 4912096 5736998 5328393 4839895 4374067 2454738 
4529170 4682353 5434589 4819466 5516159 4953148 5042496 4741028 3602408 3089863 
3336104 4970515 5057465 5654923 4949162 4299899 5525334 4442686 3487330 2625495 
3127634 5229976 6296123 4898141 5317180 5793049 5413970 5796294 4533643 3109733 
3054588 3805756 5087909 5079202 5417171 4850700 4312154 5641214 4146664 3250633 
2258471 3252936 5109649 4719755 6153011 6166054 6379499 6639239 4803495 3395698 
2563453 4530388 4003122 5245418 5229196 5547773 4440933 5313430 4120282 2510063 
2375758 3495550 5341775 4307914 5943300 6571022 5493040 5368058 4483438 2708218 
2643708 3479930 4689349 4521852 4994786 5151593 4941133 4202973 3638928 2449158 
2137128 4983932 4256512 5410168 5188701 5128698 5139513 4837022 4163865 2694360 
3561195 4021343 5485857 4422075 3999928 4737609 3767461 3752434 2939236 2059117 
3228342 5290394 5259538 5724331 4758371 4903462 4873371 4120374 4311761 2524240 
3873674 6099142 5828576 5606861 5695916 4927060 4434772 4546621 3560496 2134820 
4534154 5511272 6557794 6778007 5928055 6334403 4687925 5506545 3498688 2992538 
4228971 6506743 6708892 7600195 7510806 6273785 5499573 4531001 3279908 1528672 
3366302 4660624 5908447 6145931 6174429 6599380 6758644 5484197 3546323 3104149 
3514330 4798156 5932454 6650755 7342005 7276660 6133673 6071177 4045502 2834251 
2739840 4576842 4763442 5592392 6230877 5775834 6167312 5935337 3886003 2760612 
3218577 5407177 5987205 6201578 7315012 5981839 5940817 5766134 3573180 2997297 
2815319 3960594 4781886 5922421 6185977 5491757 5626175 5095164 4027013 2632244 
2607294 4466233 4431908 4335934 6137759 5606343 4754373 6009194 4365628 2291678 
2477554 3944549 4689105 4369335 5432706 4709652 5649162 5600355 3292864 3188028 
2831465 4682597 4697780 3696514 4515373 4765324 4547410 5777141 3809332 2824499 
3333012 3623688 3867741 4104615 4334115 4671973 5989948 4943013 4732242 2986097 
4153044 4629437 5272880 4900806 4615416 4577512 4840843 5996328 4507557 3681502 
4086573 4970729 5046421 5347953 4920711 4601764 5327559 6228475 4063982 3486186 
4068379 5809586 6269011 5682526 5179578 5246224 4369021 4460162 4753930 2817028 
3473250 5024573 5818471 4596810 5045446 4279471 4212475 5148557 4491882 2751708 
4147479 5886754 5948299 6202821 5455116 5674747 4496127 5276956 3871273 3227237 
3508761 5320106 5011098 4143493 4606901 5045482 4919605 4144923 4638029 3018183 
3803464 5026456 6730288 5079585 5518771 6028784 4900544 5832922 3994494 2551653 
3069314 4515696 4842123 5169262 3963521 4369411 6014619 5073187 4175235 3642463 
3516422 4586324 6237757 5247266 6063732 4963662 5830296 5024576 4432399 3389555 
2925567 3655508 3988305 4598098 3603815 5093220 4512990 4951093 4419283 2735599 
2726308 4649554 4526458 4457369 5321822 4141139 4671035 5910860 3278334 3627442 
2078986 3941587 5006688 3759413 4135296 4478878 4277144 4900840 4236595 2379180 
1732437 4606683 4651498 4737572 4357721 5317997 4678280 4652407 4147842 2977562 
2555209 4171762 6059961 5186700 4642367 5747937 5252370 4928452 4033827 3423046 
2466575 3839457 5640141 5607875 5755858 5970689 5574105 4338566 4134646 2541594 
3452036 4918685 5956776 6139987 5590543 6055089 4826799 5965738 3617224 2898817 
3414807 4006859 5097868 6344045 6092926 5786309 6147199 4301524 3433543 2516118 
3652241 4203657 4815287 5740732 5094609 5407817 5660386 5661397 3680653 3076530 
2628851 3968557 4817734 5228130 4793497 5468852 5472679 5282956 3388397 2336202 
3719938 4086893 4428110 5175005 5374279 4192951 5864225 5951893 4369318 3815823 
3117872 4226263 4944221 5362775 6118255 5392702 4957521 6442950 4878131 3206751 
3343426 4015926 4495937 5446529 4943473 4860860 6351744 6733956 4779326 4469534 
3564038 5755671 5226369 5296197 6103108 5841731 5604988 6611208 5017879 3225304 
4255542 5001660 6271879 5152486 5908614 5299271 5547182 6747745 5889372 3410487 
4567361 6186942 6373326 6174296 6205552 5335521 5294320 5981887 3959481 3331778 
3502017 5330227 5776416 5297175 4999014 5717998 4466513 4837340 4007000 3004425 
3998551 5099400 5933284 5645613 5085167 5334447 6175116 4163466 4336802 2757124 
3015221 3982512 5440861 5774783 4110844 4262871 4323316 4384524 3026558 2837112 
3500336 4286803 5542562 5434454 5426537 5363240 5303348 5182424 3407445 2764797 
2438175 4053982 4420730 5732614 4182227 4509351 4790960 3694280 3279295 2587158 
3549387 4553841 4727591 6233776 6229135 5728019 5873930 5327414 3168898 2832779 
2693791 3850086 5014798 4848770 5442460 5529430 5746315 5244965 3916132 2788936 
2578626 4295980 5157220 6046657 5431578 6567043 7186258 6362120 5104893 3610319 
2748446 4501328 4996156 4769052 5702078 5396832 5263528 6475794 4579693 3640903 
2650773 3620638 5508368 5383850 5593725 5622328 6260517 6376993 5314439 3650353 
2988407 4326439 4995174 5757790 5797914 6158474 6217585 5110268 4120242 3591909 
2864358 4350225 5284853 4868606 5610743 5911995 5437137 6236682 4640624 3719062 
2842542 4561942 5820778 5221258 6353310 6056925 5551999 5451961 4000069 2990213 
2805609 4883699 6264995 6125782 5261931 5711093 5217163 5018322 4108480 3662316 
2345273 4398522 5153080 5994209 6902259 6738777 5308960 5811552 4568632 2621759 
3096019 4646845 6547266 5078284 5636046 5883468 5502004 4833534 4123495 3366489 
2946221 4250900 5170938 5439191 4744626 5648644 6381697 5104654 4227890 3116856 
3626460 4537212 6089983 5772631 5155116 4514786 4972523 5383079 4092434 3119486 
3160231 4048630 5668025 5699587 5350525 4641856 6146655 5920188 3999758 3755172 
2579064 5411439 4918245 6243328 5448509 4302559 5631959 5112279 4259192 3095342 
3955161 4248627 5232063 6163170 6134775 5025372 5709725 6596466 3635158 3402058 
3051525 3522017 4371499 5193163 5658726 5002567 5212709 6227661 4022471 3208232 
3574707 5361760 5193516 5161193 5801990 4197841 5871931 4890977 4618739 2528946 
3321240 4116506 4634390 5839410 4516532 5502042 4980570 5937923 3564126 3508841 
3159123 4916415 5316660 5700205 4771271 4242283 5406460 5122777 3979395 2570096 
3524940 3945341 6067070 4553628 5584572 5557197 5974897 5008612 3930407 3142838 
3418893 4628087 4382389 5538184 5273050 5576001 4349806 5926831 3137281 2389528 
3524456 3811558 5107367 4437667 4979342 5649634 5691915 5414273 4847414 2252896 
3125346 4332054 4384341 5137657 4923764 5844330 4927609 5369124 4397106 3100273 
2488014 4667566 4861690 4415019 5100161 4560705 4014427 4968479 4402540 2753325 
2739209 4385921 5161903 5592592 5246406 5719214 5194420 4771835 3767315 2538479 
3365417 5508106 5418992 5118093 5199349 3997586 4479538 4804655 3319518 3503199 
3384382 4560979 6411054 5762825 6000761 5518089 5635096 5429817 4101990 3076052 
4078213 4960190 4690311 5821449 4587431 5040010 4857531 4780458 4118232 3418553 
3176902 4472786 5066786 5323894 6404796 5828945 5921209 6624895 3816892 3316231 
3406692 3430064 4854159 4828575 4725454 5217534 5637904 5441877 4081320 2445681 
2602374 5043505 5119742 6091899 5282711 5644593 5989459 5249027 4767810 3249563 
2326323 4151299 4470352 5334878 5469630 5080621 4461420 4792470 3726964 1899179 
4128928 5562504 6836985 7082453 5726472 6089448 5396833 4918542 3632898 3038569 
3474569 5566997 6443438 5325412 6732490 5895223 5200251 4552199 3710035 2365280 
4770412 6724116 7690621 6513200 6403822 6068328 5024311 4938255 4546688 2835650 
3821392 5105740 6898606 6019575 5199738 6404127 5580737 4328903 3248014 3367145 
4338097 5834461 6951538 7079639 5392187 6211610 5688856 4294038 2976148 2614886 
3940811 5209489 6240719 6723512 6065961 5311120 5951618 4975238 3002065 2173724 
3991820 4588547 6447379 7250380 6090642 5931413 5715378 5524550 3723087 2335917 
3315879 4269809 6038252 7123973 6136696 5985505 5891090 4883695 3846299 2851919 
3958089 4699425 4867570 6758920 6981477 5951797 6239694 6348478 4316195 2789674 
4496883 4564323 5657103 6852204 6501906 5355596 6165649 5960429 4075041 2692378 
4176434 4279989 5864232 6241261 6102462 6398112 6995029 6725269 4495953 4030675 
3271098 5099795 4640925 5930744 6337425 5687472 5613871 5969542 4631781 2574329 
3593191 4831008 5991612 5796350 6487346 5393025 6109753 5826465 4138617 3164112 
3342516 4565839 5926867 6735400 5653824 6665314 6184676 5476112 4034507 2966794 
2774182 5705339 5433750 6125019 6470770 4935449 5757284 4837729 3518897 2327317 
4172040 5135922 5901512 6121732 6143734 6796018 6167007 6310962 4016831 2989590 
3660476 5790508 5660292 5440096 5119490 5099936 4758532 4739449 4002033 3112600 
3407767 5410979 6546437 5599857 5976227 5318043 6064251 5739370 4184321 3860509 
3579641 5281268 5108207 5717102 4164198 5090006 4930171 5647554 4648496 3459420 
3940626 4469513 5704126 5193154 5321706 4790711 4401365 5467351 4210769 3354524 
3149196 5673199 4708423 5195753 4700593 4628811 4468594 5954048 4641025 3926297 
3276979 5173131 5266917 5155742 5101816 3647266 4205704 4062475 3864184 3130318 
2530222 4579587 4828695 5276950 4476720 4850951 4714144 5040664 4897818 3262275 
2917527 4536937 4999330 4081877 4624574 3293726 4090127 4869688 3223806 3207669 
3600754 4159719 4432133 4305121 4209502 4988207 3783847 5565011 3991932 3274519 
3511715 4244603 4605819 4805425 3876908 3978234 4684688 4472148 4323706 2608236 
3905519 4834467 5179031 4681622 4538937 4173521 3626739 5320863 3552775 2720812 
4562457 5522657 5636520 5313327 4130680 5007869 4345168 4671398 4727138 2861736 
4309855 5195512 6433567 5244633 4665103 3882249 5158162 3927766 3702104 3221989 
4450050 5823837 6201575 5793740 4931295 4306473 4204637 4964522 3425665 2802235 
3172989 4549681 5017635 5686156 4939256 4734014 5237428 4504469 3243185 2403847 
3557838 4543296 5831816 5274215 6410506 4514267 5689946 5075921 2825413 2990309 
2177558 3573415 4445698 5803366 6139138 5896368 5295077 5397799 4068955 2043090 
2969725 4264203 4973212 7001223 6877117 5970268 5985113 5265837 2941793 2571576 
2341297 3785799 5234517 5353289 6570161 7468250 5426714 6083079 3777298 1915117 
3922391 5145286 5357229 6298342 6844635 5820741 6698822 4981661 3365746 2181822 
3838529 4411621 5871874 4967069 5894813 6311169 5109307 5931183 3914406 1924597 
3384267 5511226 4884483 5696446 5464904 5908546 5512105 4160668 4037338 1872570 
3639547 5206460 5899179 5339244 5743430 5192442 5265666 5558836 3180135 3110823 
3301584 4021571 5941160 5063851 5835271 5189307 5648893 4731347 3835170 2325475 
3125262 4890180 6196154 6102070 5465210 4634499 4719324 4918806 3363124 2933724 
2887179 4487067 4839512 6228988 4829970 5507889 5847619 4959769 3950373 3310271 
3873440 4524730 5744489 5852824 5103758 4891182 4372364 5151169 3372248 3339691 
2898436 4284830 4151706 4929203 5246311 3778590 5698993 4485387 3795843 2399586 
2668523 4544621 4495489 4205469 4507944 3709688 3906157 4260351 2800010 2448943 
2729393 3490802 4552926 4110171 4288788 5065881 4110794 5681049 3264295 2601534 
2634508 3531234 5535110 3698596 5253825 4434332 4523900 3661765 4025791 2468170 
2291040 3548793 4147330 4699312 3682538 5170093 4657143 5322362 4087119 2621923 
2319694 3102307 5056456 4394464 3677412 4647452 4959469 5154975 4318148 3464637 
1913049 2738812 3682772 4317743 3928218 4178028 5226754 4577312 4176088 3514485 
1942577 2653495 3355611 3959344 4257532 3773343 4118996 5257224 3901610 2354826 
2262474 2210070 3239563 4058287 3880146 3755376 3437747 4278953 3376094 2465145 
1943342 3749636 2972083 3179172 4923766 3848380 3266810 4353373 2812270 2267122 
2526721 3060104 3559347 3400190 4709164 4346673 4236417 5147427 3462929 1991613 
2458793 4246245 3896175 4776817 4830213 4775145 4811714 4499892 3515524 1941040 
2952215 4392692 4752826 4327494 4833187 5025383 4637612 5516653 3617606 2942897 
2932166 4532578 5538073 5770817 6410718 6005880 6063603 5010722 3774549 2250341 
2979734 5608711 5025675 5936176 5881327 6059095 6451541 5789122 3931287 3161962 
3209918 4911831 5491279 6493618 6430566 6583549 6018246 5547242 4390703 2481296 
3285847 3640269 5667824 5519104 5710459 5820747 5929084 5625640 4499907 3441059 
2559062 3515053 5092600 5973428 5477918 5846496 5419539 5965151 3890971 2950818 
2142260 4167994 4680624 4988220 5470676 4518585 5561098 4995800 4426497 2885115 
3288270 3683582 4239458 6220468 4267565 5418203 4869316 4742776 3520795 3052787 
3660286 3720846 4104599 5207311 5309209 4872492 5156645 5070001 3646103 2610566 
3519376 3955513 5782254 4847270 5571047 4892966 5970785 5079241 3664476 2652074 
3835009 5446301 4475094 5228927 4751296 5049066 4976170 5421855 3307957 2235052 
4237988 4104792 5314336 5818242 5365144 4875488 4615764 5538013 4017733 2587102 
4647404 4864973 5792735 5415103 5441334 4613668 4663659 5016857 4117065 2761545 
3481241 4906337 5706907 5667974 6067091 6304145 5017452 4908668 3929865 2597112 
3452952 5330103 5379454 5718886 5801030 5119693 5188701 5903685 3919590 2530188 
2796304 3963242 5836329 5513157 6198879 6504341 5661198 5537204 3736976 2439316 
2166830 3980160 4905776 4876887 6020569 5799699 4960621 5207178 4091406 2372123 
2075740 3846159 4265580 5527285 5216822 5474361 5216000 4707430 3639675 2586827 
2751710 3637314 4098187 4937285 4690537 4191471 4828262 4493218 3272079 2561503 
2891705 3582726 4616744 4711172 4458173 3827913 5076040 5169745 3889968 3320786 
2995420 4486465 3964140 5067085 5159691 5017921 4829700 5790471 4197532 3708909 
2902153 4359198 4213323 4266610 4680616 4404152 5132641 5529368 4871198 3569272 
3339429 3941991 5646465 5364674 4952794 6069129 5363815 5655356 4581391 3354214 
2682609 4496158 5234695 5392264 4671867 4997892 5283453 4917757 3871886 3707759 
3178289 3482477 5933312 4937927 4545520 5383479 6125195 5477837 4827196 3248823 
3307431 4261604 5067701 5161268 4339911 3806503 4294280 4315674 3344676 2658596 
3916392 4517854 5393326 5678377 4506387 4550652 4594387 5842174 4375324 3049377 
3840030 4470804 4859027 5104237 4900507 3799629 4640432 4799692 3525973 2773769 
3412798 5144497 5533214 4791021 5447528 4835429 5280010 5082776 3672737 3110804 
2646414 4246205 4220997 4646541 3949434 4399519 4652996 4838234 3351631 2192718 
3304784 3955712 5469723 5533508 5318178 5354763 5047651 6143228 4101884 3471621 
3476822 3805733 4978198 4855845 4456170 4384410 4852967 4206224 3877014 3030871 
3830526 4389438 4890701 5579766 5945978 5863210 5749643 6008578 4699558 3586725 
3987505 5519239 4734409 5753019 5164859 4728704 5507835 5073840 3925563 3006345 
4026303 4849731 5454576 5354110 6112315 5514109 6028706 7098871 4616669 3592536 
3816870 5916500 5321805 4901089 5911439 5311440 6327777 4947718 4420163 3105149 
3505003 5626357 6300174 4822806 5312309 5261362 5604571 5973255 4117583 3399986 
3326299 4361964 5871647 4935337 4207532 5505698 5333230 5482008 3982986 2738149 
3784561 5030054 5302232 5262807 5667615 4207123 5482725 4989622 4062400 3401964 
4167696 3713033 4864488 5216078 4204171 5477397 4582972 5484948 4724560 2967771 
4217833 4906876 4959716 5193104 5073728 4573599 5593207 5979722 5103981 3553388 
3834068 5514582 5053219 4644493 4846256 5412211 4617613 5006238 5038545 3328432 
3628758 5576831 5062389 4929001 4924081 4930226 5400490 6101400 4977812 3411285 
3509245 5121747 5696348 4620175 4626786 4546063 4387760 5140047 4312579 2839718 
3390426 5895934 5127328 4396751 4487435 3850109 4606901 4577885 4056307 3045076 
2730532 5132372 4878455 3577122 4898274 3936521 3033085 5196459 3121573 2225935 
3374491 3994613 5016389 4243624 3664801 4172192 3772117 3971235 3368648 2779076 
2943489 4845932 4672253 4394366 5023263 4058095 4390140 4855122 3482287 2720553 
3433075 4419049 5014431 4744922 4344329 5369749 3659750 4034490 3732177 2269252 
4155221 5371288 5437701 6074586 5264494 4987393 5197442 5712422 3067641 3609887 
3714548 5145839 5602804 5226822 5487171 4517340 4942032 4599823 4612663 2003808 
3716284 5720860 5833571 6250517 5927469 5562686 5108391 5295389 4964453 3204709 
3651525 5022141 5578982 5666040 4704860 5661689 4859059 4954388 4197719 3149362 
3112799 4368546 4802662 4991157 5568046 4957692 6336966 4212459 4073362 2870612 
3359448 4894875 6162482 6004474 6144102 6537156 5487570 5581216 3413762 2558126 
3178038 3368553 3669228 5150118 4353534 5138370 5277459 4810457 3015715 2254970 
3119094 4928626 5325180 5343422 6007458 6036657 5593935 5777976 3569108 2573914 
4009850 5163988 5176638 4776914 3988804 4443112 4162258 4611588 3559926 2358811 
3826319 5433664 5874004 6141225 5740336 5328004 5473693 5298555 4734401 2651672 
4155733 5290948 6655831 5689705 4930053 4465168 4144826 5715364 3888216 3411885 
4225779 5980278 6184461 6149789 6305079 5569246 5352034 5587470 4674305 3508305 
4428632 4862128 6714886 6289826 6389518 5218555 5541919 5415613 4650779 3445516 
3859797 5874445 5484611 6860484 6100361 6190127 4908037 6367388 3638709 3048301 
3473135 4971431 5642456 5779125 6912807 6191663 6280545 5824616 4309861 2828616 
4349760 4857028 5207527 5957258 6138590 5992205 5435325 5750711 4326074 2333903 
3310887 4051440 4871853 5028034 6073920 5760480 6396377 5700517 4050381 2571345 
3822808 4723626 5670361 4934963 5720069 5281282 5679476 5535457 4383666 2787799 
2208324 3811562 3810769 5753034 4905507 5548354 5677748 5529351 4147341 2718573 
3822123 5101034 5370280 4712582 4837889 4433211 4169543 5089420 3548909 2607858 
2879090 4007164 4566779 4859032 5063249 4803878 4058183 3899185 3660193 2354781 
4105719 4900431 5543285 5680259 5103576 4519170 3705706 4265095 3299069 1917973 
2420506 3851455 5085657 4808780 3969086 5043396 4823860 3891203 2989560 2578733 
2841175 3812743 4644432 4302028 5241678 4809515 5367320 4626621 3627014 2736404 
3048840 3740896 3831269 5538839 5567350 5171106 5621436 5299166 4483942 2915567 
2044989 2796762 4042994 4113247 4883694 5797790 6219000 6494448 4617648 3530380 
2751390 3823070 3572999 5531595 5334155 5039240 5741834 5577814 3643804 2904192 
2462204 4121615 3146482 4255714 4943042 5283926 6192609 5855649 5010659 3041692 
2443070 4512415 5239916 4730430 5361443 5491080 5257112 5187695 3770552 2570485 
2445698 3970113 4771241 4690914 4797847 5896137 5184630 5650738 4373587 3324629 
2211318 3674466 5301264 4812645 5539015 4812435 4396125 5024307 3872929 2427747 
2894594 3888187 6047441 4818700 4933769 5944072 4993890 5682058 3840255 3150080 
3555754 3668128 4254827 5644211 4920316 5433284 4881537 4884441 3270319 2426965 
3127150 3745176 5074976 4110420 5451353 4513845 5032749 5528890 4359472 2156980 
3591217 4299997 4827691 5562561 5467091 5874139 4683192 4635469 3595328 2166401 
2850386 4368548 3745245 4742487 5300389 4608699 4644855 5123863 3473119 2215312 
3196162 4363229 5290955 4649607 5688028 4796199 5440806 4058251 2877993 2135669 
2755564 4324354 5131358 4887059 5155874 5788322 4962376 5062706 4109770 2374590 
3241530 4769148 4696053 4752170 5089060 4846077 4665171 4860364 4144617 2766873 
3462829 3835449 5521053 4783913 4836039 5506153 4526454 5840665 3811448 3369670 
2827919 3964712 4400435 4895401 3993524 4498672 5246786 4162900 4802847 2672842 
3321489 4237764 4726350 4875474 4973488 5189161 5652346 5447351 4545404 3245730 
2233906 3647453 3889627 4188858 4413196 5243683 4721859 5238242 3766933 3239422 
2462750 4146313 4144347 4569986 4567357 4313332 5705250 4900857 3925949 3097650 
2982004 3489377 4846496 4361950 4350070 4353733 4767496 4985801 3763599 2352928 
2733774 4366383 4922962 4808503 5401633 5481962 4727674 6122884 3500548 3242978 
2802948 4432980 5203576 4827512 4161946 5334241 5064995 4896507 4480868 2894012 
3431468 3934822 6002412 5231998 5126008 5129482 5579549 5832831 4270233 2873912 
3098966 5277139 4785383 5571893 5624449 5556619 5025810 6144135 4279995 3150217 
4111175 4797569 5695925 6329022 5863567 5321239 6448624 5007547 5010435 3522345 
3154414 4962050 5929098 4733547 5308828 6447836 6233253 5768711 4623732 3552513 
3639483 5900501 5980065 6543753 5936871 5311274 5714420 4615028 3389974 3425940 
4091015 4908152 5971215 6922443 5057627 5381709 6144780 5122871 3819503 2950835 
4051691 5515822 6531425 5424140 5952078 4922521 5367227 4992038 3153602 2756082 
3808458 6299260 5891518 5451012 5848401 5635826 5087625 5558086 3912714 3281003 
3131827 5324869 5101637 5555174 5047985 5098478 4945046 5909258 4423902 2345697 
3713975 3744284 5276685 5188049 5770644 5240098 4937891 6219974 4387458 2979681 
2696531 4020102 3303238 5081598 4835688 5950285 5677286 5153356 5329777 2892863 
2966434 4361324 4723887 4808244 5901644 6700434 5948095 5780348 5017151 3002973 
2628262 4314261 3840308 4697673 5427921 6100924 6542797 5915039 4279523 3177132 
2796209 4957481 4294133 5667194 6540989 5421412 6051032 5577551 3595188 2854383 
3323343 3806007 4712165 5535406 5156622 6109277 6052660 5295205 4261326 2472424 
3557578 5115818 4852290 4701019 5644309 5209941 5757651 5533024 3723388 3149444 
3702872 4947085 5561952 4482429 4477617 5692139 4614891 5027017 3385370 2321893 
3798464 4906182 5562312 4910630 4325433 4949138 5039537 4209403 4311435 2821326 
3215877 4857899 4570500 4602693 4330518 4057298 4558385 3460557 3140528 2672294 
2792660 3814024 5635306 4074846 4104421 4047675 4370908 4533720 3284062 2925762 
2657570 4056194 4670447 5044058 3524799 4022846 3657443 4109730 2481959 2331117 
2546549 3727679 5525663 4290534 4694270 4414141 3684516 4712238 3943648 2517584 
3148201 4054615 5492383 4133679 3608329 3963175 3384721 4419887 3752159 2651055 
4095344 4964217 4211927 5976967 4446011 4388776 5389186 5253692 3665677 3369851 
4091680 5240641 5703028 4963056 4589574 4177582 5139797 5452714 4441681 3553616 
4272529 5543489 5404152 5584194 5896492 5233062 5744735 6113115 4988475 3503309 
3596311 5858461 5727271 5507332 6055213 4771736 4006935 5869739 4561674 3657166 
4053670 5094134 5810219 5474499 5634044 6139380 5124723 4937606 4581926 2834131 
3685276 5102642 6722649 6043410 5238148 5784311 5278649 4478774 3772277 2921322 
3037180 4186966 5770078 5432194 4435442 5364037 4716179 4314051 3443416 1938808 
3602575 4066865 4815814 5638435 4505226 4969721 5617306 3560639 3523248 2826259 
2686017 3520425 5013451 4396171 4097728 4420110 4088041 3615971 2995521 2693978 
2805991 3821413 4738267 4624589 4526046 4052878 4926648 3870277 2914684 2301599 
2796192 4354941 4701964 4400234 4342307 4468744 4964337 4566286 3092022 2619324 
2340872 3320737 4491459 4808746 4892930 4044124 4361807 4418893 2991344 2248115 
2836035 5521767 4522359 4982946 5434710 4915180 5112878 5797271 4202324 2970041 
2235112 3813573 4875173 4944429 5704316 5555319 5292871 4927874 3998345 2366885 
2882016 4628484 5283607 5272320 5685351 5571212 5726338 7283191 4843010 3907568 
2092694 4224691 4778276 4871559 5587132 6635674 5639085 5622092 5052992 2612753 
2902074 3979494 5253422 4456175 4818256 6087735 5586189 5350495 5057216 3646634 
2487355 3897886 5110193 5784005 5320425 6949673 5757581 6208706 3699994 2555670 
2670954 4146286 5085576 5188807 5682539 5487774 5832971 5442726 4255759 2527099 
3734055 4330690 5650600 5584778 6107968 6785187 5338086 5223823 4130509 3137576 
2853619 4133819 5280699 5479771 5914339 6434780 5270891 6142841 4696596 2920453 
3652314 5082363 5469820 4727321 5692459 5396834 5685758 5789235 4559689 3774314 
3150010 4851772 5027469 5936721 5264626 6546524 6094090 6138675 5448495 3693024 
3643893 5278782 5650741 4560789 5101688 4511299 4995483 6027570 4363779 2992962 
3343004 4033198 4992857 5584127 4321311 5478201 4942933 5546333 4396422 3315435 
3107501 5356429 4793507 5373855 5296140 4088468 5229449 4268941 4707051 2693584 
3704199 3808874 4847948 4946656 4863673 4546245 4004512 5365501 3792242 3246571 
2808460 5089293 3778773 5263455 3985765 4296882 3969685 4243253 3162084 2706577 
3161273 3659570 5864749 4562945 5017840 3621718 4186743 5506202 3614786 2757284 
3330781 4993662 4850157 5735699 4456655 5133808 4516500 5013609 4130809 3186170 
2965334 3701170 4652016 5745508 5728493 4199374 4367100 5170848 3615766 3010200 
4333855 4524360 5114787 6415729 6083309 5527917 5397119 5647340 4495115 2346614 
2545244 4144463 5193398 5440754 7354656 5594878 5930254 6244793 3614870 3212506 
3757219 4765534 5904398 6354057 6703529 6607706 5837551 6939215 4661955 2875912 
2434431 4449249 4868659 5375519 6766324 5365614 6047803 5567229 4376860 2585251 
3242488 5203733 6126888 5022979 6080159 7036370 5542886 6282787 4804804 3436583 
3127945 4949902 5357954 5376036 5586554 6514455 5140701 5149201 4487469 2593237 
3322713 4675713 6528949 4733261 5375558 5790900 6047385 5709752 4616831 3492705 
3622192 4946096 5794412 5441192 4400342 6654256 5298125 4869234 4310959 2657385 
3653945 4370762 4818995 4591030 5257040 5308669 5156363 5697019 5085443 3351864 
2910156 5111945 4778133 5178330 5194385 5207503 5108726 5495031 4833929 2803608 
2258284 5151625 4504864 4851218 5257008 5656037 6057667 5396359 4630830 3641896 
2679469 3777053 5041702 4072170 5489439 5397447 5358732 5172630 3769309 3089702 
2527540 3435710 4861477 5040723 6387566 6349857 6773037 5259290 4391575 2382781 
2770893 3954312 4678395 5394494 4689293 6558986 5625901 6164606 3481930 3033351 
3108033 3653409 5602610 6085928 6195359 6712602 7124691 5843992 3891872 2636013 
3669103 4962082 5070592 6067826 5441936 6371371 6810281 5669962 4832338 3260253 
3474939 4618317 5708214 6487508 6290417 7005851 6567071 6884147 4419429 3098000 
3297490 4811772 6117891 5655460 6756281 6017426 7273337 6555463 4798517 4186192 
2130066 5015630 5548689 5931756 6782760 5863506 6298642 6416324 4832054 3653605 
2565380 4489280 5412446 5546227 6708375 6700807 5715676 6893680 4953667 3502776 
2567003 4462354 5589743 5939040 7304482 6479915 6287878 6833008 4572116 3660843 
2955179 3576687 4764753 4309443 6032710 5670012 6601656 6625314 5175528 3129211 
3220359 4636551 5185883 6328908 6355507 6302414 6102697 6445243 5113703 3239294 
3144042 4628601 4725303 4963764 6317072 5808801 5545201 6282481 4674560 2841111 
3485827 5041127 5748825 6413805 6421605 5185696 4730346 5211819 3415719 2927315 
3611049 5689180 6065497 5667499 5881572 5472456 5097484 4326814 3564698 2576963 
4261545 5943252 6372094 6402700 6844124 5080695 3969958 4524808 3715739 2070739 
4029943 5235248 6017923 5803040 5419805 5002606 4040557 4522551 3569018 2772634 
2882316 4757504 5528487 5837537 5413498 5311593 4908332 4913251 3326792 2925504 
1911048 3957762 4158680 4391285 4876117 4553724 5474514 4576956 4305707 2656946 
2156491 3604108 3863394 4561332 5553905 5351170 6056183 6536776 4074546 3591222 
2359630 3831323 3263613 3850799 5210915 4788815 5677149 6180280 4631494 3639587 
3393910 4816322 5502794 4919572 5839308 5654818 6426770 6339317 5350727 4136770 
2875685 4863408 4854115 5451468 5071056 5441268 4970943 6641442 4285535 3199168 
3440023 5048539 5466692 6177778 5155368 4812159 5283766 5034955 5023601 3633474 
3067919 4742434 5124158 4880442 5885220 5057011 5901031 5164638 4572544 3230952 
3253322 4855706 5952677 4986805 5565062 5661549 4474788 5952363 4540785 2879038 
4006669 4705958 5204730 5355833 5026782 5640529 6875121 4884136 4128646 3316942 
3733263 4956280 5949809 4904332 5539061 5170180 5189227 5156336 3958787 2814634 
4428409 5576943 5766413 6759972 5596735 6073912 5494132 5393258 4365193 2213031 
4039439 5783512 5612314 5910567 5541798 4886486 5707378 4392967 3363595 3371335 
3632277 5188234 6184462 5475041 5630527 5149537 4356374 4370090 3379087 2103557 
3526238 5273346 4883755 5292162 4367527 4875169 4474286 4559446 3599802 2175998 
3782220 4727752 6354004 4900635 5264966 5635072 4120615 5731342 3587751 2597134 
2797029 3864020 5973677 5894339 5052157 5419574 5308452 5636373 4256035 3267000 
3670721 4504376 5850581 6136330 5704622 5495914 5415631 4841454 4002623 2620906 
2530766 4166940 5149491 5423936 5789757 5841212 4855691 5604299 4403672 2831610 
3973512 5433099 6520288 5777439 6271916 5512546 5291838 5923013 3156488 3387008 
3142864 4316076 5595924 4922428 4525915 5347689 4861800 4173076 4411472 3184775 
3937859 5919166 6225538 5159505 5479732 4429030 5456223 4102821 3820377 2812851 
2922289 4230191 5607492 5342255 3427694 5267690 4296114 5012162 3667599 3410231 
3466001 4285933 5351059 5232259 5129898 4564730 6064171 5702896 4740549 3868500 
1859744 2678396 4469078 3825178 4468845 4843330 5901245 5126036 4812692 3837711 
3138425 4190255 4051922 5985671 5098239 4807340 5675309 6148004 4557215 3509734 
2590661 3436263 3831621 5681889 5092710 5825589 5681866 6267424 4903044 3324166 
2718484 4289954 5429797 4880978 6231036 5985270 5746664 5620183 4712108 2808979 
2680989 3795710 4337085 5388181 5805635 6065357 6242975 6427554 4018995 3141885 
3563025 5453628 4883432 5221386 5915314 5691322 5421062 4992724 4092824 2345156 
4151145 3476512 6115481 5382374 5337531 6472842 6158906 6077178 4585620 3031296 
3620376 4767928 5755790 5062188 4977693 4830907 5141978 5398457 3125166 2953861 
3499703 4351937 5287357 5117914 4861859 5258595 5329148 4645860 4151047 2677941 
4127480 4012918 5374347 5866074 4947185 5840430 4987562 4487107 3519452 2048680 
3239733 4573999 5368814 4961715 5500118 5622825 5778350 5080179 3716167 2830297 
3464998 3893461 4358297 5635908 5097185 4865729 5879668 4620066 3231990 2187676 
2829723 4011391 5209458 4871754 5908775 5972969 5477414 6158848 4436999 2755613 
2439266 3623188 5705753 4489710 5898652 5199619 5067021 5186687 3991276 2769334 
2103244 4391030 4270689 5758148 5397187 5603991 6387768 6060463 4741550 3690225 
2894427 3722453 5503783 5006188 5005837 5009849 4480363 4046400 3635504 2922717 
3822661 5168957 5567220 5143712 5601325 5848553 5383522 5280356 4300818 2978265 
3800673 6015625 6974769 5438414 5510999 4921581 5155651 3788350 3156612 2930349 
4562094 6326646 6282891 6892960 4919391 4943585 5404686 4813140 3732378 3273887 
4217709 6353552 6763268 7091968 5710389 5822510 5527221 4687293 4043996 2828218 
4418611 5789401 7069279 6141122 6339716 5086546 5950558 5520963 3723971 3637260 
3586222 6034770 6286399 6481668 6569990 5636137 6041343 5635501 3701581 2627490 
4219886 5582905 6338984 6421931 5856159 5904501 5584788 6449659 4507301 3601193 
4279128 5060614 7292999 6671792 7184287 5893874 5663289 5418081 4451058 2300607 
3756834 4714123 6090883 6116100 5985325 6152082 6059034 6261921 4188731 3090965 
3751650 4518230 4827913 6130735 5693193 6189772 5409250 4575560 3848035 2162303 
2312827 3569858 4476538 4510714 6178820 5886156 6154975 6513956 4490041 3113929 
2902414 4955242 5191058 5473813 5524805 6297464 5708872 5172240 4400730 2163219 
2582387 3461375 5426813 4430540 5590008 5132494 5227656 6019009 4493823 3390811 
3389544 4062869 5503497 5281491 5408741 5906992 3844913 4970195 3912909 2079305 
3284796 4520983 5165470 5596265 4592071 4991431 4967437 4763265 4222697 2658221 
3636195 4935978 5253155 5303342 5267900 5819360 5411780 4605633 2989107 2492814 
4449208 5579395 5845250 5586557 5588796 5637281 6200611 4478119 4069577 2903415 
3981870 5219544 5366951 6649152 5255982 5742063 5732309 5091126 3707995 2366840 
4810405 5935704 7080878 6316194 6063403 5991059 6524993 5365550 3822168 3495022 
3797949 5422640 5532965 6025787 5830878 6148901 6177144 4592400 3925692 2248259 
4234332 4650644 6046531 5200314 4982490 6689923 5664787 5728758 4615624 2461183 
3488530 3781669 4873812 4952619 4537575 5034728 6408784 4711778 3549527 2748077 
3328039 4681578 4499417 4804586 4969991 4696302 5720217 5724772 3607180 2632166 
3570053 4370127 4742382 5185913 5277828 6252797 5428430 5658338 4302974 2658502 
3479039 4926663 5421634 4706740 6351754 5021198 5517257 6215081 4033228 2912106 
3572846 4711781 6127102 5575296 6100471 6299437 5446884 6603375 4528555 2874477 
3378996 4574023 4747166 4938210 4532478 5453218 5648269 5168952 4814214 3188937 
3029146 3578480 4505412 4154331 4543020 5314179 4853380 5307478 4558236 3208693 
3106714 4131662 4324268 4723231 4217047 4803400 5420554 4852393 4455934 2977161 
2219599 3371352 3551510 3100333 4312075 4315400 5607959 5542055 4858056 3833164 
3628923 4252890 4736394 4894943 4746574 6033770 5588524 5518954 4447375 3257859 
2861018 3642653 4993371 4945206 4710573 5433132 6642122 5695244 4368410 3648167 
3259751 5331904 5555314 5455630 6859896 6077222 5616796 5910178 3421220 2269358 
3238764 4642635 5148839 5680678 4974070 6380056 6384961 5267468 4919545 3172177 
3882280 4522800 6143720 4884134 5998526 5432062 4674539 5475306 3204327 2404188 
2977066 4234144 5869139 4973147 4940814 5365537 4953806 5280984 4067081 2652853 
3789196 5232389 6093827 5414571 4463923 4167598 4298847 3048072 2905772 2395206 
2952636 5241470 6111341 5976409 5721250 5014524 3984045 4738513 3390576 2429156 
3663394 5057862 5797606 5432584 4907678 3877175 3423026 2688814 2520221 1776029 
2859310 3967442 5629215 5066845 5098258 4853566 4435743 3955807 2695050 2679803 
2812087 3971202 5292949 4591949 4146859 4056820 4424271 3624169 3020116 2064554 
2805935 4677874 5063401 5596630 5849214 5266969 5343440 4947990 3700471 2726375 
2457546 3008532 4722972 4796977 4638508 5877206 5416856 5631381 3850206 3062414 
3576897 4201421 5513925 5443378 5459064 6192398 6347849 6406709 4620022 2932898 
3186697 4860911 5030284 4525926 6422986 5439957 6762338 6006346 4722930 3493496 
4612175 5417013 5559543 5526091 4587996 6032965 5359548 5447346 4687376 3021680 
3256558 4363100 4666350 4273936 4403364 4688498 5017994 4833418 4192766 2676192 
3838233 4540492 4628997 3966471 4915305 4007304 4434345 4851369 3457368 2371604 
3036908 3228350 3715163 3971194 3090556 3754625 4484571 3836065 3431373 2353611 
2437298 4009409 3754840 3644163 4620487 4193940 3528399 4941609 2691367 1683319 
2662321 3833298 3379710 4039362 3650178 4083947 4322319 3803886 3399395 2504693 
3301868 4650280 4454948 3898809 5658358 4593743 4593954 5159755 3731370 2271275 
3410788 4082249 5226289 4608295 4733991 4591987 4779272 5745664 4086782 2925495 
3801465 5662258 5168427 4357707 4653498 4471685 4151757 5592778 3369885 2743057 
3669334 4947251 5578793 4705076 5352509 4975758 5588533 5030954 4642312 2849665 
4632148 4869186 5538683 4878326 4359896 5017982 4981084 5469648 4462129 3114605 
3631659 3940138 4669448 4712888 4552612 4796242 4941591 4986708 4639878 3342454 
3615251 5341300 4297885 4646983 4768308 4668658 5549022 4744692 4124688 2599510 
3868030 4367431 4835840 5572032 4420039 5001712 5127392 5535363 3511666 2860268 
3596868 5912968 5068100 5132118 5809879 5587099 5362239 4967823 4375296 2505871 
3216167 5270865 5845270 4998620 5537229 4898224 5517961 4811783 3624567 2613074 
3925294 4763346 6428124 6630409 5505706 6465473 6243536 6223048 3837347 3153370 
3171054 5465517 5939674 5733809 5364157 5641731 5033798 5399581 4641103 3064488 
3448758 4756826 5659939 4782734 5610439 5534427 5699848 5936166 4393943 3634256 
4327558 5443186 5398038 5720468 4726877 4711265 5399785 5111313 4697115 3375566 
3771072 4722984 5494758 5845061 4507434 4670726 5151231 5677365 4590964 3239446 
4078055 5551536 6037516 5711449 4682678 4310298 4770315 5595781 3460606 3336514 
4391875 5327884 4882626 5803735 4971996 4342285 5452229 4533021 4386058 3342842 
4183460 5148774 5288777 5260105 4823610 4373612 4242374 5489498 3712541 3088149 
4055875 4306865 5790806 6041209 5396526 4868860 4862670 5897009 3628193 2541464 
3738006 4717578 4042550 4655717 4807545 3859996 4371886 5598206 2997567 2889600 
3461617 4653201 5285419 5872939 6429651 6235995 5254948 5959748 4511716 2601451 
3606616 5694233 4545440 3876394 5454477 5145207 4827527 5503128 4521155 2620574 
3494375 4932771 5727983 5390338 5910115 6479359 5670460 6736422 4797060 3427536 
3638636 4696412 5749149 4032396 4380564 4050521 5485982 5147271 4643747 3886097 
3933077 4281879 5211787 4990057 4634485 4971191 4876373 6031305 4964736 3721661 
3505115 4977968 4914222 4589870 3479996 3760429 4309488 4837567 4193790 3066799 
3688867 3754454 5083049 4431402 4585432 4055411 5127502 5849576 3922013 3776196 
3084635 4139337 4169635 4967584 4423525 4008862 3825005 4311845 3854194 2355364 
3258158 3788771 4111551 4976135 4662778 4252671 6419984 5137444 4416565 3366135 
3377240 4731119 5200634 4161173 5359114 5001741 4507692 4553854 3250308 2198461 
3479561 4733136 4766533 5247805 4449887 5266052 4927219 5198421 3649936 2809005 
3664805 5116399 5326303 5288718 5225237 4476126 4100515 4316865 2857904 1972982 
4423792 5109146 6704743 5363928 5094155 5281935 4711309 3504127 3420418 1748043 
3149304 5415777 5781108 6246590 4910032 4908095 3940320 4934574 2717753 2160432 
4763729 6635274 6431953 6244472 5767740 4858565 3814034 4247247 3650642 1657526 
3291099 5617780 5408000 5930722 6646396 5052469 4237964 3989114 3614651 2457234 
4715209 6202391 5974039 5338576 5658035 5549338 4145438 5280527 4060679 2457573 
3854358 5527699 5909516 5561010 6093280 6017118 5488737 4712084 4135363 2416816 
3791926 5730054 6554811 4429710 5427188 5373921 4842122 5721590 3709843 3058421 
4019632 5581057 5791900 5912859 5423123 6694322 4762408 4806594 3521052 2258942 
4052595 5924951 6274320 5615258 5773880 4113057 5584983 5230018 3798081 3023532 
4695911 5630229 7543101 6463165 6062974 6337705 5170468 5918117 3594374 2634173 
3854300 5441554 6434566 6021165 5595461 5858692 4898792 5456730 4598679 3011831 
3779901 5984243 5870831 5510972 5904832 5773277 5672421 5815671 4768011 3237438 
4251115 5392984 5968003 7002171 5690761 6558755 5925205 6307854 5051968 3594736 
3544640 4628255 5699207 5341198 5229472 4743807 5885558 5129562 4459527 3016625 
3351289 5092459 4790727 4262603 5505869 4832718 5194781 5884362 3677493 3185210 
3460663 4280363 4748671 4684951 4439907 4046920 4177732 4432376 3549610 2098713 
3581601 4176402 5504550 5429334 4397104 4717902 4286790 4784134 3097442 2268180 
2751101 4277013 4199418 5203770 5153256 4940228 3540793 4511082 2898681 1541470 
3849549 4065270 5224372 4255731 4504465 4147607 4596990 3133607 3496783 2265587 
4070004 5417482 5179680 5569648 5421332 5557638 4321537 5079070 3171173 2429272 
4230059 5443329 6276946 5053739 4785783 4780861 5397751 4375500 3688507 2851145 
4637883 5664305 6195844 6706647 4950685 5886343 5945659 5407483 4137604 3361101 
3799673 4816784 5833297 5194403 5277028 4922552 5126882 5066985 4328918 2677255 
3908569 5386845 5225200 6335295 7000104 5793011 6330390 6108320 4304588 2912423 
2884419 4526745 4212397 5769184 5170562 6312325 6444843 5497530 3857830 3154658 
3411204 4174806 5662464 4607635 5607400 6682504 6382766 6318217 5191217 3032764 
3364518 4442842 5326409 4932733 5072009 4964421 6212986 5852221 4161125 3556317 
3473463 4400885 5480119 4940948 4728661 5385174 5710795 6266298 4209434 3980989 
3291242 5034726 5838086 4752070 5124642 4804274 5442279 5484292 4430146 3466008 
2807284 4779208 5036808 5219427 5324764 4557665 5298126 5765644 4530488 3914754 
3386394 3882918 5692432 5072124 5321832 5065820 4862832 5322644 4147404 2713716 
3428369 4636818 4922205 5450702 4460708 5123853 5962411 5855885 4373404 3613203 
3330175 5288833 5023269 4820351 5721672 4682789 5558944 4769353 4492058 2572517 
4573760 5012336 5250473 5794827 4222494 4638696 5380046 6021997 4369148 3486231 
3909316 4415646 5740502 5854638 5485268 4216859 4994344 4354240 2800393 2211097 
4218193 5315126 6257795 5476297 6247900 4695873 5070019 5509426 3382876 2390949 
4293262 5204719 5501301 6309114 5455573 4926404 4650980 4351374 2265517 2288834 
3647801 5230531 5468297 6487388 6389485 5814209 5209690 4947865 3671512 2019183 
3267689 5082031 5371835 4661073 5212714 4758765 4774061 4739478 3462112 2568506 
3913818 4953130 5048376 5010594 5086113 4962097 5654621 5462590 4189627 3335649 
3818915 4689374 4611885 4508253 3524037 5032715 5987240 4800456 4656859 3026678 
3722924 4284716 5502837 4797036 5018402 5371267 5810503 7451273 4231862 4028350 
3637061 5192187 5180498 5358675 4987981 4946838 6492640 6300810 4772317 3448226 
3808977 5116896 5480701 6569332 5924650 5513139 6213929 5388796 4882156 3461122 
4241146 4445707 5698759 5449472 4857702 5724065 5387747 6316206 5095551 3944804 
4403942 5456083 5592261 6383137 6351386 5286141 5678324 5869297 4751345 3236487 
3690681 5590739 4742375 5616084 5128915 3805481 5639453 5181859 4720272 3558152 
4409933 5092756 5754307 5989514 4753910 5734627 5103099 5411359 4033960 2559387 
3324572 4914841 5500665 4554676 5790306 5254019 4893552 5659153 3973410 3413987 
3840398 5759907 4655219 6001590 5652880 4882120 4928920 5237989 3186644 2161082 
3765872 4785403 6077268 5828108 5324953 5395655 4684072 5280785 3374871 2168579 
3252399 4278607 5281424 5284517 5021994 5645478 4618955 4778069 3605556 2269843 
3402535 5033412 4833868 6275455 6776455 5242570 5266034 5324655 3810783 2620127 
3238086 3732258 4084674 5162569 5574326 5627170 4571082 5305851 3829578 1891559 
2904142 4501105 4618785 5336585 6597751 4706255 5481718 4847182 3378442 2315972 
2479931 4013926 3809298 4450739 5757804 5680024 5014651 6540066 4225263 2552025 
2389568 3955060 3199374 4471461 5969127 5305165 5231827 4826204 3631677 2418331 
2593157 3923818 4445384 2997358 4908221 5445331 5404918 5883077 4137489 3210848 
3159766 4329943 4230572 4981266 5088031 5669854 6455445 4648094 4153998 2583276 
3150049 4448521 4546747 4679998 4104753 4760450 5663933 5896309 3928331 3879659 
3615422 5193817 5687938 5645736 5476620 4576904 5804470 5600092 4113881 2886938 
2444736 5423361 4598762 5176639 5704321 4120367 5399151 5043988 3687959 3441020 
3767839 5772822 5951810 5972899 5481968 5579920 5078890 5540848 4271674 2890662 
2850872 4662426 5813531 4611500 5212223 5342248 4553984 5293244 3919327 3004174 
3948828 6050744 6631097 5899728 6037331 5155313 5524368 5301848 4072133 3145730 
3942888 5259990 6267120 5566223 4669556 5639430 4839575 4932975 4464212 2938882 
4074757 4770860 6160116 6089913 4711272 6288829 4545128 4973025 3912432 2805554 
3857372 5033426 6079024 5090389 5383048 5302657 5586193 4973933 4219960 3309564 
2573941 4697145 5033853 5706203 3875456 6053829 5657737 5610245 4672590 3023760 
3881800 4470112 4677807 5226943 5115342 4514587 5853192 5555301 4125037 3628517 
3568300 3730206 4393777 3969719 4505264 4181593 5492546 5519576 4430056 3872642 
3881808 3949173 4446956 3976852 4052279 4355971 4968160 4933539 4471932 2608741 
3457822 4871852 4613389 4008400 3643385 3599533 3530234 5810063 2996644 3344627 
3459317 4090032 4424243 5172405 3644686 3608077 4348441 4090041 3443596 1923184 
3466007 4026214 4494342 4149336 5014406 3563126 4774377 4325030 3744581 2519818 
3102537 3910894 4687724 4588620 4114775 4472164 3715577 5028625 3182336 2375899 
3107399 4101188 3884876 5144563 5071641 4426202 6368981 5391506 3994835 3140681 
3883548 4408868 4708939 4359480 5047946 4232400 4533796 5900500 3462377 3373883 
3794437 3728669 4107799 5448733 4798461 5540881 5628195 6225030 4720909 2510894 
4108825 5469672 5485612 4566458 5390026 4635959 5298856 5935639 4225592 3703775 
3574839 4733458 5795970 6430801 5701076 5834537 6102420 5801938 4535241 3532926 
4423825 5582038 6080031 6987361 6520379 4799398 6681515 6131933 4554163 3316320 
3735986 4443529 6246072 6394500 7168623 6652158 5665971 6281868 3707849 3323985 
3693813 5262031 6161059 6118951 6396129 5589094 6344784 5941690 4912356 3429591 
3413219 4610459 5886881 5563283 6434638 6350453 6039589 6472502 4594587 2860260 
3085842 4663887 5303483 5550099 4841199 6102485 5730487 6015859 5245116 3612817 
2980642 4063896 5182702 5465945 6085444 5281716 6779089 6246115 4601838 3575036 
2352741 4065192 4972889 5278635 4433196 6296632 5341736 6243206 4760405 2870634 
2798368 4209429 4663595 5035366 6055342 5078055 6073307 6157969 4374764 3909329 
3674514 4674866 5438110 4764331 5684913 5496407 4781037 5467490 4520067 3287175 
3268385 4823662 5924353 5196093 5528236 5753783 5248269 4607528 4272217 2482928 
3617945 5260268 5997666 5896494 5037594 5415713 4967850 5271821 3243281 3165601 
3320638 4933819 6370716 4806343 5818043 4965432 5462656 4755727 3565365 2361628 
3382707 4874215 5817726 5443642 6084230 5918440 5109586 5184634 3908710 2515493 
3571437 4313293 5167520 5261054 5222405 5604667 5558750 5249288 3013206 2839365 
3132988 3234894 5818458 5025940 5384654 5724821 4842617 5555562 3584309 2837735 
2683432 3806431 4851564 4586063 5080293 5056615 5768251 4657083 4694559 2595509 
2593278 4192199 4729387 4813456 4974014 4563079 4537614 5774609 3561769 3428775 
3147462 3762576 5419485 4576483 4132531 4938467 6011426 4715495 4632028 2657353 
3537534 3786978 5557474 4715568 4388596 4476721 5108165 4452749 4170841 2924929 
3519669 4941772 4615813 5264174 4640815 4885996 4931453 5114320 4104450 2508353 
3888633 4629820 6118836 5927922 5550997 5311021 6478562 4654830 3773015 3184136 
3884829 4880672 5561492 6345417 5392827 6177645 6131899 5207025 3866553 3075760 
3207513 4836647 5189920 6096227 5347881 6270824 5846914 5930370 4110260 3069841 
3427441 3675661 5272457 5032550 4709724 4447816 5864593 5787925 3972796 3438624 
2469814 4464924 3954438 5235197 3779234 3915715 5446888 5345074 4515385 3173630 
3500285 4311527 4607102 5065185 4215345 4683925 4285620 5440812 4406626 2970655 
3820146 3642799 3965166 4206169 4537755 3778933 3857476 4036581 3183638 2359197 
3382802 5438252 5344388 5400916 5236015 5073047 4802032 4708560 3081962 2625900 
3086543 5268759 4958344 5682869 5181237 5232437 4546026 4705768 3012093 1778017 
2912183 3892378 6177662 5986925 5889596 5479082 5507823 4941624 4057696 3382137 
2927471 3826175 5791114 5442169 5828693 5431762 4297814 5220029 2949517 2756815 
3087431 3864699 5527163 6051126 6252725 5602369 5377971 4813484 3816169 3129105 
3933294 4797402 4954785 5696609 5915882 5824174 4806219 5031082 3961224 2690871 
3943602 4906967 5728246 5400095 6050073 5620460 5705215 5327374 4394033 3224889 
3461629 5388363 5662138 5095481 5582137 5207969 5909083 5805068 4335112 3555454 
3799982 6371745 6660041 6074794 5844592 6303576 5939697 5713932 5639741 2829772 
3337474 4664513 6479173 5258890 6285449 6489179 6199149 6374946 5296691 4232976 
3921946 5265821 6772590 6304848 5908822 6688864 6064800 6189753 4958406 3394748 
3058925 3979276 5560733 5665751 5994365 6607263 6761783 5494712 5208889 3207672 
4239381 5095654 7040026 7080155 5860382 6592442 6202971 5998836 4053441 3295040 
2914627 3591972 5050108 6144824 5622276 6065713 6185439 5702858 4397775 2390462 
4111834 5003759 4856279 6644301 5514272 4751887 5686996 5308050 3875435 2832583 
3164870 4692378 4641378 5939892 4838617 4692719 5196402 4819904 3675929 2609070 
3932135 5770616 6043028 5384900 5999691 4939795 4790016 4644417 3378512 2698534 
2806716 4776824 5467420 5963660 6189503 5097195 4735372 5099232 3866425 2711660 
3022727 4634471 5802607 5465709 5997597 6813568 5480522 5321040 4013182 3123503 
3380669 4533047 5648478 6000211 5940734 7111681 6375105 5274343 4725178 3276409 
3754743 3402023 5242836 6014117 5213706 5686789 7263529 5468411 3987888 3128083 
2543221 4414713 5470558 5514125 4231573 6163515 5861173 5399527 3997089 3332762 
3222924 4341951 5564096 4885245 5473018 4646825 5865203 4608541 3812692 2616904 
3772914 4142260 4861542 5615771 4286972 4248599 5393789 5222457 3041395 2996739 
3603855 5034020 5567996 5939905 5171000 4706648 4594903 4852872 3377266 2227533 
3936935 3738737 5386015 4760552 4650090 4577216 4896742 4925969 4022280 2947179 
3697903 4939502 4394878 5188043 5554128 5224124 5076411 5323196 3766334 2399834 
3982181 5113571 5363771 4504633 4899062 4949901 5025888 5604437 3911483 3228923 
4091429 5728272 4682260 4702241 5164098 5549433 5475576 5633043 4352869 3193242 
3043213 5440648 5183424 5361983 5099590 5014124 4943996 4289599 5181501 2753500 
3635244 4203624 5229026 4082876 5056598 5018968 4827636 5741371 3798519 3257111 
3194079 4870705 5402673 5493230 5509713 5412691 5321400 5156665 3988791 2919855 
2973987 3897713 4522418 4221528 4549943 3682758 4830404 4958765 3779771 2317450 
2951952 4618793 4654750 4721773 5302104 5945680 4079607 5786586 4162276 2275055 
3010226 4684290 4267964 4657688 5376755 4525930 5014067 4692582 4161985 2738400 
3476961 4591318 5766333 4653754 5352534 5778351 4557411 5557637 4339641 2500017 
3342402 4464174 4788731 5314180 5335426 4522477 4530051 4377573 3138149 2345000 
3155608 4613041 5912209 4884628 5518342 4438767 4863378 4690382 3367393 2616406 
3051716 5446573 5370823 5279931 5111507 5219386 3987621 3709265 3769095 1909696 
3629819 3782434 5046581 5739515 4441693 4533073 3902837 4796713 3202345 2950744 
3906162 4555228 6180384 5568379 4738514 4876640 5276807 4187214 2934457 2396775 
2795322 5003334 5121888 5429788 4906482 4873429 4775092 4826939 3736143 2928215 
3674593 5669237 5952735 6408868 5934592 5319222 5414213 4700277 3810985 2450266 
3119509 3480670 4979711 5611370 5365538 5004578 4993640 6722745 3906254 3233967 
3625596 4372361 5761464 6129027 5386951 6633623 5419499 5054819 4471760 2681499 
4191279 4089629 5552246 5253219 5461892 5477433 5828783 5455256 4001847 3204942 
4193874 4926257 5875092 7095159 5924787 5435722 6327471 6031722 3987559 2896569 
3089162 4615184 4677951 6008655 5551625 5423281 5335802 5378816 3901678 3163800 
2872405 5618868 6093138 5665277 6437925 4731435 4992869 5491830 3629145 3424849 
3220648 3387737 5018776 5368265 5768333 5508504 5659248 5060115 4244401 2931548 
3033932 3922932 5653943 5610526 5565233 5990348 5762364 5888788 4259392 3418854 
2512735 3310398 4769075 4682377 4854088 5038460 6401560 5504394 3728959 3151525 
2884943 4721920 3778339 5420029 5293519 5854947 6368475 5844119 5089644 2857493 
3253939 4638397 5483323 5297239 5055759 5274720 5356367 5706128 4139273 2764233 
3137915 4033602 4791598 3803702 5234152 5400501 5247284 6751846 4764045 2883144 
3339775 4892953 5321615 5584848 4861521 5183551 4591209 4341696 4284949 3026897 
3572788 4562791 4655114 4957367 4378002 5447243 6097610 5568075 4103255 3386521 
4025656 5107939 5996106 6089716 5729569 5708170 5928519 5924865 3898001 3018380 
3311043 4106036 4669684 5311378 5848501 6058986 5638697 6618849 4615361 3431091 
3965027 4881743 5813616 5700294 6580998 6139808 5895822 6731486 4987623 3593129 
3595738 4425545 4929555 5576143 6064342 5455961 6006376 5075364 4221462 2969128 
3421196 4310554 5626833 4782466 5593169 6189308 5883922 5930339 5272560 3349426 
3128930 3724742 4324524 4493361 4472198 4844406 4877865 4584410 3331956 2453374 
2572464 4235938 4248761 4116094 5002830 5165155 5585385 5360878 4097029 2633117 
3709175 3838064 4750639 4439893 4555411 4818163 4367209 4530548 2807683 2259333 
2697690 4000845 4686599 3705317 4612595 5017139 5437290 5171263 4510426 2277262 
3929160 5358325 4831258 5032886 5003644 4976868 5075326 4293322 4076805 2658244 
4068280 4373421 5879347 4986712 4746773 5348951 4817324 6418867 4003623 3054456 
3653765 4104884 5456557 4946791 4695945 5198188 6067568 4776709 5054464 2506014 
2926802 4724448 5408538 5265701 6112412 5680301 5322914 5999458 4080931 3155810 
2644538 4124965 4523081 4696219 5265002 5910691 5225260 5852830 4481920 2681157 
3044106 4176820 5634456 6536922 6105070 6502198 6900973 5134371 4283432 3486720 
3142856 4433741 5247528 4781865 5121839 5641980 5239148 6368793 4400936 3241361 
2796628 4864772 6552983 5620443 5866658 6189857 5401656 5122951 4448160 3368372 
3437339 5473682 5872953 6068112 4954430 4684595 4819848 5326668 3896463 3257227 
3426324 4713622 6000201 5730109 4656174 5395608 4681444 4435394 3986078 2916647 
3904416 4912276 6655649 6071159 5646555 5718094 4809224 3849230 3818237 2697664 
3835669 5792033 6333015 5121602 5520855 5434939 4810374 5531616 4288395 2264072 
3956164 5139291 6112986 6558522 5928871 5919726 5381689 5123070 3629202 3227858 
4235269 5355887 5573929 5741778 6199344 5395159 5774290 5949808 4356754 3141002 
3385955 4441427 5157651 4735219 5669818 6003479 5470503 6712864 4717309 2815216 
3949826 4925234 5322448 5326465 4600455 5960799 5032324 6335368 5026004 3693362 
2889593 4355025 4907923 4054073 4770340 4425264 4687457 6123839 4757275 3340559 
3185972 4632472 4691281 4867692 4346989 4645360 4450564 5954711 4652174 3608278 
3515271 4438221 4773020 4108189 3437721 3854901 4493535 4311349 4703466 3269027 
3389507 4080809 6094658 4632369 4779353 3858494 4377422 4687988 3273738 3240390 
3601134 5306954 4901595 5861663 4559253 3869745 4643484 4947370 3541049 3357915 
3166865 4137244 5450834 5147742 5947017 5627813 5550791 4755067 3899628 2647814 
3782620 5535117 6433435 5852556 6006358 5317018 5208472 5580581 3770304 2750162 
3432059 5170581 5961981 5673009 6842286 6116104 6779200 6366695 3855751 2979897 
3885264 4831362 6754917 6577202 5314661 6588185 5462071 5012131 4778204 2934037 
3056313 4726089 5337971 5905349 5222578 4948906 6065179 5080463 4151443 3056976 
4223149 4726620 6485917 6764732 6064809 5548198 4614552 4731726 2922444 2503025 
2843031 4180011 4348094 5530869 5265144 4363818 5287919 4321292 3228281 2297048 
3640061 5067663 5597725 5927816 5657748 5057419 5200233 4695878 2481238 2448003 
3145664 4340816 4992716 6012101 6123972 5450528 4403290 5331093 3437141 1892878 
3604269 4508768 6224685 4683899 6178594 5460523 4737245 5730306 3953766 2203340 
3221933 5692714 5273171 6074444 5880281 6198251 5846717 5351492 4507860 3462456 
3900474 4863707 6230648 5685399 4977209 6253833 5408064 5389331 4628414 3379596 
3039504 4574460 5783762 6329580 6356131 6677327 5783609 6053041 4367225 2778863 
2261106 5087342 5159132 6036900 6612655 5062150 5960190 5644384 4105428 3538567 
2950196 4342210 5414699 5238092 6047553 6304648 5820905 6134207 4040970 3132253 
2417917 3391501 4955298 5351021 5533054 5658359 5809639 4984797 4355264 3316917 
2860135 4193553 4704953 4061761 4460542 5441890 4846274 5534641 3787496 2691842 
2939634 4478957 4423380 5334097 4684491 4715557 5329323 4778065 3804110 2827766 
3597308 4268729 4198797 4078063 4374018 4034157 5163581 4564555 4322766 2626492 
3696070 4423979 5102852 4907662 4557496 4506341 3892159 4517730 3123565 2232550 
2961514 4170240 5172817 4763936 5339063 4979485 4529231 5147133 3791226 2242580 
3947484 5229323 5693900 5411633 5745957 5345602 4078672 4154470 3623051 1749006 
3098814 4192735 4569210 4741914 5073845 6161872 4011577 5297829 3564409 2440459 
3474148 5272278 5660006 4900329 5827734 5825998 4800749 3960884 3499862 1624945 
2332170 4216793 5098759 5017719 4037749 6123315 5155584 5016436 4286448 2576465 
3073689 4302262 5229189 4929496 4700804 5760061 5546293 4438418 3918764 2416009 
3257050 2905478 4621995 5177637 5204375 4675426 6039508 5089672 3826198 3671377 
3271728 3051772 3884429 5170153 4403570 5241317 5799114 5290140 4447764 2457224 
2941690 4100282 4078930 4994567 5176858 5502886 5975475 6398488 3731340 3572068 
3205605 3566236 5253516 5370755 5284263 4958459 5685526 5523539 3701511 3598044 
3249191 4596144 4246320 5802090 5615621 5749552 5502257 5943608 4596315 2048837 
2980046 4503281 5728728 5710929 5630744 5609733 5517469 4612588 4016794 3507113 
3943129 3938910 4947597 5397442 4754577 5680180 5968076 5672073 4071465 3509912 
2824142 5256562 4593952 4650286 5233477 4705928 5423604 5665110 4181272 2822970 
4040888 4339415 5764118 3820679 3483784 4395223 4909421 5082305 4763388 3715469 
3362625 4906658 4266941 4214028 4123282 3721001 3770857 4917500 4428848 3214754 
3177030 3941251 4940967 2958051 3788974 3963476 3533696 4687020 4495932 3302967 
2641629 3580604 3834832 4341368 3441766 4200371 4796865 3768359 3450897 2993871 
2960323 3900141 4068139 4323108 4308982 4034786 5194741 4662370 3598991 2615342 
2790799 2489933 3715653 4579456 4434371 4913702 5107806 5135642 3809727 2383552 
2385288 3332789 3322262 4667884 4448989 4514430 5369731 5356574 3394148 3510216 
3024123 3656093 4029158 4436073 4895517 3897739 5873340 4811236 3963949 2631508 
3017545 4226872 4789696 5029142 4568368 5502533 5170861 5086588 3958712 2639266 
3038230 4465989 4757561 4774944 4611377 3848087 4455382 4562011 2883909 2776430 
2947969 3622512 5485008 5626047 5539223 5450407 5606982 5212428 3382044 1662274 
2597822 4490772 4147804 6038397 5718756 4569098 5180429 4359191 2732567 2203277 
2561935 3359666 5248595 5089628 6557914 5606228 5160315 5290003 3332797 2141319 
2900082 4718172 4106016 5780348 5856714 5252531 4902317 5509430 3381908 2021867 
2354695 4134760 4968076 5020779 5736330 5651573 5138984 5357081 3712822 3133847 
3639136 4572582 5222502 4541343 5574543 5932873 5631555 5234885 4660887 2893842 
3157926 4784444 5324674 4805230 4768060 5087797 5025217 4935897 3542150 2898512 
3283269 4679160 5446048 6143539 4826584 5054631 6113270 4934150 3666313 3320973 
3397125 4559374 5609867 5052365 4717379 4724468 4974134 4648613 3707884 3190529 
3259831 4413837 5104036 5494600 5410883 4285892 4620982 5281879 3363824 2511204 
3334805 4644282 5044684 4994683 4820801 4016480 4824514 5284731 3365154 3420666 
3762602 4910635 5221237 5167269 4246846 4632336 5183722 4025563 4035787 2512761 
3986991 4214668 5021636 3809915 5188102 4195195 5127856 5857250 4104237 3199380 
4247535 5493325 4992312 4813695 4025366 4320777 4970832 5072034 3666520 3017037 
3769884 4662008 5672486 4088576 4646035 4832561 5912273 4975456 4726222 3705872 
3079662 5534490 5460916 5120528 4715711 4668000 4416158 5186955 4130673 2983465 
2747716 4897005 4688077 5531441 3630969 4600913 4400593 4608117 4644005 2815572 
3912320 4796599 6144326 5475891 5733635 4243379 4326294 4617204 2921682 2830820 
3931104 4989673 5192587 4392186 4329493 3620694 3833697 3597581 3091170 2108176 
4592818 5534474 5641074 6379547 5062504 5177568 4162775 3884683 3032223 2177559 
4302327 5058763 5893712 4576916 3821149 3638794 3083931 3986172 2984443 2135220 
3898031 4751750 5697526 4965316 5323847 4934375 4859803 4794065 2826850 2719393 
3121613 4196464 4527044 4360767 3170417 3011867 3928188 4313130 3181807 2363782 
2964977 4304259 4896936 4574967 4790784 4608928 4481236 5257232 4132736 2696604 
3423416 3552150 4291271 3960688 3793942 3561004 3917153 3742813 3779857 2706213 
3685826 4842236 5031718 4454113 4151712 4395578 4835833 5227462 4152048 3390151 
3717073 4253796 5833840 4075810 3434848 3773685 4234587 4470203 3434197 2980875 
3535619 5250492 5702822 4309769 4991044 4432935 4912306 5043598 4554625 3358796 
2576912 4469588 4546021 4401377 3854442 4894930 2989124 5552806 3620524 2718661 
3338763 3931590 6271434 3930019 4292907 4592776 4375893 4658393 4143317 3220168 
2080470 4388842 5452751 4277989 4520737 5107827 4402668 4694654 4428443 3033358 
2586711 4027121 5552913 4572012 4708219 5344442 4594951 5600930 4174464 3450603 
2594744 3267139 4663890 4447068 4556432 4584625 5223010 5427636 4481003 3890823 
2571551 4135931 5289030 4314447 5655699 5352043 5511081 5338127 5106925 3205352 
2660946 4162273 5086484 4837768 5313741 6282649 5704808 6171038 5035144 3953566 
3013717 3676684 5079669 5317971 5110296 6174087 6880542 5740256 4967833 3326167 
3218514 4355248 6493134 5460136 6405518 6514534 6686083 5722761 4120052 2845740 
3151863 4859985 5366753 6382533 6123777 7420098 6634284 6262901 5032423 3480100 
3827074 6274236 6531701 6899764 6996804 6305604 7102437 5620155 4221325 3114912 
3479495 4920566 6634112 5983925 5449049 5794897 5276380 6379438 4354356 3381361 
3685789 6380832 6805543 6289229 6756861 6826921 5899560 5642310 4533694 3517961 
3197078 5250806 5953537 4777819 5201317 4482531 4854598 4856445 4693521 3616769 
3835446 4677017 5910847 5527236 5410357 6763275 4938398 6013424 4795345 2594851 
3377724 4599447 4894532 4624749 3982735 4950942 4551173 4686127 4140759 3607970 
3186364 4394092 5758404 4426781 5752463 6109117 6721520 5399200 5167917 3614926 
3486468 4723246 4565739 6209324 3831661 5924765 5241732 5247526 4751180 3005315 
3553301 4860314 6270507 5326975 6357791 5807462 7151189 5449980 4456861 3975576 
3943518 4903691 5891217 6431987 5757115 5384042 6119574 5998677 4404575 3216723 
3540892 5638921 5176533 6718961 6030649 6001993 6126465 5746489 4825634 2993583 
3900766 4807724 5351439 5624638 6744940 4946840 5527112 5729563 4118515 3889805 
3265816 5178528 4992216 6156961 5907259 5198857 5882971 5040633 4058623 2560721 
3176499 5202858 5490000 5571637 6029553 6162971 5556869 5716183 3994887 3351428 
2312188 5218460 5137452 5211808 5877839 5421031 5173019 5914900 4067440 2724723 
2723584 4893051 4398219 5026134 4949795 5284107 6217567 5121709 3934065 2908993 
2876533 4137195 5838449 4799188 4722369 4983817 5164923 5157124 3649748 2820416 
3482035 3828497 5289587 5011820 4867304 4390522 5300279 4661936 3397725 2198217 
2820831 4344367 4484353 4370579 4396036 4752517 4679666 5259718 3545325 3227020 
3551639 4601862 4402643 5319698 4680985 4915945 5040507 4393956 3519952 2608492 
3220236 3574752 5053351 4172061 4938162 5533914 5282554 5942227 4292764 3272446 
2443317 3964379 4631558 4291349 5124742 4862796 5827288 5794734 4118700 2944914 
2566831 4089721 4566315 4723962 4233373 4627454 5485522 5543366 4446078 3009578 
3199537 4352327 4400634 4232003 4443917 5594465 4284527 5855932 4454926 2696453 
3328413 5206239 6331182 4902783 5888419 5090386 4768940 5108723 3913771 3127369 
3874974 5749110 5334797 4960375 4785729 4794509 5144790 5333222 4920121 3047917 
4393297 5580080 7114311 6341362 6049510 6365440 5053200 5141383 4580965 3095927 
4141832 5370831 5922192 5865603 5234200 6044794 5076191 5971991 4626732 3491139 
3088049 5364052 5637381 6534363 5667301 7192677 6172843 4988210 4786144 2767864 
2848704 4288559 5657608 4977467 6135066 5166345 5246369 4660473 3333654 2568849 
2366859 4321845 4763866 5866451 6072093 5777490 6123225 4629688 3226637 2263340 
3132694 4176338 5328471 5551545 4959917 5672231 4840326 4670878 3242391 2554914 
3934335 3701917 5039332 4517844 5728512 5184802 4997488 5698725 3505937 2989660 
2943029 5083481 5203556 5880651 5769830 5453226 5084726 6047736 4630363 2783323 
3130987 5490966 4980503 6006488 4971091 6174169 5831318 6074980 5219515 3108822 
3247153 5296539 6161232 6814969 7293966 6487922 5850583 6545471 5036148 3676761 
2924641 4851319 6215098 5850457 6960566 6809147 6253075 5900134 5474899 2995398 
3209508 4826590 5840177 6086520 6815059 6237300 6251106 5852512 3780013 3043186 
3068027 5170747 6056987 5761230 6027439 6837211 4637918 6035267 3837971 2714039 
4098132 3779308 5128029 5232889 5192061 5063223 5032983 4353549 4369428 2244106 
3348406 3329418 4620810 4768351 4639653 5450370 3981991 4987437 3592001 2219406 
2947570 4610537 3915573 4405639 4006121 4482413 3631457 4658487 2908724 2329374 
3077895 3726984 4860581 4002396 4712418 4863789 4526621 4032449 3681764 1921741 
2511500 3487197 4359460 4121280 4420178 4706964 5281502 4890398 4253557 2874724 
2280694 3414300 4939791 4912714 4678311 6014090 5730246 5735828 4290687 3621576 
2823769 4118952 4357447 4886785 4918316 5151640 5901073 5788589 4087666 3030521 
3461990 4432101 5994116 4954849 6217135 5611209 5640166 5689370 4484216 2809734 
3137141 4464617 4954959 5545137 5249408 6216931 5329633 5183560 4571929 3148646 
3858074 5273647 5181006 6076159 5865138 6015834 5829805 5461236 4170725 3143391 
3458930 4894978 4955462 5726065 5896441 5379315 5888607 5136159 4243054 2979572 
3760683 4965676 4875938 5740249 6145986 5723544 6028854 5941623 4650801 3244337 
2725103 4989759 5348149 4925161 6191649 6295808 6437375 5764282 4636413 3565581 
3008842 5756463 5891569 5716342 6190934 6731741 6505917 6699062 4453654 2890736 
4139149 4689313 6459299 5682935 5424978 5971721 5710121 5820658 4851853 2583467 
3648338 5037388 5713436 5515797 5831052 5775589 5996629 5831026 4460289 2870708 
3646975 4566567 5758473 5214286 4723679 6233946 5042107 4412393 4126770 2247874 
3874888 5155485 4366109 5218255 4570029 5172705 5282793 5349753 4061638 2845140 
2749342 4372202 4775812 3994811 5144265 4854475 4461473 4448826 3633808 2348591 
3710511 3554316 5452559 4544541 3368977 4451653 4819725 4813020 4298472 3066848 
2664634 4577195 4881201 5026030 5453006 4438817 5344021 5976416 3117541 3069360 
3555501 3768109 4924493 4982271 4806976 5056691 4487679 5476950 4767367 3728522 
3012979 3892772 4958804 5216093 5081361 5559485 5600088 5824429 5056678 2975008 
2953426 4385376 4534188 4935738 5359116 5166814 5687557 6592606 3592026 3803627 
3537330 4413646 4606178 5208406 4239668 5520743 5057268 5153009 5272092 2793988 
4060226 4427883 5689651 4765016 5263601 4283409 5423816 5261124 4227076 2771822 
4292864 5823541 5128370 4844850 3963910 4916484 4555673 4846396 3755487 3051687 
4738667 4901236 5655063 5706885 5274828 5514089 4786769 4635836 3760139 2132462 
4041688 5178415 5239412 5191088 4327735 4823005 4785393 5209658 4018121 2598609 
3691892 5461952 5823026 5956696 5974324 5634480 6151350 5207660 3990904 2975398 
3593848 5208723 5809394 5822259 5910939 6647764 5050063 4915554 4267882 2618731 
3585704 5062546 5982599 5122384 6233257 4882178 6257830 5390649 4041362 3333459 
4112079 5042629 6311531 6117712 6032141 5867306 5050468 5569934 3800456 2276965 
3274373 5105353 5234256 5451594 5610393 5870099 5130212 5304203 4036699 3205221 
2610436 4357800 5510940 4986186 4631312 5024351 5205143 4797760 4038773 2937678 
2225691 3836324 4526192 4572005 4709337 4796589 5344442 4613643 4007739 2733575 
2035367 3470066 5108710 5026138 4614738 5362055 4648279 4914211 3485856 3169161 
2805821 3426067 3791438 4675417 4914766 4727785 6011724 5814240 4427980 3141518 
3570256 4016693 5509653 5655268 5213955 4977168 4841563 5099783 4085794 2791002 
3747766 4639804 5191969 5912672 5135532 5295497 4625202 5440654 4101535 3297722 
3809939 5739184 5693722 7443302 6310842 5974074 5517030 4512504 4178879 2562998 
3916391 5703260 6224873 5894239 5949074 5795990 5326624 5236010 4171584 3330704 
3615558 5648784 6889370 6350773 6017205 6507583 5069366 4855476 3584994 2728377 
3346406 6045579 5893090 6714383 5275217 5533792 5985439 5126356 3394920 2462845 
3689659 4221027 6673017 5873253 5455889 5222048 5688793 5112626 3268974 3035776 
3353701 3909130 6048030 5291698 6147505 6305253 5194189 5002605 4157054 2031462 
2260454 4507634 4401897 5076015 5907502 5230616 5288836 5092557 3162796 2657059 
3422243 3017879 5627637 5297915 5991324 6520512 5961759 5693334 3617705 2630866 
2965028 4107014 3781905 4792682 4746072 5215633 5484558 5038324 4494234 2321513 
3053359 4374259 4836056 5085818 6215020 6259572 5503456 5359180 4265742 2484495 
3026020 4175978 4133546 4818038 4547703 4782481 4783584 5935296 3941227 3041883 
2345356 4509977 5524985 5256620 5527988 5478409 5999069 5466071 4363645 2460621 
3455766 3422603 4202898 4293211 4862339 5059810 4338922 5591213 4397650 2967383 
3275818 4076905 4862243 4723217 5775586 5573002 4550177 6082733 4669612 2867825 
2515234 4316501 5491757 4349400 5303823 5883220 4884214 5438099 4734066 3214689 
3646707 5862813 5404460 5951525 5327929 5374555 5167863 4667932 4212604 3225309 
2837142 3989771 6209869 5678872 5040794 5202442 5091301 4701383 3852132 2865257 
3490403 5806956 6453290 5627096 5635848 5175703 4215475 4778639 3931940 2508778 
2595100 5229260 5335312 6336772 6136101 5200160 4730146 4651204 3702186 2935609 
4336246 5030216 5249714 5787912 4892241 5152619 5132988 5193973 3276355 2677899 
3648873 5154256 5833159 5129524 6058157 5408765 5014872 5505345 3682132 2520714 
3991260 5079708 5044696 5283901 4545037 3986208 5143496 5380885 4116952 3562222 
3740979 4699003 4826525 6303041 6144918 4968191 5243812 6127736 4345126 3143644 
3544625 3634447 4493397 4044110 3933795 4216070 4336894 5259686 4549023 3336214 
3008753 4512126 4668090 4363725 5389229 5529420 5287359 5386458 4105552 3582465 
3544723 3397042 4333176 4368445 3074670 3736275 4231196 3707105 4559432 2336249 
2302813 3398420 5060939 4965685 4658245 5428867 4589806 5131419 3880499 2616115 
3585454 3314751 5156257 4135113 3622412 4339133 4512456 3791857 2841249 3088800 
2457227 4094035 4085184 5046774 5188975 4206634 5685294 4214061 3530200 2555709 
3149923 4487844 5808426 5213494 3930355 5178430 4179949 4680067 3243832 2076028 
2669876 3424301 5562287 5663190 4881994 5009219 4650512 4569204 3004587 2750906 
3491127 4913902 5614642 5715707 6377409 4310339 5430507 4578099 3092055 2628616 
3747354 4453162 4544945 6319328 4943040 5152426 4538738 4111308 3509908 1716827 
4855134 5797712 5524356 7029749 6127354 4729564 5837742 5017374 3684703 3406396 
3277556 5795617 5103128 5478213 6340200 4657389 4680419 5569940 3618602 2230664 
3210082 4293701 5379528 4968502 5448515 4832812 4826469 5274707 4258881 2840433 
2246834 4649521 5012131 4102040 5849589 4902688 3890938 5256183 3512930 2384007 
2932715 4168397 4338791 5162136 4953109 4967689 4410073 4450876 3696607 1966542 
3161210 3960568 5098544 5251457 5131880 5548634 4705884 3777597 3097278 2254929 
3180355 3984493 4225217 4509285 4467005 4987817 4820136 4216005 3350975 2040820 
2774544 4614926 4337543 4245850 5570239 4858990 5204494 4394477 3716745 1990332 
2912922 3434239 4911953 4673142 4224713 5130255 4658927 4659762 3350510 2717556 
2796449 4665533 3873690 5054573 4907476 4520198 4603387 4925839 3526784 2079395 
2642242 2975002 4524187 4539163 4955563 6084067 5437969 4570238 3756663 2365455 
3669165 5196093 5175565 5485332 5200969 6019398 5809709 5838096 3822819 3377518 
2528720 4078858 5015558 4865412 5549877 5996825 6891212 6437895 4988098 3137561 
3509181 5025157 5091163 6538874 4477736 5316263 5605050 6250883 4672253 3470076 
2542218 4188397 4673576 3701586 4517297 4980202 5400161 6516527 4816622 4204847 
3653935 4228299 5251103 4822773 4778308 5184241 4686403 4607282 4521110 3178626 
2583022 4328734 4525483 5058302 3879403 3872839 4859605 4844073 4383284 3862752 
3477525 3863720 4829767 5896782 4609920 4099400 4623731 5505549 3223693 3375701 
3090643 4146934 4460326 5054306 4476507 3296315 4330545 4695172 3485021 3384726 
3824793 4258315 5142937 4561621 5027399 3940293 4070597 4943993 3733249 2828012 
3315655 4301973 3973587 4450023 4291770 3865435 3468587 4879024 3788745 2614769 
3436494 3810255 4171528 4287667 3624476 3976681 4477330 4830443 4383529 3141381 
3044704 5307909 5199068 3809835 4140865 3598876 3526124 4276944 3864183 2228998 
2877281 4278267 4393383 4739466 4423678 4485500 4450064 4124008 3013425 2375669 
3636606 3864378 5364789 5420920 4323961 4426168 4737786 4204537 3086055 2209484 
2812540 3594012 3549292 4269583 4677445 4443758 4551696 4249863 2729280 1934373 
3922966 4888648 4535820 5180753 5076735 3551010 4467328 4041118 2328662 2660741 
2738383 4619668 4065312 4673764 4736305 3861292 4212119 3685496 2636227 1694743 
2933445 4427258 5607378 4563576 5087754 4345369 3723399 5196343 3046200 2125455 
2897447 4557271 4801369 4636360 5067113 4486829 3622525 4588712 3222862 1955664 
2908860 4933758 6167110 5217905 6349757 5095590 4938192 4567753 3748709 2826983 
2980508 4697713 5325108 5752598 5477195 5960323 4338525 4926426 3719173 2023602 
3633651 5162886 5712153 5576077 5842668 5745218 4829215 4787687 3989929 2395188 
3307847 4168084 6189493 4488692 4975534 5958168 4064846 5061925 3394807 2782332 
3741267 5868376 5563868 5732731 4690461 5860563 5801417 4468782 4362923 2925616 
2550649 4244237 5311271 4038617 3905051 4434479 4521991 4524239 4067336 2634551 
3659207 4252015 6087171 5574079 4695682 5473315 5633531 4996347 4419403 3585226 
3460018 4651436 5361376 4876057 4469011 5016623 4991115 5494839 4390830 3894084 
4407931 4334304 7059164 5630858 5567164 6261995 5642117 5714758 4399204 2886749 
3864482 4746282 5104206 5420495 3943398 4733981 5832757 5481105 4291718 3733450 
3882386 5174241 5328479 5983480 6005545 5616381 6247493 4808357 3850345 2517517 
3646844 3835544 5602032 4850455 5600103 5221570 5781124 5489135 3823583 3310912 
3291577 4645168 5801934 5769257 6598910 5447551 5207030 5003623 2905708 1917247 
3055817 4149602 5399093 6195477 5341124 4705117 5116512 4571523 3095419 2630589 
3383343 5234214 6212689 6213693 6705285 6786214 4822904 5380594 3907858 2283358 
3666675 4697583 5119807 5665041 5048961 4902237 4576418 4307756 3996454 2448472 
2441683 4712159 4786131 4460049 5520783 4381337 4829475 5160329 3561240 2578812 
2957386 4550812 3816959 4538042 4094825 4020330 4241633 4300464 2868882 2775308 
2700474 4571372 4754378 4412107 4389502 4667218 4291477 4778085 4043878 2407474 
4064408 5166004 6437141 5055756 5168862 4487289 4418312 4643077 3282163 2621352 
4142635 4740316 6338105 5981816 6155445 4714499 4714328 5594769 3241965 3079769 
4253913 5920172 7071088 6935081 5922562 5719857 5213907 5064020 4273457 2204358 
4408552 5792986 6837686 6473218 6085453 6173422 4830889 6120425 4011717 2939421 
4511590 4626837 6695162 5798599 6159930 5690576 5114238 5393696 4399535 2944569 
3557495 4709495 5751274 5297103 5451262 6211346 6376041 5921601 4559170 3089955 
2941106 4654787 4789978 5006473 5334022 5642874 6554680 6524570 5043629 3411983 
3056962 4325100 4978341 4768283 5658785 6214514 6575833 6177698 4983730 3550653 
2999153 3900837 4554050 5421410 4885148 5749221 6558651 6391243 4738723 3751030 
3414857 4979222 6040479 6198679 7041040 5766361 6498951 5635877 4206264 3274140 
4120598 5101780 4727143 6214767 5307469 5656486 5600775 5735269 4056246 3195905 
4617596 5089605 5848101 6070956 5654469 5497525 5369106 4986125 4076601 2619601 
3591359 4145256 5651297 4768130 4849471 5894955 5731200 5810973 4174314 3573351 
3340476 5575476 5114189 4670681 4530566 5805063 5376960 5834895 5024881 2563919 
3715308 3227435 5376489 4572957 4841842 4970979 5465456 5564874 4732765 3303879 
2629753 4415014 4739663 4705108 5111652 4977740 4746152 5650772 4219491 2980744 
3319658 4862845 5128202 5057231 5854391 5978108 4894865 5275955 4761836 2537118 
3504162 4388681 5471606 4951761 6423549 6609202 5676434 5606835 4699088 3278058 
3588394 5150311 6662056 5528324 5595384 5791601 6121659 4927021 3496354 2961755 
3064239 5221310 4968939 5825636 5558177 6057233 5631272 5397356 4398236 2463964 
3638921 5055263 5264189 5692603 5549043 5106349 5194140 4849048 3289424 2321513 
3355845 4758918 5033892 5775883 5198690 5097135 6057569 5679175 3718437 2908090 
3050682 5340611 5400956 4328130 5656541 4282366 5253587 4747639 3904480 2798460 
3622069 4262520 4474854 4587922 4355780 4598647 5329347 4809499 4065222 2990053 
2958442 4300094 4777771 5411204 5116996 4821137 5179868 5184343 3492471 3426761 
3151634 4328777 4278867 5517330 4648432 5333220 5122115 5511819 3944611 2930161 
2378926 3618914 4310729 4601572 5113858 5521332 5576909 5628093 4416460 2294208 
2926324 3204573 3848565 4862728 4900532 4582501 4644844 5442353 3541283 2716656 
2098436 3262977 3937186 5291095 5209931 5331351 4950659 4965722 4280049 2079371 
2246471 2857228 4271951 4634735 5081895 5080553 4493009 5446281 3361601 1808112 
2738682 4010040 4148875 4326935 5089509 4533105 4204171 4751570 2777166 2651655 
3806929 3705297 4943951 4885781 5144325 4633744 5351713 4621786 3302240 2519109 
4120689 5138512 5956007 5280768 5412877 4508856 4215808 5245288 3404314 1998156 
4306490 6115823 5992661 6451147 5698042 5767455 5634093 5514802 3795838 3703521 
3579792 4836690 5876805 5403938 5149430 4485101 5239291 5055641 4631202 3328289 
3703106 5063976 6218064 6239941 5855236 6033370 5244975 4730183 4728777 2876863 
2844541 3440867 4012115 4938264 4687946 4830106 5376146 6152458 3935529 3455172 
2689799 4667113 4823786 5207536 5116162 4370155 5372156 5051256 3971475 3174170 
3124503 4012279 4353385 4085685 4874856 4145630 3884628 4764156 3853767 2526457 
2193744 3619763 4357423 4328441 4628371 4673005 4255153 4724676 3729951 2418336 
2729843 3865650 4827026 3407583 4449897 3733686 4262006 5535262 2554615 3203268 
2774248 3020218 4149469 4400815 3690746 5210686 4503583 4689878 4521564 2147736 
2870866 4568477 4370812 4762716 5208708 4042946 4847346 5039750 4251625 2625868 
2993801 2752791 4301529 4122496 4409581 5484571 4360475 4898408 4001957 3064724 
2522571 3968700 4882072 4337416 5074522 5407419 4713102 4653485 4015381 2391467 
2893411 3917229 4724726 4525821 4250636 4831626 4562171 4185960 3324104 2619891 
2861283 4475083 4906949 5070022 5131678 5326063 5560870 4495733 3487911 2901949 
3080502 3786623 5051084 4005739 4058359 4503678 3736432 4625408 3832956 2225416 
2716129 5345315 4972565 4786975 5021686 4357134 5542987 4655265 3857175 3237350 
3107550 3755315 5129304 4509468 4550203 4093012 4877082 4645133 2888439 2842228 
2836270 4885649 4756128 4345925 4400794 5131847 4849268 5884347 3763196 2684362 
3365956 4032595 4678949 3985945 4116063 3660784 4545403 4290317 3856411 2442388 
3470425 4134880 5819002 5108193 5187417 4418869 4900405 5412398 3989250 3555188 
2889039 4471181 5733230 5398968 4915393 5601475 5238842 5707185 4512403 3257876 
2931686 4142824 5280461 5441569 5286931 5481800 6396526 5296979 4863313 3625636 
3064616 4293249 4899757 5169636 5264822 5162433 5067577 6329615 4004041 3202656 
3413978 4505352 4501783 4687061 5274353 4841485 6479644 6196853 4952177 3291117 
2942110 4018764 5265751 4532581 4081380 5046706 4865899 5659324 4606140 3297567 
3298575 5251844 5097397 5245774 5445325 4649749 4046495 5072273 3632273 2446229 
3526266 4579287 4785170 4913419 5730464 5149562 4204254 4439516 3440120 2711365 
4132609 5738218 6278772 6658787 6285119 6349736 5839395 3867188 3792265 2376116 
3072984 5088852 5612802 5474448 5370404 5775796 5716702 5391376 4054435 2860332 
3770709 5091490 6156351 5356323 5248212 6002813 6032403 5369174 3992691 3026390 
3600415 4542202 5236497 5499168 5297724 5181218 6838000 5288065 4899951 3648608 
3663654 4126377 4798545 5061630 3979157 5750070 6100227 6086682 4877647 3233773 
4124672 5457265 5398133 5746328 5251496 5963137 5978993 6555564 4489259 3411252 
3492355 4552935 4995894 5251289 5886187 5564919 6081865 6070111 4422431 3836905 
3304018 5271088 6376469 6926270 6453582 6157744 6536728 5328938 4955794 3027365 
3568231 5162719 5190979 5332571 5510879 5960333 5598385 6832677 4442886 3311627 
3499501 4780635 5877802 5410709 5851490 5505151 4691369 5056289 3960746 3131510 
4412919 4287128 5899640 4033214 4525961 4324739 5534784 4803552 4512662 3007948 
2522641 4942686 4859996 5360489 4320203 5009299 3926627 5082770 3035034 2125037 
2833444 3396315 5620122 3681605 4310708 3926047 4240423 4765370 3536863 2713919 
3565689 3333079 5021156 4719112 4616638 4623991 4417197 4669355 2916468 2306726 
2724034 3231049 4343867 5097335 4997941 4895011 4740426 5028267 3656415 2202757 
3616321 4218927 5161521 4464582 5109929 5971470 5222308 5549025 4248374 2908445 
2907254 3592307 3693764 5217598 5164513 5294283 5824307 4611903 4708290 2636059 
2717401 4068842 4411448 5244057 5937902 5113862 6211803 5549175 5162352 3469575 
2808787 4485000 4351968 5104023 5080337 5522484 5467393 5427185 4106144 3024439 
3034346 4102369 4664058 5035873 4994699 5361903 6108470 5189827 3567229 2975924 
2550882 4301994 4707293 5322917 4339257 4960476 5583540 5270943 4224042 3091616 
2825040 3892936 5034041 4532866 4158951 4765157 5285400 4588001 3547642 3249191 
2942087 3572318 4507258 5602992 4706186 4979202 5091040 5114295 3308505 2789482 
3088531 3388366 4944969 4554347 5411165 4026484 5086454 4498252 3908834 2222916 
3656887 5276543 4511999 5890602 5273172 5175506 4678109 5420425 2733471 2879666 
4508198 5902728 5957187 5776252 5529616 5628264 5198017 4511469 3818868 2362639 
5015030 5232743 7664485 5880780 5747206 5222555 5776200 4619811 4060186 2535772 
4149834 5602466 6264716 6575705 5159999 5085555 4947451 5923515 3998880 3431422 
3363102 5622131 5993602 5944291 4809883 5313740 4810441 5279677 4220818 3662274 
4746190 4900711 6968119 6095972 5303044 5305633 6189158 4838221 4940741 3813059 
3661172 5166657 4738652 5796830 5321240 4412122 5733548 5820797 4158282 3752192 
4492185 5595582 6435943 5797563 5460527 4885285 4849696 6109594 4655578 3497091 
3146027 5757489 5842180 5984207 5538187 5170321 4935049 5052226 4449340 3605137 
3098751 5408381 5747184 5481818 5842922 5081547 5328925 6071684 4028021 3556364 
2852504 4295317 5431668 5329787 5751463 5759076 4269210 4871084 4357145 2617252 
3092992 4443266 4759302 5114327 5591401 5798950 5466016 5827516 4626322 3539509 
2828055 4768150 4971827 5238006 5569705 5652895 5832147 5812735 3662225 3144987 
2993799 3842295 5289048 4487325 5450965 5648454 5891044 6448981 5080158 3161668 
2458470 3628543 4643599 4792038 5269484 5545024 5951936 5609642 4805432 3475291 
2694207 3662082 5499863 4496415 5448724 5627488 5775527 6675849 4796912 3892750 
3219375 3786376 5045415 4057908 5552914 6424945 6152214 6868763 5286849 2903614 
3162703 4336648 6439451 4532283 4867178 6053148 5965050 5884467 5309751 4236411 
3308095 5036199 5773181 5763976 4948745 6175728 5524068 5780879 4741998 2985442 
3572746 4948543 6872337 6259323 5703213 4987349 5755933 5003443 4402168 3213722 
3356594 4294514 5848528 5667729 4984260 4645623 4395492 4460212 3104136 2804631 
2545625 4965909 5540683 6126794 5559944 4476418 4716508 5413163 3604882 2771640 
3526403 4246158 4943325 4870738 4937865 4244859 4125814 4505551 3618422 2595195 
2814133 3755014 5212859 4988854 4877874 4890568 4146202 5490835 3634073 2841158 
2769922 4390207 4529743 5002247 4870461 4896317 5034709 5166244 4078182 3011183 
2507723 4153824 4264571 4604358 4531835 4941228 5206100 5211701 4041837 3693164 
3541483 3689048 4810051 5453094 5241437 5227493 6134219 6366941 4382087 3660718 
3242625 4471509 5156165 4993089 4815164 4120948 4908417 5360110 4789710 3315458 
2971314 5276489 4835158 5620268 5658748 5398102 4756955 7228857 4488417 4348448 
3665464 4192927 5468747 4573007 4932280 4944854 4467123 4697512 4453455 2736437 
2639351 4314151 5619493 5341562 6057481 5514721 6234925 5963949 4825082 3413946 
2864575 3328287 4638316 5004271 5357831 5717865 4628180 6123702 3597226 2847507 
1979818 3087113 4062021 4671287 6144895 6202751 6307899 6022813 4813918 3190127 
2293133 3172801 3995216 3789956 5105141 5807071 5596945 5621874 4482962 2775662 
2772799 3712582 4681926 4508081 5674355 5392643 5046736 6279373 4710888 3117898 
3275266 3905820 5257988 4087995 4713031 5582249 5291104 4605436 4460940 2865442 
3277026 4369465 4800819 5457651 5209352 4934397 4504294 4856013 3300171 2393798 
3780154 4658461 5931311 5900236 5142586 5482521 5949287 5813107 3493465 2323609 
2884633 3474843 5097402 5455223 5037532 5211424 5589527 4479706 3240964 2175831 
3252150 4740095 4182228 5876991 5678568 5174889 5056513 5567798 3728678 2458375 
3227728 4045860 5024241 5305973 5503869 4566526 5281139 4861756 3481764 2792699 
3761935 4687771 5393121 5803972 5777920 4771294 5623496 3889477 3234863 2573531 
3613848 5053794 5043808 5271056 4934980 4357383 3609807 4143495 3506816 2823890 
3991638 5196848 7051837 6429099 6331626 4927698 4025647 4399414 2529997 2453427 
3254277 4430631 5503234 6142986 4974427 3864821 4679435 4336445 3246281 2595021 
3064448 5258626 6464058 5734593 5481459 5704047 5531083 4639279 4057387 3016565 
3234155 3949507 4438888 5001436 4085175 4786756 4340648 5241074 4332250 3398723 
3651807 4866934 5566761 4986319 5726227 4874753 5846353 6316179 4736330 3779344 
2860533 3751279 4613833 4137634 4050689 4909703 5903025 5599587 4662980 3473864 
3316813 4462721 5324018 4211577 5158975 6016733 5505524 6782772 5107798 4050429 
2089929 3552370 4197498 4199702 4489117 5391499 5460812 6664228 4908988 3806937 
2610694 4000547 5312979 4162761 4916885 4479000 6145511 5580141 5305209 3390703 
2372243 3101786 4730189 4817556 4103436 5404504 5850879 6340330 5285718 4128451 
2930894 4370430 3952305 4412762 4460201 4475368 4721979 5709402 4601788 3885281 
4043169 3352625 4178823 4508339 4675331 4630266 6060433 5774206 4995683 3420363 
3647208 3801794 3928037 3816177 3572753 4466974 4503073 5720255 4874036 3261571 
3816913 4634374 4769304 4820301 4022600 5588237 6170857 6238964 5324095 3878346 
3450502 4024945 5214302 4659162 4137534 4701935 5092845 5557041 4453968 3279413 
3609806 5406820 5997823 6298557 5715939 5849013 5979924 6465522 4696730 3012034 
3672238 5259853 6745704 5618313 6388752 5686097 4908035 5708566 3900828 3094206 
3745067 5903238 6973885 6349848 6690609 6710457 5808192 5574221 3953427 3484333 
3572502 5850553 6676828 5519702 6896112 6056321 5039096 5713849 3813628 2443393 
3552114 5199291 6505572 5736281 5727757 5822151 5361658 5506760 4093675 3292755 
3775087 5121848 5652335 4752158 5303182 5037229 4092723 4068618 3840188 2371211 
3873210 5093437 5532940 4947455 5323593 4724016 4138938 4320735 3365376 2373829 
3512913 4150105 5528460 4761091 4253816 4607883 4965706 3370899 2915632 1825239 
3977503 5379020 5182633 5677472 4628254 4823128 5188523 4289223 3635182 2309300 
2670909 3706553 4766152 4999411 5262317 4850629 4676818 4861342 2755569 1934958 
3766211 4126948 5237534 4444395 4692183 4500037 5666875 5379684 3761228 2883401 
1943489 3338669 4198970 4663770 4848694 5456690 5055490 5113342 3654334 2752043 
3540725 4036658 4226343 4393074 5519086 4951559 5599910 5865495 4718275 3408229 
1992085 3412432 4520475 4652014 5103328 5565988 5712219 5096217 4782733 3356710 
2689468 4239485 4582180 4781829 4408082 5588854 5372241 5657325 4424524 3278945 
2064931 4392287 4984578 4743399 5792637 4782924 5497132 4810693 3824714 2771119 
2886160 3546465 4533401 4034588 4656317 5085924 5204404 5537507 4119687 2862297 
3004913 4365072 4807174 5002185 3642671 4373416 3311092 4171822 3076626 1897309 
3858826 4741312 5103181 3962276 4093573 4043962 4446289 4930043 3793932 2724781 
4552824 5546841 5928858 5489359 5036702 4243474 4193150 4163791 3156739 2405644 
4108095 5189522 5255564 5022551 4639444 4764339 4836865 5381370 4861644 3448995 
3834758 5973414 6473315 5679177 5109330 5251530 4701957 3316845 2918261 2908339 
3964344 5368123 6586008 5102937 5008083 4699659 5128247 4896977 3195607 2833652 
3823907 4794785 6177456 5577821 5132861 5809947 4989297 4931313 3699138 2439290 
3156557 4351012 5041321 4663192 3390323 4475666 5281134 4154070 4108239 3076254 
3019518 3910688 5565729 4680090 4380201 5697639 5121569 5426304 4250079 2974041 
3094286 4032596 4252292 4831029 4282621 4704138 5727927 4971404 3842604 2670411 
2650617 2900851 4120383 4086182 5269346 5512161 7194739 6279147 4856229 3747733 
2653111 3292395 4436693 4525404 4268904 5929303 5405566 5657715 3594112 2427763 
2400756 3534023 3670241 4673997 5463619 5663662 6771249 6930865 4607908 3307681 
3920877 4029773 4914734 5768847 5834518 5373896 5605352 4876665 3782686 2219078 
2918245 4451603 4190947 5012455 5800561 5487603 5764161 6360293 4483206 3268033 
3690478 5307153 5383347 5974516 6177246 5416984 5379183 5868816 4201931 2666784 
2982014 4336140 5817807 4785034 6912773 5684348 5693526 6268692 4803043 3364059 
2691967 5074027 5086603 5172216 5909182 6402562 4694732 6924712 5149732 3142200 
2907598 4521113 5429289 5336907 6368624 6412746 5525138 5547902 4915550 3259066 
3137575 4973056 6328584 4823443 4824360 6338656 5534394 5304699 4668274 3258482 
3145528 4589515 5294978 5325098 5239714 5707162 6009164 4845975 4132142 2408084 
3557291 4018388 5218847 5103169 4320030 4867268 4679162 4936342 3503465 2998303 
2727774 3778531 4032165 4810760 4614205 4606993 5270591 5404124 3621899 2269242 
3444007 4107835 4608980 4515507 4909653 5351058 4602735 5306938 3892942 2846360 
3486565 3914661 4616360 4531533 4640712 5115000 5062813 4699609 4424755 2534805 
3432721 4736237 4608951 4891507 5133685 5823672 6206383 6431984 4728736 3360621 
3768528 4737687 4822874 5335245 4684260 5646093 5874869 6134915 4424533 3423818 
3232809 4794729 4606924 4046978 6445412 6273277 6926555 6331972 5373298 3373150 
2924677 4526440 4372791 4061619 5139741 5347880 4977506 6541379 4347297 2899644 
2433037 3733008 3512661 3500514 4777249 5723187 6080403 6737311 5206258 3030796 
2851770 3506478 5025995 3783504 4703290 4757776 4698885 5663151 4006226 3645401 
2660558 4508237 4447043 5144121 5107889 4905373 5917586 5502805 4461537 2629893 
3352333 4677841 5282207 5395362 5978888 4548301 5100414 5840749 4462683 2700711 
3995225 4279583 5633265 6026340 4630632 4989217 5132870 6043606 4286104 3592992 
3811776 4807438 6050609 6055387 6719914 5055933 5734914 5534999 4188455 2809903 
4218079 5454435 4978309 6241407 5416599 5585253 5143700 5018635 4683263 3263499 
3479036 4200064 5514656 5664239 5749262 6131990 5299036 5753172 3943438 2681820 
3059652 4261776 5386749 5078103 4525471 5363071 5798074 4909982 4154859 3315317 
2339071 3765443 4117738 5586420 4429445 5286588 5533555 5838599 3493222 3141893 
3790159 3696063 4650092 5101709 4098720 4097668 5138393 4865407 4310569 2010519 
3845510 4485600 5362790 4960143 5924037 4081246 4946748 5668419 3393182 3602122 
4383714 5179216 4798487 5516714 5032235 4873680 4584230 5580848 3679780 2618046 
4139775 5830348 6135842 5834372 5833988 4854841 5248946 5226435 4496555 3104618 
4135187 5847607 6746211 4762517 5247875 5972071 5003392 5767372 4185144 3536300 
3429410 5327693 6100721 6680596 5353280 6005302 6411298 5239730 5378721 3727991 
3892741 5476356 6413990 5819873 6301604 5078446 7238522 6010736 5115266 3974369 
3232491 4389272 5782420 6925282 5093597 6461663 5899551 6327852 3836647 3601299 
3656319 5109805 5997303 6006270 6264950 5173450 7196729 5489429 4235584 3108469 
2601710 3836354 4621540 5373070 5739650 5934415 5035637 6377016 3825004 3194973 
3051200 4923016 4471235 5403605 4563124 4657067 4815791 5248513 4364246 2398428 
3063837 3455361 5579963 4515728 5009542 4965592 5182390 4396731 3602562 3233590 
2202672 4488264 3981667 5105232 3283427 4573514 4720184 4802402 4049144 3081112 
3203870 4184334 4714260 4617266 5391207 4539831 5490303 5411440 3911439 3316758 
2755770 2827100 4401631 4264853 4791900 5258693 5529583 5804673 4231229 3053138 
3125067 4443506 4928308 5296047 5269243 5724152 6181829 6469729 3947397 3479393 
3111124 3718793 3824836 4578861 5233757 5853351 5099900 5645474 4577838 2756533 
3567682 4418078 5816147 5497347 5996561 5626817 6015324 4696845 3686797 2953336 
2836426 4564169 4926562 5598541 4709826 5778037 5548258 4206864 3247139 2466880 
3895667 4808123 6353087 6368827 6409156 5308224 5587298 3980727 3433565 1785836 
3189952 4447153 6272124 6115800 6618732 5711796 5491957 5291204 3002777 2554496 
2813983 4701853 5271334 6272466 6332618 5892030 5429667 4589166 3333955 1560776 
3272201 4447856 5547022 5438687 6574014 6888308 5943673 5719846 4083958 2372165 
2507495 3694862 5895996 5076425 5794804 6253903 5596188 5610337 3871608 2655345 
3257059 4460141 5155482 6732648 4605322 5717172 5956689 5379415 4301111 2980498 
2647686 4310301 5310896 6440332 5772883 5329734 5310301 5078518 3715690 2832416 
3428217 4017746 5547308 4769817 5887239 5032746 5121690 5455721 4035775 2702482 
3175892 4567368 4938828 5309511 5377589 4764523 4383005 4943704 3230591 2791702 
3533346 4898999 5202342 5276460 4466162 5431712 4785474 4494756 3915670 1728055 
4469630 4286545 5990802 4850550 4608322 5396355 3886102 4556327 3365716 2487852 
3109193 4557185 5031196 4536526 4622885 4672476 5313541 5103828 4052336 3015708 
3112170 4178281 5171251 5347463 4599369 4633796 5373416 4100725 3776996 2780699 
3090905 3657817 4891023 5532858 4014622 6456328 5360701 6177698 4414677 3485730 
2558167 3469180 5092497 5026256 5684969 6073044 6057390 5453128 3974374 3261008 
2784360 3701903 4618990 4871425 5411832 4972499 6891548 6769403 4858574 4016607 
2880432 4984192 4095928 5384328 6019619 5291212 6007257 6394105 4537267 2384358 
4237501 5165383 5345519 5416929 5496562 5578494 5070361 6019921 4179057 3716233 
3875225 5149558 5338896 4661920 5703322 5568911 4715943 6072341 4639249 2346177 
3723555 6016706 5326512 4805050 5511004 4715733 5217698 4671390 3817843 2933272 
3845357 4693812 4384904 4554539 5275099 4888959 4649492 5057146 3979243 2680839 
3541013 4964982 5075597 5709874 5272975 5500219 5804845 3912838 3969540 2641277 
3540041 5011535 5761510 4519462 6212467 6646400 5625489 6366574 3692346 3171475 
3151665 4315792 6096631 6266720 6377901 7095954 6546281 5982353 4777449 2555816 
3148754 5607186 5540051 6355536 6207829 5997358 7273546 6111070 4713435 3373546 
3113140 4207094 6430402 6323183 6823444 7450228 6931812 7321977 5025021 3635549 
3315655 4061755 4410880 5696667 6000730 6412774 7232802 7173778 6037015 3887892 
2878018 4187219 4936793 5169812 5936341 6271033 6808429 6599235 5200545 3952486 
3429309 4406644 5277399 4165443 4871687 5780837 5961793 6397907 4474791 4232690 
3547042 4951629 4346767 5889775 5120668 4699700 6327674 4768552 4192519 2625159 
3018268 5062773 4796970 4664062 5292907 4452481 5291291 6038884 3978181 3525773 
3310869 4126562 5714713 5326454 4977318 4849239 5143477 4404527 2845389 3074976 
2756335 4433985 5201609 4450439 4669125 4615650 5157902 4682263 4413617 2517096 
3601491 3863391 5965605 5945794 4620610 5090735 5296671 4758219 3395547 3050836 
4155678 4825058 4174258 5220045 5070878 4622827 4605946 6059270 4001672 2959712 
4491067 5948185 6441429 6723065 6450059 5452290 5535254 5290608 4202927 2392750 
4131254 5717739 6187607 5716334 5796601 5066509 5021344 4740302 3261805 2734009 
4456142 6179024 7140663 6413615 6435273 6643599 5067716 5623475 4455617 2463341 
3734271 4782530 6971104 6650260 6400765 5232578 5504202 4664932 3625137 2749498 
3440835 4450626 6191142 5784105 5487999 6709870 5718859 5542532 3779686 3265899 
2426649 3908481 4952464 6851544 6208968 5460264 5842267 5418261 3906860 2999951 
2781433 3095292 4501311 5362239 5424732 5239530 6239953 6081174 5339359 3393430 
2441505 4064773 4764882 5461022 5357551 5483276 6040720 6136821 4212756 4299262 
3078577 4281935 4575681 4666891 5179366 5011472 5284788 6073024 5252783 3321151 
2981507 4440171 4495371 4990375 5221051 4519383 5378172 5367440 4753850 3621329 
3202049 4849148 4852424 4665017 5044167 4818431 4583506 5714433 3826341 3131790 
3444859 4410485 4449792 4599915 4795951 5141556 4587856 4372211 4348663 2432005 
3216010 3949238 4417669 4659718 4330354 5514151 4984712 4559469 3240794 3014655 
2614304 3835828 4162263 3794781 3891333 5059268 4630665 4104206 3516795 2047295 
2755799 4782043 4212808 4771828 4595407 4499516 5483640 4542575 3722629 2506245 
3248366 4741713 5056370 4725505 4093979 4169402 4075186 4657277 3259767 2912429 
3640635 4858649 6019791 5008309 5133348 4397182 5372444 4364754 3807228 3070321 
4257503 5056841 5985602 4266465 4696477 4230853 4292064 5581083 3973680 2860003 
3478338 6243178 5822826 5984354 5251987 5013613 5565817 6117180 4823330 4084613 
4414940 5979881 6233665 5206483 4394681 4656960 5015129 5881929 5020308 3815875 
3716943 5416712 6156892 5641297 5502572 5787852 4457204 6046513 5032712 3466639 
3908681 4781101 6128918 5595534 4805856 4325201 4768175 4903321 4154789 3588272 
3723569 4659731 5553840 6669397 5119424 5655704 4734204 4696644 4038773 2480398 
3899815 5081268 5697924 5689768 5815940 4730155 4836190 5091774 3468198 3167581 
3205013 5027675 5522728 5710899 6256188 5724116 5066123 5292003 3423730 2606417 
3509798 5042472 5627119 5314772 5481851 5623403 5673470 5135335 4593090 3313974 
2531506 4441607 5258640 4496353 6318947 5547095 5594832 6268737 4869432 3087108 
3056216 4400415 5598744 6233821 4120020 6191817 5268128 5727742 4571276 3791962 
3219998 3881943 4790865 5242833 4617148 5140608 6047254 4650665 4160329 3609996 
2620840 3127293 5589242 4445103 4884826 4673491 4658766 3974673 4077685 2337702 
3495094 4595623 3923724 5853050 4787811 4974555 4546631 5358801 3492859 2765171 
3072560 3778436 4706536 5416484 5539694 4871130 5580711 5014684 3251750 2585774 
4075267 5014604 6430964 5290541 6378203 6510210 5891975 5339117 4696306 2973813 
3310013 5523491 5054427 5165249 5765896 6018500 5832399 5198401 4523569 2837293 
4152451 5831223 6572363 5757650 5952517 5586847 6117647 5233916 3984378 2878668 
3727525 5626791 5745501 5182011 5534242 5923451 5877050 5809412 3689612 3188307 
3670272 5355527 5191572 5669696 4191662 5766364 4954412 4098677 3789113 1974438 
4173097 4602722 6271563 4352681 5573029 4418517 5809816 5183710 3444290 2217907 
3423103 4825675 4965999 5127487 4643363 6004821 4416054 4484400 3209738 2357242 
3409713 5638113 5260905 6188460 5263721 5520610 5862929 4057700 4211965 3270915 
3339678 3640746 6635973 4973357 5066822 6144036 5210020 4836939 4196955 2859997 
3381994 5283274 5504865 6461608 5378094 5173500 6398242 5406986 3914340 4016396 
3395503 5380999 6950015 5169281 5776447 5914939 5181916 5968224 4492114 3625877 
4280288 5805709 6445122 7321702 5462577 5473688 6093615 4524163 4400936 3049433 
3868941 5930768 5974153 6217320 6126697 5569013 5439872 5781615 3988774 2628972 
4239826 5517065 6731447 6409364 6621162 5646062 4381209 5058374 3330874 2369449 
3344343 5508017 4887868 5466654 5796094 4552061 5709659 3829309 3168107 2251981 
3357899 4658543 4965208 5588075 5317167 5125812 4648863 3728083 2595752 2004038 
3043725 3956290 5143813 4576221 4930377 5111577 4133158 5090062 3289286 2511903 
3114201 4394695 4607692 4978433 5611095 5205008 5670172 4592840 3612319 3126257 
2557390 3599995 4826417 5325811 4531661 5120369 4953098 4556130 4086692 3175665 
2886306 4155807 4319436 5294498 4138577 4624694 4716270 5044174 4573961 2537531 
3014899 3963365 5883377 5549281 5928574 5223701 4889771 4322672 3495022 2797983 
3333382 4639038 4850503 4956816 5005730 3620181 5053712 4431485 3452190 2870485 
3373060 4421067 5512529 5782843 5212407 4984990 4015719 4016305 2798798 1268212 
4162536 5122351 4964549 5210038 5648263 4659176 3521039 4699567 2875821 2264224 
3142057 5047905 5601792 5303396 5325550 5902794 4824115 4271780 3412149 1925310 
4042097 4917624 5655009 5566936 4455986 5269842 5475202 4679428 4096034 2631758 
3079028 5115930 5327681 5414572 4915225 5587914 4655343 4477198 3356269 2885740 
4213859 5195623 6072577 6094478 6368689 4491161 6013562 6015540 4475343 3027597 
3536404 5250663 5889427 5561937 5498566 4370861 5372905 4820247 3426568 3367400 
3959652 5729149 6401066 5514568 5175286 5059601 4153783 6040261 3775329 3650518 
3737517 4269392 5169962 4607866 5191523 3740617 4717025 3992092 3664927 2353872 
3209612 4787863 4692724 5364134 4942004 4233603 4863734 5854167 3794168 3624109 
2980954 4374497 4700265 4954240 4736244 4826250 5218186 5419330 3817576 2922840 
2876613 4766668 4710124 4196548 5638701 4517640 5384857 4808482 4820202 3049004 
3365199 5883121 5837036 5620136 5157853 6077264 5338080 5293653 4699869 3468871 
4380237 4508416 6067692 5449593 5043359 5547061 6112468 5442411 3894765 3425347 
4312029 5601546 6255726 6011567 5324971 5097142 6313798 5188091 4913646 3376009 
3830720 4632052 4825766 5107655 4793902 5345164 6418529 5943221 4253451 3279334 
4015828 4889805 5371584 4959279 5243907 5230948 6373499 7288841 4729948 4068820 
3256220 4648650 4494840 5190920 5693454 5944929 6074082 7058303 5554384 3398937 
3859038 4124328 4172921 4277875 5555801 4882715 6713490 6622727 5256117 4138306 
2882168 4884578 4864586 5046543 5987907 5554797 5377214 6696234 4635161 3452493 
2666714 4421343 4867393 5245154 4633115 5893291 5851000 5638864 4898906 3166656 
2874081 4865423 5912475 5433082 5704588 5650785 5187664 4804527 3624533 3306115 
3481893 3557634 5609561 5378826 5254603 5757661 5622513 5343631 4292726 3048394 
3052884 3866862 5475291 5407994 5428110 5302637 5835895 5290447 4487909 2654022 
3147707 3569815 5432054 4765265 5017604 5719495 5267090 6303637 3971052 3196627 
2331961 3603771 3830420 4212785 4036378 5258583 4483819 5403441 4990118 2580472 
2822891 3881687 5384796 3419032 5174622 5310010 4663243 5338307 4811266 2707035 
2730319 3507268 4215469 3790561 3043799 4463655 4281528 4205397 4251643 3300781 
2749454 4890145 4641344 4757444 5239397 4654652 5111472 4327443 3967854 2928445 
3414538 3933669 4689876 3913538 3612396 4514752 4947578 4769932 3853701 3311969 
3344998 5263731 5644291 5104407 4718550 4584527 5226672 5133747 3255981 3163699 
3242928 5004402 4792144 4341636 4438931 3847179 4525240 5633858 3608054 2877680 
3516325 4263794 5661113 4436077 5325590 4384737 3537992 5176818 3676463 2320726 
3052649 5023824 4836814 5336401 4376533 4681301 4645673 5165699 4523440 3112299 
2799528 4559814 5972519 4894014 5564296 5082467 4297594 4583268 3679588 3150644 
3241977 4411313 5582845 5278222 4422005 5376487 3918301 4984636 4843097 2906875 
2077128 4468156 4699612 5085234 5703081 3882203 4625277 3942222 3403441 3292071 
2994427 4589805 5018077 4978604 5034451 5157230 4168726 4167695 3847319 2712264 
2773269 3290694 4294650 4907562 4221366 4569825 4972720 4382189 3509851 2523477 
3236599 4137957 4188675 4539467 6307780 4577165 5117199 5613590 3147252 2443199 
2813378 4333615 4688406 4503594 4424820 4983903 4587929 4728868 4617595 2114802 
2929552 4962642 4342456 5170899 4849592 5547369 4418366 4283962 3211963 2225045 
3313206 5064345 5240399 5457473 5231093 4477891 4617344 4928353 3756234 2334387 
3272457 4434915 5336601 4838468 4760170 5072356 4478540 4008623 3270990 1920583 
3762605 5286293 5595019 5872698 5330507 4827308 5721320 5173249 3121947 3141769 
3443118 4115911 4780160 5058561 4412788 4249463 4818240 4928164 3832819 2412122 
4214176 5201109 5512141 5703422 4910430 5095792 5036995 5599360 3813378 3501351 
4034409 4763691 5254501 5047466 5744696 4773727 4570361 5697874 4099802 2980219 
3448993 4852181 5185327 4596489 4938245 4515838 4871184 4914187 4078562 2967384 
3832556 6185807 5427969 5751483 4516835 6148355 4569939 5237689 4177158 2801679 
3574483 5130841 6357851 4579877 4912147 4619521 4061429 4452659 4066635 2363774 
4680273 5972713 7754228 5771966 5687125 5906210 4986518 4806631 4095786 3161287 
3406948 4632657 6029121 5655095 5436919 4835315 4118827 3807134 2683047 2662133 
4024986 5151175 6641310 6042238 5064309 5532247 5335658 4988016 4130263 2902656 
2959128 4282284 5122559 5112437 5399260 5011280 4733141 4785696 3015667 2990081 
3270232 4551449 5218549 5444441 4452938 5365367 5659943 5193742 4763512 3564843 
2700839 3855485 5147504 3937375 4780486 4860097 5205405 3822829 3862073 2790713 
2646200 4861758 5933905 5452571 4930016 4871468 5200594 5132644 3564320 3520410 
2951595 4545089 5530053 5996519 5451901 4280805 6132575 3662968 3361507 2418052 
2486314 4448038 5345395 6314248 6239749 5932364 5342232 6092874 4007491 2933688 
3177697 4439726 5766402 5027282 5828493 4293986 4257261 4566374 2924058 2377289 
2024689 4461756 4992803 5155075 6765749 5465367 5831105 5881744 3668098 3036331 
2829115 4640728 5097559 5887999 5817494 5203221 4462589 5446293 3988305 1965211 
2584559 3933355 4726589 5637565 5820568 5540594 4892976 6244791 4175840 3099858 
2998528 4410870 6473427 5964471 6142049 5932505 4340580 4933840 3703443 2474823 
2926598 3916451 5498667 6177184 5486386 5778259 6068467 4571570 4190861 3010624 
3205769 4598819 5650276 6956164 5102377 5930216 4988890 4788032 3383374 2594929 
3508462 3848615 5340969 5997386 5121636 4743506 5827476 4553927 3276619 3172999 
3247157 5095855 5286114 5466319 5303859 4648124 4932134 4533627 3758438 3238943 
3021314 4818192 5137841 5682437 4742085 5162759 4860306 4315143 4083393 3537724 
3409737 5254280 6488507 5095322 5280718 5079429 5138734 5142878 3715537 3176445 
4085342 4681373 6296484 5542336 5461199 5257700 5506555 5770768 4621712 3070091 
4241152 4607733 4923072 6091991 5261842 5658536 5944791 5359594 4397495 2965469 
3470621 4693406 5680122 5561798 5434141 5857071 5893716 5559234 4421086 2625361 
3365013 3752254 4498461 5355142 5445852 5727338 6120216 6254086 4328339 2840102 
2845561 4240714 5061848 4994906 6508810 5122862 5270757 5284786 4033454 2929146 
3045943 3762149 4656167 5496268 5183349 5561747 5969693 5004580 3845352 3208376 
3289015 4344148 5459083 6388258 5011949 6235748 5669222 5501324 3720062 2807260 
3484409 4730132 5727696 5934648 5899028 5282978 6637515 5677521 4337747 3563134 
2844113 5442205 6107132 5801732 6495634 5519203 5636224 5494927 3915536 3423387 
3581951 5787126 5916402 6976227 6124320 5837287 6719734 5717533 4848804 3425535 
2797010 5452560 5696388 5668431 6144615 5625972 5358017 5691472 4079525 3556625 
3640308 4814989 5973801 6414202 5157558 6141179 5832317 5994501 4659322 4045686 
3062619 4502406 4621952 4570660 5362057 4480283 6087024 5506622 4842666 3420275 
3175735 4484727 4386799 5185359 4111748 4811431 5698102 6065412 4609360 3916306 
3096498 3699287 3885426 4149072 3292671 4004769 4063795 5401262 4274876 3607521 
3517766 5025259 4316071 4656940 4582453 4123991 4500314 5329263 4501735 3106568 
2805885 4729658 4590165 3993402 3701477 4213607 3593058 3948515 4364297 2951328 
4124526 5497976 5616653 4926037 4931631 4461473 3976308 4603647 3282729 3054442 
3080837 4806307 5435048 5222313 4220695 4848780 4345943 3865019 3567035 2283944 
4195330 5980400 6500317 6233793 5168613 4879098 5549461 3796213 3232407 2760047 
4025043 4995744 6761541 5019860 5862491 5345989 3926026 4803953 2853211 2023284 
4336833 5444544 5523453 6818159 5181899 4505116 5410426 3878275 2953256 1780731 
3360104 4772614 6021897 4772913 5740246 5076112 4928546 4343589 2776516 2338289 
4744245 4389732 6095226 5392528 4970760 5851419 4778259 3736236 2990374 2067217 
2412914 4682832 4478895 5533227 5019004 4501451 5219031 4509015 2244767 2122107 
3530723 4396586 5647115 4784022 4138964 4715612 4842263 5193179 3513096 2662736 
2455754 3081591 4465617 4555336 4073035 4434727 4905280 4596958 4386289 3631300 
2386829 3377681 4084883 3470237 4249029 4185183 5338434 5780360 5017198 3719241 
2565674 3692513 3892616 4148538 3849826 4951451 5856729 5619475 4411303 4057995 
2517407 3436785 3779440 3615533 4058761 4220354 5988736 6909172 4553313 4162865 
2607177 4103651 4739539 3700822 5202276 4742980 5786370 5330002 4582739 3350572 
2119907 3826001 4474682 4631341 4416670 4717494 4792608 6539965 4189099 3525021 
3149602 3390735 4872898 3745471 5000796 4768310 5585607 5537544 4853859 3166656 
3051913 3653221 4954164 3976977 4228834 4523895 4770784 4421743 4223917 3290974 
3192504 3991989 4782877 4829954 3918975 5675654 5085269 5928176 4620119 2411503 
3349653 3560504 5622203 4648752 4740380 4689204 4548192 4259368 3418025 2513668 
3242547 3614532 4902635 4752276 5058996 4983250 5775630 4432236 3748673 2693800 
3163759 4870312 4640496 5462209 4818405 5510268 4857127 3394296 2723989 1578594 
3932686 4231890 5952738 5076328 5040404 5605344 5454975 5011486 3459073 2857193 
2561539 3678514 4929415 4234836 4930816 5353969 4819221 4351597 3176689 2161133 
3667204 4503891 5147108 4949409 5001829 4001517 5317273 4812153 3586849 2326668 
3459024 4127971 5106217 5842377 5173772 5406297 5523167 5056339 3357753 2588899 
3798270 4726012 4880795 5139813 5027254 5479456 5162895 4614158 4249040 1952817 
3183035 5145892 4779377 4405428 5679082 5172120 5003554 5216132 3903596 2395541 
4228953 4577253 5363595 5484808 4885713 5677492 5169416 5179298 3698944 1948615 
3411396 4742059 5759559 5782154 4959157 5139624 5465812 5017191 4466266 2309492 
3375067 4339585 4995145 4821907 5308988 5443249 4926639 5273588 4129366 2597355 
3761067 5130194 4505932 6047567 5680571 5863256 5185299 4681954 4011162 2613923 
3466438 4992536 6269419 4654191 5374917 5299490 4522804 4713739 3035864 2529090 
3498059 4961140 5572520 6246830 6440194 5205257 5624146 4854933 2375876 2344314 
3290251 4928771 5092218 5450979 5236665 4894421 4347685 5094326 3609250 2495431 
3697711 4979145 6166122 6344212 6636084 5123020 5910315 5122829 3199660 2856929 
4050268 5181529 5800191 5064771 5793535 4770719 4564558 5305943 3513119 2344980 
3263169 5568635 5307950 5345016 5396866 5698803 5003505 5434244 4389704 2532676 
3669296 4379792 5273172 4953284 5238095 4589466 4399871 4751461 3279168 2466883 
4190053 4647816 5516076 5411144 4744472 5517832 4559462 4131589 4429727 2052264 
2934314 4411210 5063997 5322530 4315727 4838905 4764724 3943835 3075926 1880329 
3729479 4205904 5158303 5036102 3488452 4450825 4123951 4959115 3210637 2391267 
3361984 4153129 4000422 5236760 4449311 4461145 5462921 4630773 3465529 2865068 
3678984 4576361 4773888 5508587 4653938 3935098 4779443 5032417 3670446 3012794 
3529521 3423500 3936918 4768108 4536296 4872199 5209615 6047809 4395941 3571734 
3335026 4809442 3720341 3862094 5036299 3261986 4811150 5360737 3892470 3740572 
3096809 3223669 4849630 4202521 4011031 5016401 4550341 5972413 4611063 3313347 
3159955 4842250 5021892 3730078 4426894 3457210 4742668 4762660 3933127 3424313 
2717014 4280414 4847900 3912449 5324708 4214905 4550915 4409191 3769335 3024996 
3704552 3800998 6069782 4504651 3946203 4745475 3675122 3966184 3303795 2034418 
3233929 4954442 6066975 5511175 5678566 5574735 5306942 4550347 3191395 2235024 
3702260 5076453 5370695 5755617 5305653 5310727 5270399 4870642 3377664 2461716 
4003141 5297016 6068060 6905767 5545635 6594376 6108773 4953349 4736862 1843505 
3689208 5802151 6077871 6008380 5826322 5788980 5780853 4714897 3815369 2543729 
4342140 5679223 6289683 6359974 6648773 6536736 6316481 6655326 4606080 3531575 
3933847 4599149 5798177 5290638 5573764 5315845 5433658 4534685 4311399 2349615 
3156536 4408601 5269810 5611053 5566138 5970961 6499616 6534408 4245113 3354356 
2496887 3440764 3698618 3762076 4874875 4955518 4469907 5270492 3139309 2541864 
2708204 3063085 4723540 4873357 4890430 5725804 5333397 5738469 4098466 2523676 
1833949 3136204 4209517 3782554 3913405 4204889 4120772 3847634 3005695 1637413 
3069730 4150593 5326140 4854103 5053883 5207334 4589264 4658906 3397771 2906733 
2690592 4213480 5135758 4949175 4814562 5067509 5004554 4451556 3418998 2538677 
3665963 5104662 5701161 6228228 5752262 5094446 5207401 5043170 3549809 3148870 
2984405 4662652 4973646 5878086 5491202 5000286 6387924 5414965 4082151 3193571 
3133299 4284293 5254783 5062886 5280724 5263711 5118513 5759770 3849892 2944033 
3400216 4807970 3346954 5509508 5063247 4968430 5532732 6130397 4630057 3107588 
3556852 4212766 4866311 3973885 5236884 4527705 4229777 4165072 3155802 1931854 
3419446 4212604 5026950 4289793 4402196 5672774 4999875 5123066 3954226 2844321 
3287902 4486412 5442254 5971638 5594784 4920801 4980131 4269334 3498622 1747358 
4136289 4951721 6512235 5429374 5829783 5790085 4558205 5723697 3496637 2643889 
4159901 5425826 5888350 6510584 6210617 5673625 5032462 4576488 2777031 1954224 
4384635 5355738 5597125 6613929 5339278 4796746 4712529 4270717 3454228 2082798 
3582430 5351067 5867688 5227322 5701520 4404426 4615827 4882815 2777466 2362025 
3988133 4295705 5749742 5924519 5646764 4786914 4353201 4253028 3095912 1833558 
3666395 4705696 4446052 4867177 4478226 4054022 4014516 4856888 3710156 2788082 
3855526 3839161 5554611 4338524 4141585 4978901 4289380 3810918 3914401 2323960 
3864520 4489687 5338408 5817645 4052187 4153213 4159064 3888287 3942265 2866141 
2928875 4083937 4441168 4567176 4269566 4415159 5129940 4161447 2917325 2977400 
3751640 4299153 5248717 4922835 4745725 4591144 4615149 3822657 3761819 2139052 
2344354 3250648 4119404 4044236 4404613 5146153 4603533 5362864 3156734 2651267 
2477893 4182111 5373602 5483772 4880485 5170126 5558879 4935673 3817023 2922629 
2075366 3320941 3752212 5084673 4589212 4512896 4829417 3812141 3634471 2191715 
3074779 5038298 6328715 6711455 6676581 5370944 4315830 5068657 2905756 2577604 
3208157 4147491 5530384 5273819 6299923 4270769 4335961 4097822 2903825 2016852 
3400886 5583013 6343109 6778140 5989922 5170751 5212455 4252658 2558932 2611981 
3952299 4293594 6187794 5057913 5251894 4902765 3530119 4551014 3035348 1682468 
3801253 4415963 5286395 5450211 5750797 5281249 5519950 5358950 3786193 2763976 
3315055 4763018 4699067 4545777 5044012 4743991 6035053 5188753 3628747 2982498 
3169562 3689720 5281773 4220322 4640237 6144157 6193186 6026127 5516642 3257400 
3767442 4981540 5936527 6090071 5094870 6061614 6216629 6609823 4740997 3594959 
3309208 4182471 5842969 6020996 5921104 6360453 6086429 6785951 5134322 3355456 
4898474 4993786 6259836 6008187 6062354 6320542 6504908 5956560 5650911 3612918 
3577153 6034090 4890388 6635511 6438470 6137295 6002490 6570783 5299247 3160768 
5108647 5257928 6635273 5793141 5699081 6717278 6395185 6430426 5643194 3825235 
3305679 4851092 5717670 5250647 6182800 5467474 5847454 6433326 4594174 3708777 
3029832 5347174 5512766 5493202 5061064 5743665 5887323 5779195 5264079 3488119 
3567074 4476660 5697213 5172975 5643978 6213943 5650254 6388468 4838071 3737504 
2836024 3132835 4562195 4846107 5203582 5718579 5773026 5995529 5120262 3650725 
3118111 4820778 4537643 4889133 5009574 5023915 4944418 6082587 4310870 3428836 
2276844 3708553 3735319 3868295 4225298 4483397 5809358 5341311 4438975 3119633 
3509584 4880075 4864118 5084375 4495383 4153893 4873554 4859489 3644796 3162272 
2914408 4186615 4859758 4096638 4258671 4816828 4968551 5039062 3913798 3028199 
3883420 5597917 6427156 5610144 5329185 4217068 4756538 4112784 2925593 2643562 
4505943 5679285 6338259 6074893 5538142 5053100 5166364 5372705 4423010 2542735 
4422384 5724481 6680461 6442309 5762226 5055749 4791644 4931013 3254003 2911829 
4768182 6085817 6594405 6865807 5995954 5825345 5809606 5316890 3949449 2740929 
3507326 4895485 5631140 4573445 6176960 4744243 4749462 4840850 3554792 2216062 
3092209 4842659 4750729 5220448 5593825 5997850 5088223 5524552 3909446 2439111 
2344090 3284800 4502430 3786920 5414134 4231911 4833145 5191226 3179414 2644959 
3164916 3601239 4687109 5397340 4956659 5438896 5645373 5029582 3152762 2568675 
2477023 3300808 5264092 4114112 4911518 5371889 5716400 5202062 4465616 2661652 
3538817 4119530 4666351 5442216 4133725 5153951 5316179 5800657 4423689 3280557 
3301567 4169082 5003274 5237895 4344160 4523117 5499239 6012658 4254521 3820061 
2907493 4406100 5434755 5242211 5612205 5747501 5348334 5846233 5166093 3261698 
2903577 5130581 4358356 5642560 5292690 4823927 6261206 5391672 5291069 4256070 
3306436 4493622 4844318 6256307 5852104 6255919 5888446 5985625 4273055 3699113 
3416222 5630108 6238289 5062005 6109487 4709521 6139234 5171543 4468145 3560328 
4027390 6257406 6283954 6725477 6357026 6737721 6742401 5774424 4292994 3836964 
3964763 6506246 6255846 5557457 5592218 5517995 5032701 5029019 4288054 2874068 
4448083 4851896 6993420 5693690 5125050 5121141 5428939 5409451 3563772 2625041 
3763241 5801308 5563371 6886717 5042843 5552576 4796957 4628623 3808529 2622523 
2893340 4987410 5829376 5201839 5648169 5674204 4207844 4846424 4495570 2308216 
3681692 3849701 4918747 5508675 5597845 5461929 5336902 4586407 3139322 2070853 
2211165 4501791 4556798 4529494 4604706 5001449 4341687 4778673 3830037 2864645 
4319774 4800699 5945996 5112589 6017239 5358873 5618421 5313399 3707947 2376853 
3680006 4479498 4913655 4087643 4808747 5029680 4123083 5779475 3698981 2719982 
3727598 5237095 5582841 5179534 5148992 4714567 5615677 4844363 3865196 3143926 
3341985 4386643 5048571 4367062 4265467 5555090 4215096 5231693 4083937 2857478 
2109499 4372421 4486760 5427354 5871720 5289920 5907401 4562894 4209373 2417819 
2168759 3278602 4002484 3990208 4703248 4752736 4998311 5378696 4146701 3413691 
1854952 3366822 4000510 4981466 4851380 5422557 4260920 4547889 3469792 1974617 
2563455 3500544 4267832 4101092 5176520 4728699 5687920 5436396 4110671 2749469 
2841223 4724415 5293339 5733189 4688991 5711372 4488951 4900928 3722475 2555467 
3479317 4723832 4951277 5252718 5624763 6479347 6167258 5391642 4737848 2806917 
4437216 4837761 6140831 5906212 6154292 5211552 5433887 5922431 3570317 2947482 
4071375 5577882 6142753 6812877 6423381 7033646 6954244 6016763 4635601 3204963 
3783521 5898907 6407755 4892481 6670676 6527217 5940755 6077488 4790874 3130186 
3599430 5218098 5564733 6774386 5489931 6153043 5763208 7186163 5223891 3695007 
3223451 5104456 6344424 5052546 5918686 5603924 5523856 5814423 5260938 3394662 
3921595 5088017 6168125 5418713 6099693 6048341 5646863 6475704 4974713 3791446 
2997403 4396223 5807594 4933095 5291012 6058770 5264372 5881740 4671882 3256515 
4046229 4384875 5740310 6095565 5592678 5185657 6198968 5703271 4405181 3508661 
3120217 4205810 4975178 5898070 6635180 5985092 6036010 5562343 4302485 2611820 
3411462 4948885 4894741 5567824 5960551 6793180 6160487 5846628 4521216 2871254 
2730917 3729070 4485586 4602295 5864720 6135162 6669196 5384943 4238842 2510727 
2864893 4580326 4903712 4797449 6384226 7170178 6097903 5994008 4253011 2346378 
1735711 4215164 3718030 4288352 5494358 6410166 6558824 5402927 3990117 2472833 
2936810 3679329 5454756 5295093 5301055 6418130 6173064 5279959 3706082 2721487 
2547010 4448367 4078783 4692371 5176957 5663826 5140800 5777284 4396651 2662625 
2883858 5052057 6618282 5529599 6718617 5991106 5696041 4775471 4142888 2758015 
2778222 4720372 5710975 5393460 5195067 6064063 4883016 5424236 3921524 3027661 
2772087 5244337 5880727 6530788 6951175 7027843 6157574 5517494 4331013 2784161 
2816004 4180454 5294232 5784472 5598934 6085858 6334069 5221003 5151481 3536393 
4039712 5317989 5695202 5492285 5723987 6618465 5830377 6127067 4455064 3431852 
3535761 4227560 4848693 5120749 5121090 5390627 6209634 6498704 4571540 3359763 
4108336 5782580 5267556 5609536 5342556 4882149 4611440 6129391 4949665 3106140 
4355180 4318967 5611118 4663307 5242580 5340893 5137049 5633519 4312417 2921964 
3680062 4797138 5834903 5686868 5640242 4898255 5331056 5613917 4183838 2785039 
3544556 5123539 4841018 6199160 5607187 5741580 5596643 6332166 4844514 3012317 
3397363 4823875 5546006 5378638 6185732 5945152 5581081 5915906 4104398 2977665 
3562734 4540756 4618783 5445222 5686048 5447517 6971746 6680822 4823810 3420009 
3281794 4410585 5285490 5466794 5372673 6006996 6154880 6122837 4730324 3642591 
4005538 3697914 5044737 4836826 5240546 4769012 5784500 6821365 4833406 3166092 
4220331 5071177 4739172 5751064 5981112 5469244 5023527 5547361 4189486 2591576 
3944974 4877654 4826028 4448694 4383595 5107824 4525887 5239262 4646245 2914142 
3569495 5161959 5919432 4958386 5613077 5811395 5348583 5303974 3856804 2593801 
3003254 5069874 5403126 4497979 4738609 5233799 4373308 3960590 3977335 2206245 
2271642 3892509 5264875 5799061 6326696 5265884 6521532 5405604 3783641 2988395 
2903078 4832933 4958481 5290772 4950389 5922072 4694860 4906964 3367716 2957314 
2450322 4664197 5040313 6079227 6226735 6450063 5706345 5359108 4129605 2929542 
3567553 4738125 5792479 5257923 6263084 5270058 5511647 5451322 3796774 2491975 
3051723 4843486 5696508 5885292 5715279 6553384 5478693 4889335 4325621 2708885 
3603700 5257413 5319297 5795149 4967929 6665535 5188999 5139499 4041142 2539621 
4344497 4744567 6694789 6070251 6577775 6129939 5846703 5203369 4300265 2273209 
3512200 5273049 6032646 5444325 5592349 6015844 5738026 4641570 3797416 3013139 
3628109 5897296 5721136 5184220 5426085 5796066 5522037 5282102 3297511 2728334 
3609240 4625418 6036315 5033165 4680531 5078331 5433867 5133322 3807721 2799839 
3472750 4591967 5032522 4510911 4724729 5023977 5511738 5770071 4173304 3649487 
2899829 4941460 3933669 4924090 4916963 4958529 5729819 6321088 5484461 3454204 
3257630 4189561 4602316 4664831 4594508 4417946 4850077 5139878 4659138 3236356 
3041273 5286029 5931753 4616569 5793618 5945574 5642043 6902105 5387384 4323343 
3549486 4638202 4868448 5099051 5830120 5483994 5665947 5790957 4742238 2574896 
4281622 4878475 5554012 5973806 5245856 6344723 6411370 7069640 5105861 4446602 
4058817 4460036 5590380 4879336 5624699 5903511 6425808 6216551 4705495 3353318 
3286832 5432244 5953275 4927238 6268072 6161976 6186575 6430049 5827375 3345326 
3605490 4766882 5279699 5584619 5869634 5835741 5825993 6658997 3664875 3850914 
3725487 3633243 5336355 4963525 5406532 5856825 5738881 5748096 5081116 2458398 
3164889 4029771 5523166 5454743 4710881 5667095 5302325 5083038 4794905 2615061 
2943826 4925818 4494179 5191897 4999121 5650074 5197085 6326029 4499969 3458420 
3651108 4312647 5141739 5170662 5343955 5246704 5182061 4967736 5031339 2456267 
2993557 4177134 5551491 4897099 5430826 6210868 5718436 6264942 4886027 3645180 
3147197 5661224 5504216 5318159 6065196 5319154 4936226 5303330 3625352 2671270 
3515183 5384261 6058589 5651952 5653039 7342664 5773017 5563234 5255930 2843648 
4888292 4965406 7296202 5805213 6296326 6064812 5409574 4422597 3341845 2556279 
4261954 5723049 6798886 6549605 6282787 5859128 6241388 6143398 3652801 3105502 
4320966 6796981 7347790 7022990 5869197 5581719 5299862 3727336 3514879 1888784 
4393097 6191885 6761953 6310501 6467544 5544545 5903643 5540995 3728990 3395649 
4558988 6047137 6543293 7292852 6317588 5474107 5630827 5742347 3664582 2773407 
4349331 5383198 5712713 5572303 5873776 4837196 5874420 6069907 4436892 3164846 
4455954 5277000 5850158 5210588 5694943 5467677 5147906 5373678 3650114 3060109 
3625126 5273318 4750022 5898468 5056440 5505584 5915818 6022351 4714609 3079385 
3265566 4578235 5649617 5442856 5307662 5136580 6189021 5954955 4429210 3503301 
3611420 3914444 5435559 4906102 5118554 5952266 5616303 5777717 4272423 3645748 
2652642 4207965 4079111 5055562 4493612 4300527 5541131 4959660 4348905 3358011 
3607801 4222767 5225660 4823639 4915954 4177122 4942455 4898225 4079338 3138976 
2267154 3681827 3849085 4444644 3488827 4510279 5055999 4790162 3494588 3420435 
2388673 5109521 5761249 4093619 5058333 3759028 4329381 5018371 3040969 2692159 
3615398 4244247 5094441 4817330 4450434 4463174 4391500 4585778 3975965 2160619 
3942482 5318260 5403993 5627725 5266730 4946263 4905926 5173513 3849960 3149226 
4596085 5318994 6676973 4758081 4856508 5540132 4204095 5010041 4235590 2868530 
3828044 5882103 5795108 5784035 5102305 4450377 5144852 4585202 4729033 2732349 
3911002 5172857 6168059 5846246 4300483 4789368 4331397 4608953 3514091 3202159 
2967474 4494716 5584931 4905082 4936447 4692205 4061311 3683270 2821649 3158672 
2774785 3767240 5399103 5834949 4182524 4125459 5576652 4327899 3454572 2600917 
2542013 3891595 4874198 4898446 4337586 4549841 3865523 4413944 3283923 2436717 
2886856 4078093 5410474 4739253 4534891 3521122 4669261 4636818 3362025 3609622 
3494744 4304894 4800583 5588831 4921605 4632788 4679089 4058304 3200120 2484600 
2951695 3896191 5523316 4956764 5031833 5291575 4675591 4413394 3550157 2834118 
2450264 4463829 5132783 4958942 5818996 4715351 6059625 5745558 4055074 3165113 
3126073 3920522 4645796 4886775 5088685 5735659 4745247 5226310 3883898 2809752 
3259751 3497540 4499071 5210243 5454248 5326931 6410311 6561904 4953332 3602290 
2557832 3532770 3756405 3619255 4707748 4834720 6504632 5382204 4395703 3052345 
3416749 3517706 4829811 4140207 4290777 5962605 6672567 6001519 5308570 3638083 
2814470 4212197 3290256 4508476 4058292 4587659 5356561 5688852 3645244 2537916 
3923224 4318880 5138330 5366236 4776703 5054417 5760037 5425550 3720177 2726614 
3493964 4407371 4132216 5132727 5435432 4548815 5096734 5292322 3705872 1936385 
3287706 4712717 5269861 4743992 5413318 5750467 4265809 4538126 3133665 1653990 
3469826 4118268 5173118 5877691 5452787 5957983 5117607 4260765 3573085 2095244 
2762930 3953716 5265105 4683932 5188527 5471201 4873938 3588443 2625525 1807856 
2792063 3727361 5187724 6114432 5042784 6130078 6319535 4941905 3241846 2624243 
2901356 4199751 5463122 5916065 5056669 5333953 5901802 4083142 3370466 2156258 
3802767 4936321 6006140 6549933 5803639 5270431 5989221 5917417 3408467 3081325 
4117540 4894883 5297584 5853605 6225061 4888068 5328753 5373080 3959944 2671408 
3984853 5937585 5796088 6849370 5980553 5108781 5244242 4743946 3677900 3034091 
3741510 5334581 5815974 5593634 6903748 5078089 4351267 5402566 3321130 2461336 
3230808 5020030 6182385 6427642 6061090 5990178 4359289 4391658 3461436 1960845 
3622990 4933112 5446026 5548069 5932078 5413874 4599119 5291458 3151323 2592664 
3526693 4654118 5843505 5122628 5802110 6351879 5058590 5187433 4200274 1717678 
3999442 4888498 5088455 5758530 4859672 5504707 5347182 5681415 4024453 2844589 
3582972 5637276 5475549 5895902 5066208 5239141 4947556 5501636 4131172 2512080 
3554542 4784503 5719712 5275795 5778938 5756282 5245316 5062144 4479310 3110648 
3065070 4870813 5398654 5589337 5558810 5092067 5223379 5124163 3743864 3040951 
3728385 4703786 5453391 5297019 5126158 5943886 5361710 4777570 4181942 2391437 
3954349 4874131 6305141 5806258 5388002 6029370 4880478 4988700 3343237 3192845 
3479443 4599221 4941442 5256739 5906082 5237426 6041352 4661597 4224114 2327089 
3226517 4778210 5487067 6007418 5359404 5715158 5975323 4346525 4280227 2541700 
2964125 4523381 5778351 5723870 6698371 6068537 5424631 6146185 2945663 2436916 
3184834 4579179 5432487 5045195 6503644 6365897 5917865 5110380 4054973 2004569 
3169445 4064547 5588508 5844980 6152031 6633072 5337244 4930837 3706613 2546190 
2721871 4278977 4574214 5506814 5380656 6227133 6083026 5641766 3620631 2538183 
3542953 5326131 5981806 5904099 6210188 6055130 5675681 4933526 3789858 3092769 
3066318 5079824 5856036 5991229 5568674 6470988 5862203 5695269 4770459 3000432 
3906114 5261081 5951264 6532591 5831020 5603084 6040723 6386860 4058524 3035284 
3423339 5343182 6062040 5810603 6601105 6423827 5607658 6196465 4653162 3532320 
4571407 5254887 5448386 6223920 5814782 5471081 6584460 5122262 5036341 3022381 
3591244 4941125 5678411 5250376 5453045 5987348 4879877 6164577 3806791 2727863 
4159359 4651313 4955810 4938849 4757236 4533551 4757922 5153787 3906097 3048988 
3620728 4287513 4265527 4553236 4425760 3768423 4324079 4690740 3724000 2992588 
3652390 3966875 5745222 5069646 4216635 3796685 3898743 3875633 3786396 2365389 
3919504 4712023 4982456 4582726 4486463 3889587 3964414 4159356 3423244 2677443 
3976192 4197137 5130796 5073816 4055675 4064730 4063768 4533166 2595386 3033250 
4036529 4811563 5325269 6113477 4210305 3351638 4967776 4270715 3420695 2599980 
3536657 4157559 4575993 4684935 3735821 3180247 4170657 4342364 3545044 2307203 
3252055 4770837 4337370 5452133 4826322 3428788 4455161 4597595 3199367 3210193 
3444059 4697218 4759533 4910508 4655512 3883154 4648727 5397673 4186197 3163728 
3213876 4120138 5091896 4685317 6092072 4356371 5169258 5279080 4155454 2813314 
3719829 5739114 4300283 5892456 4598941 5650610 5554843 6095739 4754888 3127386 
3869540 4173891 5708247 4799545 5676250 5930276 5211658 6375357 3836799 3260143 
3766664 4423104 5823973 4961172 5707526 5447828 6359218 6327133 5235023 3495515 
2030119 4705911 4781632 4931495 4779540 5461430 5328988 5308970 4312554 2944371 
4058431 3875691 5012675 4983662 4009953 6386849 4610066 5717487 4083641 3409631 
3365433 3318971 5344427 5158491 5780414 3857606 5981630 5034493 4600963 3374969 
2834970 4580204 4014470 4337359 3617627 5042540 4480041 4873066 4409200 2741611 
3143026 4953250 5097761 5330270 4968260 5481838 5431278 4173331 3791781 2773644 
3552412 3475926 5488799 4134365 4698763 4428600 5306735 4919674 3410490 3046027 
3444004 5147113 4983669 5768596 5059443 5409506 5539159 4705956 4014831 2103989 
3922946 4405840 4806805 4991015 5143209 3891053 4621225 5073658 3332536 2551179 
4339463 4881328 6427970 5704515 5727495 5426030 4663556 5338992 3007292 2097711 
3677215 5397469 5246020 6566319 5368104 4376267 4824288 4644157 3533998 2276557 
4000719 6008799 6650973 6264698 6551440 5438178 3594869 4574557 3056623 1713501 
3224236 4608089 6190871 5616853 5739022 5108291 4523316 3923524 2858534 2358160 
3557318 5756573 5917541 6826496 6838460 4536792 4974565 4293626 2769623 2566075 
2520049 4286885 5307113 5926891 5752875 4472315 3423033 4059634 2720240 1743698 
4027346 4394869 5988642 5812787 5866366 4723355 3714164 4202430 2700032 1891880 
3170170 4659663 4617657 4764432 6174530 4111417 3972161 4247931 2589247 1855990 
3743377 4433373 5725722 4916499 4418276 5370493 3885933 4468544 3315001 1593607 
3768400 4839548 4854876 5256303 3903767 4678725 4896187 4542154 3684087 2620492 
3299826 5373181 5296128 5019848 5456632 4445687 4474698 5209819 4401251 2450877 
3567007 4525651 5416414 5670093 3591875 4635508 5306813 5346663 4715550 3875124 
2535664 4832237 5265028 5212054 5776104 5146159 5139771 5531889 4115485 3236609 
3230911 4550444 5230009 3927440 4769928 5266184 4896154 6255889 5347320 3013840 
3522033 4019928 5644314 4885631 5149279 5466110 4612305 5324567 3409804 3107204 
4355613 5039395 5434316 4343315 4535147 5167447 4761214 4761042 4339991 2723265 
2892161 4283488 4476616 4980415 4694277 5075543 4973385 3425944 2983688 2221461 
4484671 5430431 4966223 5032479 4731250 4531764 5004673 5380265 3240415 2750948 
3286867 4363227 5280878 5357997 5338230 4245953 4928286 4193542 2792765 2361573 
4725802 5953148 6838477 5120055 5688284 5043999 5417963 5091779 4207179 3323957 
3424705 4352892 4918930 6475857 5232710 5533797 5270675 5676016 4197862 3124103 
4418884 5093331 6404119 6421957 4840427 5364042 6068574 6077834 4623786 3787679 
3847446 4779885 5477812 6087667 6233901 4923757 7023978 5301745 4310115 3767121 
3963352 4609970 5227332 6148452 5391818 4915062 6589958 5711508 4329647 3398157 
4033213 4572197 5686177 5269303 5825104 5535159 5345584 6124594 4014345 2738694 
2967194 4805441 5077002 5499297 6232771 4855055 5748476 5663466 3740864 3377819 
4050289 4517357 6141844 6250890 5081401 5330407 5847149 4857154 3950114 2986508 
2853066 3930445 5348155 5781098 5318485 5000993 5103930 5189009 3988274 2672055 
3220224 4930731 5841163 5621791 6359090 5617716 5268882 5271836 4056211 2828033 
2869101 4356078 4618633 5287582 5215472 5056996 5170735 4527470 3059097 2769189 
3812940 4167336 5060354 5041391 5134721 5195980 5124587 5205385 3549389 2118345 
3445975 4714381 5162032 4342848 4887775 4569706 4707932 4585930 4296497 2431387 
3721471 4342817 4264620 4399414 4412272 5095194 5075161 5339943 3992284 3670124 
3827050 5145319 5638218 4803530 4693832 4451251 4360657 5364458 4351380 2913751 
3153987 3678366 5292849 4780924 4536938 4637031 5702330 5293262 4195660 3311104 
3795949 5413325 6167730 5791046 5861700 4692641 4799985 4762716 3539604 3101558 
2611988 3945010 4713851 5488218 5408717 5538835 5324167 4466352 3871488 1963189 
3208213 5400222 6095823 5741215 5151755 5569016 4122349 4390104 2488357 1772994 
3290973 4923858 6289436 5663690 5985941 5666101 5819487 4220807 3572421 2437282 
3560397 4723679 6004721 5010869 5144082 5196590 4642726 3144167 3871349 2010955 
3639581 5500725 6426062 5927186 5320180 5364087 3762200 4317745 2834790 2408185 
3439683 5274970 6546777 5998842 5110137 4859731 4732128 4096924 2648421 2672755 
3543104 4856867 6913460 6023734 5457574 5488053 4787871 4108472 3068098 2384002 
3760131 4981021 5889266 6027261 5022527 6139838 4603597 5096981 4156398 2814258 
3294081 4141213 5488049 4893419 4589135 5068636 5915871 5716647 4399954 3544870 
3786773 4416814 6029827 5017214 4397358 5305924 5445069 6518373 5419580 3928481 
2399133 4478554 4440806 4328092 4457551 5334608 5591249 5551334 5410655 4253576 
3824065 3924241 4828204 5095143 4604000 4714228 5428405 6188123 4530160 4283565 
2796355 3553717 5587088 4839315 4920828 5089336 5904327 5356597 4351853 3469868 
2512863 3819348 4987797 4362056 4720428 4426580 5008397 5184994 4159881 3425125 
3376379 4117381 4672659 5020114 4749617 4515895 5131094 4498368 4260120 3254366 
3350502 3346346 5632646 4486544 4213057 4875339 4184975 4706701 3458070 3180299 
3406917 4400121 5757677 5085816 4084506 4111192 5625585 4053639 3454695 2710958 
3407657 3968633 5387945 5694708 4284062 4644162 4997340 4718971 3434653 3067788 
3937767 4395648 5512641 5459655 4972918 4901865 4928896 5177669 4080909 3064218 
2693668 3700142 5494248 5278194 5089774 4621561 5808493 5127512 3508382 3471810 
3402236 5001785 5082029 6081731 4679298 5238431 5676963 5590273 4016553 3236614 
2028933 3588897 4712784 4738180 5373605 4872208 4786716 4821297 4408812 2771641 
2909493 4356875 4711498 5801268 5753425 4767730 5382806 6100343 4887231 3269953 
1720684 3509306 4134372 4211297 5279950 5268035 4367558 4910787 4554358 2756530 
2580408 3205017 4687211 4754691 4983666 5612563 5340055 4875983 4132461 3529736 
2661395 4489028 3837324 5185069 5071195 4614602 5582132 4783491 3385187 2628458 
2482387 3235584 4125772 4755716 3869453 4831646 4611433 4675559 4000389 2685469 
3100498 4694728 4894273 5558467 5357640 4008134 4979645 5355239 3046405 3268774 
3103148 3836727 4235309 4529124 5121776 3245717 3865991 4129478 3052042 2035533 
3421210 3975012 5248231 4630572 4930328 5707629 5148841 5365358 3792684 2760003 
3051105 3559509 4279438 4486782 3987098 3914806 4097418 5309359 3249125 2209650 
3088906 3602142 4397441 4582462 5267496 4884473 4618143 6055827 4329620 2630865 
2455742 3127774 4829491 5063039 4308882 5413551 5109165 5156620 4015309 3119075 
2761824 3690257 3957228 4105312 4531378 4455284 5271372 4450688 4108749 2844696 
2455713 3819633 4335160 4846180 5303450 5164105 5535322 6056952 3563984 3286732 
2290821 3742457 4453361 4682082 4700388 4401525 4991909 5011688 3862098 2211120 
2280029 4731617 4220965 5477995 6339572 5388420 5462544 6033283 4307951 3647701 
3015460 3861759 4645667 5072339 4805475 5409869 4766429 5041090 4007456 2172515 
2813763 4164251 4702797 5303373 5671388 5329842 6203082 5093727 4218710 3201489 
3422863 4813041 5090322 6517624 5570020 5885471 4629613 5256187 3608506 2845091 
2585809 3639631 5335272 5614614 5726446 5916051 5739462 4572164 4179607 1975576 
2955496 3996232 5206891 5455183 6816778 5614661 5335483 5667601 2537387 2765722 
2358385 4100806 3723477 4897601 5067039 6206111 5431125 4896350 3999086 2208462 
2525643 3879007 5025028 4437151 5639539 5639810 5440258 5265603 4366600 2743408 
2345088 4154303 4803708 4064374 4255697 5116858 4976549 5362995 3952832 3268006 
2937129 3832759 5021788 5088247 3493112 4719888 5525041 5249487 4798934 4092867 
3348629 5048906 5499618 4637155 5066246 4521451 4607596 5763669 4094844 3866817 
3416713 5167512 5503828 5665618 4780730 4712469 4867442 5743967 4420951 3479908 
3676662 5149945 5578585 5867011 5555098 4245258 5251831 5228051 3533345 3843726 
2898269 4820910 6209133 6014066 5943533 5853482 4988746 6267072 4083684 3238298 
4044483 5058571 6690911 5072012 6391037 4832435 5596267 5086083 4141561 2900464 
3432129 4847755 5076733 5809079 6335082 5221074 4837409 6007815 3489889 3228479 
3736178 4945303 5796142 5661502 5387470 5659869 5507181 4754887 4602078 2711496 
3903312 4016523 5087985 5392966 5769746 5628926 5468287 5039524 4160360 2998774 
3485516 6096196 4948883 5878956 6023429 5602077 5900736 5587054 4844670 2938517 
3783487 5893201 5919599 5075924 5131500 5146700 5687853 4756887 4402539 3418791 
4073145 4762083 7047347 5051137 5767866 5219876 6286961 5314429 4142655 3003405 
3524198 5495986 5887591 6015296 5267608 5190332 4211464 5794160 4208265 2744068 
4129983 4502851 5930094 6702188 5433640 5906103 5387070 4218745 4020366 2735513 
4362543 4269796 5615951 5348870 5364749 5683142 5198954 4857364 3546044 2244288 
2661704 4953333 4690061 5838960 5560001 5969403 5236862 3929292 3390385 1677164 
3232223 4338378 5006192 5328545 5992952 5273820 5453128 5782430 3534946 2831298 
2025752 3782073 4979117 4985721 5187589 5086123 5842113 4788046 4035899 2647105 
2983566 3890886 4430275 4335575 4584130 4771827 5794512 5356815 4298150 3609843 
3642885 4084219 4651663 5230724 4355909 5669154 4403846 6308058 4253313 3257721 
3351414 4482339 5053165 4771877 3927227 4998692 5773430 5001641 4975380 3753381 
3417125 4468635 5121168 5706559 5474768 4804871 5892630 5621182 3993736 3365270 
3549755 3263408 4834147 5725134 4825242 4639312 5664411 5279232 3480219 2758065 
2938178 4312511 5471278 6456852 6107620 5758194 5545792 5312031 3942381 2574715 
2927377 4617978 4462012 5116007 5572064 4711481 4841512 5469732 3226353 2573438 
4078206 3527464 5139390 4622143 5692125 5119553 4757336 4981009 3757289 1971655 
3409392 3631558 4349962 4264853 4601728 5003599 5072656 5399989 3984333 2676003 
3526469 4461124 4985505 4139521 4687319 6145567 4997980 5293435 3948229 2900528 
3003208 3877545 4089805 4399008 3784606 5440745 5016940 4955610 4961539 3054577 
2819678 4199367 5039564 3776259 4126978 5100544 5356189 4886410 4208898 2887542 
2651154 4250282 5095116 3793730 4182304 4977338 5662170 4754429 4745334 3827347 
4085495 5408946 4409428 4649894 4129275 4160566 6318283 4827911 4701524 3512804 
4228603 4830837 5931506 4115509 4883051 4241698 5295327 5519763 4331219 3260970 
4478509 4971902 5474782 5590353 4413901 4733946 5025928 5538177 3862386 3203677 
3802477 5682930 5551602 5428181 5272267 5422640 6025876 6223450 4634609 3407514 
3643423 4214387 6252596 5746912 4545846 5355727 4708864 4645734 3922623 2726545 
3132021 5034360 5271382 5367807 4524249 5134476 4798942 5444541 4189585 2881448 
3815907 3907877 6029692 5269483 5322360 4205680 4097436 3472326 2938094 2135021 
2825058 5020147 5190624 4538714 5361684 4470816 4305299 5517551 2783035 2824240 
3362742 4472960 5737401 4681624 3764605 4699292 3605429 3524720 2683793 2168394 
3728618 4085684 4433255 4256851 4119651 4189227 4704769 4467135 4434084 2702729 
3913770 4089771 5454231 4590208 4842690 4012806 3666282 5281709 3795069 2708389 
2950443 4346366 4363733 4256358 3581657 4537775 4817995 5741914 5152786 3160548 
2836578 4214840 4310912 4302052 4457541 5171762 4972949 4619288 4615000 2959590 
3451720 3775056 5290008 4181715 5167366 5771784 6087824 5812431 4788077 3341734 
3431639 4144298 5300609 5829848 4447436 6161708 6084806 5579721 4721439 2609770 
3899500 4945448 4946945 5764848 5582009 5109651 5628763 6743413 3693572 3794828 
4456131 3803721 5572274 5574796 5565357 5551205 5431461 5580429 4181101 2744627 
3750434 5637323 4530807 5761164 6232760 4813839 5792939 6056867 4524413 3158610 
3785755 5145293 5474409 5808842 5525519 6212603 4991418 5484015 3931270 2653002 
3132972 3762093 4775121 4955967 5043108 5196389 6321234 5155718 4288734 3426889 
2237859 4180035 4657231 5407487 6439523 5343231 5998707 5548599 3397784 2362329 
2890526 4133294 4926418 5224985 6137949 5536405 5709518 5473862 4267765 2496363 
3054665 4084184 4860854 4952184 6277070 6055584 5301883 5167155 3509189 2293787 
2766033 3590655 5245918 4757782 5659473 5895481 4135988 5655660 3307851 1814021 
2522848 5030695 5187130 5112946 5729918 5832334 5586326 4883887 3270621 2212622 
2448643 3992432 4508367 4448071 4915903 5076124 4397970 4490663 3388386 1703178 
3382279 4199996 5395881 5208633 5428956 5245489 5191163 4650929 4047730 2847532 
2186507 4367236 4182292 3096720 4530690 4750396 4208076 4120032 3967200 2777233 
4023961 5661388 5231644 5705311 5243969 5709942 6035513 5380198 4538596 3314172 
3280535 4230045 5741882 3947613 5207254 4674283 4796227 5713714 3685772 3322256 
4048626 5902383 5943690 6080459 5529301 5650193 5573005 6159644 5070275 2889521 
3534876 4850962 4742049 4666752 5174652 4967095 5374379 5555937 4669158 3655076 
4209237 4692997 5604343 5128042 4821349 5600001 5180496 5168328 3908959 3696251 
2389593 5260573 4226259 3969515 4213619 3874406 4606465 5559478 3883810 2882877 
2936393 4667653 5343012 4566185 4709095 3463480 4595090 4567323 3338027 2930051 
3460247 4397035 5145202 4746717 4243914 4169041 4737118 4885310 4101615 3193673 
2937514 3622001 4901086 4238391 4265719 4699936 3442894 5263731 4391310 2637038 
3781118 5656102 5499560 5272237 5002007 5008960 5147444 5236241 4722109 3246339 
3484323 4579847 5529778 5122835 5470575 4972297 5197561 5703562 3895824 3449564 
3467039 5410315 5929617 5789872 5679015 6857826 5889567 6082433 4965622 3157723 
3471422 4942732 5561519 5269379 4952474 5613120 5402526 5631527 4085309 3144281 
3454391 5744447 6511091 5100771 5759044 6034009 5856519 5744484 5033223 3929727 
3501880 4884724 6005488 5354893 4562327 4402875 5059687 4228251 4124085 3651514 
3395849 4410132 4499539 5562275 4724282 4305158 5615989 4848487 3928960 3364780 
3474566 3897461 5195244 4245284 3835805 3705769 4514568 5185383 3354728 2903578 
3078576 4082339 3979111 4319889 3965763 4313544 5086493 5676273 4416519 3150823 
3474175 3889510 5188301 4155411 3848340 4675190 4082599 5065548 4487380 3111558 
2454024 3540875 4367248 4812254 4161561 5375987 5686882 5220143 4631478 3042501 
2706342 4185973 4744934 4658868 4298300 5330821 5378434 5584192 4566633 3524694 
3002974 3531920 4117475 6001389 4137242 5077808 5606034 4906095 4854164 3231870 
2931775 4253552 5638135 5199532 6399405 6142594 5061988 6051824 4384246 3338482 
3547927 3884104 4910057 5860675 5444362 5844542 5167895 5105552 3693267 2699199 
3739540 5215303 6020896 5884052 5845110 5708813 5618016 4562795 4052187 2682457 
3710285 4130946 6059642 6742734 5480896 5755204 4372744 4605291 2865391 2631868 
3300740 5362173 5701159 7093859 6351132 4908343 5916591 5066668 3346124 2796351 
3075183 3500267 5987746 6011868 6564148 5388042 5908474 5384679 3180885 2976429 
3057253 5131309 5301801 5893405 6024261 5025591 5558563 6105883 3528936 3594859 
3184697 3644004 5852552 5199516 5758735 5110339 5920038 5674034 4714174 3208227 
2691906 4406438 4473031 5166968 5408860 5650343 5047013 6257883 4577280 3096030 
2842344 3864947 4486233 4701713 4464742 4465854 5066999 5842756 4734508 3647468 
2465734 3244951 4817346 3691356 4991088 5136605 4324729 4915753 4331523 2358262 
2322049 3986465 3891628 4301628 4069418 4874807 4261954 4786468 5153370 2730805 
2600326 3854466 4187266 4850256 5111221 5623961 5714494 4802848 4133857 3098199 
2652247 4165927 4692799 4007827 3771960 5042173 4520373 5384344 4046255 3702482 
2536118 5140672 5401960 5193804 5000855 5363739 5543195 3935050 4352711 2523049 
3018820 4398289 5276108 5422182 5132695 3957231 5122434 5917079 3580337 4116772 
3007361 5077120 5257656 5123141 5567174 5384403 4214607 5042029 3671712 2574551 
3762678 5118127 5575267 5350241 4693225 4489862 4920634 4597407 4023361 3634670 
3525791 5071654 4893580 5157200 4427570 4335608 4656231 4773339 3789816 2736284 
4466926 5844200 6266745 5539063 4970654 4789960 4526662 5655609 4655755 2883634 
3307723 4727505 4094130 5074461 4827673 4583963 5206291 5008687 4203193 3643310 
3735105 5914535 5398997 5127964 4941681 5255192 5869662 5276960 4617719 3124377 
3069992 4351681 4494562 5045742 4991970 5614677 6215077 6008214 4058201 3480537 
2867216 3410421 4730706 4782714 5533056 4954096 6074165 5863557 3970880 3779584 
2317071 4930600 3735528 5373100 5342113 4805934 5326197 6089112 4539203 3158846 
2394102 3775615 3851087 3497896 5037032 4727698 4947055 5612325 3882864 3419077 
3538825 5343110 5919073 4242750 4934323 4801185 4507727 5412077 4081046 3493534 
2259771 4679247 4790561 3915406 4442781 5059866 4868995 3970048 4337598 2035883 
3702615 4678760 6648753 5247540 4777000 5795734 4097280 5249646 3701294 2903541 
2943886 3732781 5182688 5730881 5484377 4525521 5044839 3990281 3225729 1869710 
3656969 3953554 5482585 6292417 6186386 6227540 5611271 5273998 3878824 2318258 
3115877 3479418 5266872 6258161 6091918 6685880 5112333 5433652 3422586 1827249 
2902251 3835418 4597802 5330051 6621495 5544343 5990700 6710767 4562170 2605060 
3115297 5110626 4837297 6976055 6004901 6778647 5680342 5308394 4657093 2978560 
2653326 3675933 4627236 4474383 5275169 4833632 4952567 5461471 4325445 3002505 
3332978 4789444 5972274 6043444 5769487 5558625 5329236 5032698 3805413 2843774 
2272956 4372244 4644948 4199495 4138201 3576507 4229367 3559361 2574691 3238276 
2688041 4818315 5329586 5238921 5201582 4985942 3830238 4713467 3282601 1890492 
3145185 3878291 4095015 4942978 4446872 3911627 4337511 3928940 2579598 2592119 
2864954 4068633 4645590 5088401 5394946 4037746 4369413 3931771 2941968 2533920 
2303532 4891479 5002840 5104093 5595740 5888614 5459553 4211285 3778357 2141566 
2644854 3339288 4617173 5430146 5476728 4831815 4525116 5153307 2620656 2383297 
1941964 3618945 4805696 5710466 6118351 6347610 6529654 5621400 4315523 2546451 
2959334 3671119 4788187 5346128 6621739 5933685 5252084 5309148 3481806 2528300 
3322886 3856955 3871577 5343137 5367070 6508100 5970673 5793593 5178830 3011759 
2407077 4921023 5487680 4823960 6000303 6251070 6231144 5874787 4423917 3114358 
3607234 4680560 5271348 4137103 4689609 5054991 5732331 5620244 4992603 3620148 
3528048 5120670 5828548 6534664 5098731 5882677 6339834 5371102 4661474 3408222 
4203080 5253711 5823074 5346976 4927578 4725127 5291407 5681748 3911640 3171580 
3895639 5231366 6110083 6077082 5924769 4828512 5208997 5601372 3863797 3286088 
3766783 5570710 5083869 6505909 5426089 4944757 4134969 5632546 3745871 2983642 
3247589 6262345 6133682 5561411 5607674 4474563 4509835 4918102 4770335 3190132 
3532540 5684081 6292113 5190741 5538633 5466690 4085376 5906738 4694705 3686426 
3975950 5715843 5972227 5390822 5070348 5313968 4359416 4906245 4727698 3606556 
3598148 5416691 6524561 5619679 6427944 5624321 6460739 5447176 4376540 3662072 
2938116 4996347 5738027 6212452 5522517 5615432 5118812 5990332 3829135 3156742 
3615410 5488485 5702674 6795615 5815290 6234310 5743915 5100769 4313258 2806627 
2856970 4345657 5493472 6315085 6961682 6571907 5255350 5289185 3698500 2432521 
4351118 5948218 6015378 5331916 6173676 5255820 5557428 4635092 3920598 2627784 
4211638 4824971 6109046 6119643 5314459 5959984 5636419 4043961 3353180 2163808 
5221299 6348396 7244891 5932933 5372756 4752464 4813353 4151207 3084453 2609715 
4487138 6514279 7214108 5653551 5728433 4765039 4056326 4183722 2098963 1998358 
4606237 6764718 7169725 6039954 5194845 4787677 3753689 4172990 2941980 1562762 
3468045 4800970 6350168 6041042 5894426 4576541 4458798 4179722 2794434 2202276 
2828404 6052778 6248718 4968606 5590182 5715847 4657889 4057609 4022520 2096115 
3002824 4420004 5736231 5215413 5668739 6555696 4713213 4370461 3923151 2301743 
3364946 4879887 5382686 5094682 5512408 4768465 5044247 5465007 3205647 3160782 
3505254 4905090 5889640 4852302 5546782 5950221 5252099 5070533 4317557 2793428 
4012822 5828811 5742572 5785190 5343680 5477217 5087154 5380024 4767334 3197041 
4696160 6237998 6542761 5777380 5790822 4981049 5756587 6121005 4561270 4033439 
4140307 5601905 5938981 5687540 5764474 5587154 5451075 5459000 5095084 2978181 
3674412 6008328 6042465 5094537 6080692 4914716 5029340 6045126 4596995 3182050 
4270396 5308114 5362727 4768413 5971979 5432750 5275184 5764772 3606171 2522082 
4038863 4275691 5285741 4825218 4795992 5002545 4413547 5352619 4033711 2048349 
3484721 4417361 5359988 5225992 5022669 5385061 4560806 5154419 3689443 2440540 
3145180 4294467 4876113 5156091 4919464 4787638 5229135 5531603 3526204 2833452 
3403417 4340261 4722119 5962967 4946576 4259296 5351967 4785978 4554237 2911952 
3526898 5148807 4847806 4656668 5094487 4734766 4192222 4732168 4368917 2881012 
4754551 4941382 5700339 5513847 5649605 5107170 5573892 5614025 4163620 3370253 
4125801 5267702 5201683 5660931 5137582 5635541 5202851 5133452 4186168 2481163 
3884429 6073603 5848254 4706757 5617410 5427183 5167407 5078760 4281400 2393464 
3273215 5036508 5828730 5706027 6009981 5844228 5658607 6380359 3834239 3191460 
2655533 4623859 5807457 5775523 5013388 6408463 5937151 5373851 5075620 3211054 
2924492 4342152 5987579 4482029 6597758 5989705 5453870 6072253 4356274 3801597 
3488013 3816923 5195608 5766048 5109055 5593217 5785252 5658950 4307900 3629795 
2922152 4893759 5848771 5847475 6541927 5857131 6792683 6361550 4653499 3238688 
3042342 4203430 5952855 5340186 5543636 6585035 5907724 6190926 4364342 3563431 
2369171 4454546 4463404 5755400 6141992 5633860 6090245 6027864 4161402 3081210 
3520563 4861872 5559393 5138452 5855493 6317583 6043885 6043181 5138521 2676716 
2779374 4407020 4459947 4963877 4520836 6154387 6556071 5257746 4949391 3739131 
4003201 5034782 5997639 4670202 5018694 5285952 6078479 5674622 4458288 3554724 
3877311 3903242 4736462 4547189 4236481 4873952 5399707 5685510 4718643 2862350 
4337997 5006571 5801655 5668827 5535631 4989324 5880492 5708304 4055094 2796317 
4618866 5500895 5045051 5242711 5183944 5606589 5095393 6240226 4235005 3495240 
4067661 5443299 5838251 6531396 6194148 4946355 5346664 4555241 4673770 2152002 
3687794 5459360 5312538 5464148 5764689 4926803 4917649 5978988 4207527 2791891 
2430579 4829446 5150961 5920685 5268239 5900959 4964643 5211299 3799660 3460821 
3185978 4026368 5237725 4989189 4865278 4694124 5529384 5206878 4470119 3195109 
2650596 4655563 5083402 4780450 5037487 5432912 4876262 5504109 4225957 2607144 
3110654 3680974 4690523 5237871 4558228 5938109 5503024 6584851 4784395 4234252 
3081784 3518909 5045205 4031467 4297023 6015929 5928073 6158408 4652482 3318815 
2749011 4339583 4895699 4951093 5693305 5184817 6762251 7113724 5177289 3702193 
3566574 4704828 4764845 5579733 4941209 5340815 5674182 6422282 4566609 3408340 
3860430 4805127 5038813 4859743 5807727 5789174 5436904 6134691 5306797 3255471 
3723282 4491388 5803443 4518722 4996226 5717130 5235195 5373279 4108589 3537291 
3593787 5401283 5609920 5953455 5555604 5946418 6173206 5458909 4679114 3532833 
3250054 4277915 5616616 5817857 5228108 5928974 6541363 5804869 5073525 3654022 
3677419 5485037 5038831 6528457 5839004 5616937 5327031 6458891 3707906 3314387 
3172520 4195315 6254613 5245659 6429884 6772439 6541202 6304788 5036243 2898531 
3134557 4935032 5022442 5595210 6405687 5845290 5960160 6544297 4565202 3293951 
2570585 4187214 4014346 5092943 5323427 6240919 5470595 5257034 4657577 2444454 
3676564 4272078 5006633 4699026 5302028 4861543 5691965 5080024 4424108 3068249 
2639046 4282136 4453563 3533207 5011890 5622029 5073717 5161274 3821135 3212009 
2839997 4466244 4386310 4850587 3990170 4548111 5085757 5882048 4606226 3040014 
3399110 3466979 4374813 3953932 3940979 3940546 4976697 5604422 4061052 2268135 
3131181 3458560 4380048 4117179 4257170 4213978 3879513 4918632 3425598 2823899 
2510033 3862516 2741124 4403393 3942198 4336910 4468927 4956127 4101564 1903820 
2188173 3149090 3542900 4503249 3760962 4794335 4861262 4352615 3097903 2522392 
2134658 3097773 4912249 3540362 4903683 4719127 4604033 5518123 3433759 3289572 
2295396 3600565 3794406 5580218 5195559 5528022 6108521 5594060 4798968 2813033 
2918678 3764177 4929640 5757844 5346144 6310670 5994212 6780112 4676279 4520900 
3025144 3525310 4621128 4693174 5225426 6597597 7124388 5969504 5227870 3884224 
3027332 5014328 4468455 5892449 5295072 5732862 6806301 5254726 4675143 3369759 
3516117 4152196 4775518 4830160 4968433 5743270 6789028 5684594 4121648 3696116 
3182335 4220866 4978901 4837765 5225865 4954912 6524565 5873125 3775103 3157717 
2794750 3970910 3918692 5435192 4659376 4357292 5791818 5367467 3929255 2636597 
2479681 3627527 5015587 4636513 5403688 4804989 5161117 5640026 3808815 3307011 
1924117 3397025 4153429 4805159 5379952 5045634 5220286 4851478 3786385 2308007 
1922664 3129967 4074866 4531186 5230205 4755815 4805446 4583980 3176683 2856737 
1953513 3016660 4101196 3838604 4956698 4543488 4220542 4936867 2925245 2268850 
2426923 3401324 4928318 4184388 4502251 4060932 5416222 3958033 3687993 2375098 
2762610 3622199 3916028 4225972 3700441 4595363 4202899 5638403 3282660 3182266 
3642995 4199456 4489298 4198514 4501125 4106145 5061539 5446598 4622437 3074629 
3529350 4804265 4981656 3831823 4766347 4361350 5994464 5433359 4503307 3251010 
4494782 6370098 5032083 5391849 5017417 5871989 5262430 6787660 4849567 3619196 
4373345 5724030 6084612 5712838 6297344 5655203 6024339 5354916 4593484 2417175 
4101849 6295243 5643290 6544816 6019042 6131986 6853923 6304835 4633845 3602848 
3232906 5865398 5876714 6275428 7199450 6745715 5073234 5887767 4168208 2195997 
3722447 5808850 5333747 5941558 6670667 5298927 6003405 5385800 4526445 3190228 
2623444 4307184 5121311 5234705 6139501 5349721 5039972 4886965 3469484 2269966 
2978975 3897257 4936745 4910876 4968736 4890888 4766334 5201429 3735466 3195270 
2228914 3778602 4779382 4552473 5746700 5317370 4254562 4907295 3111578 2290452 
2389079 3241111 5219733 4448787 5383537 4841319 5044266 4122927 3088673 2215886 
2249104 3935564 4983344 4768667 5653943 6251545 4719106 5235750 3863872 2255658 
2645864 4268310 5142385 5900029 4464102 5620954 4698450 4462859 4144199 2336522 
2575253 3657911 5888406 5427803 5685890 5615122 5102898 4949150 3559436 2568152 
2250115 3678594 4862474 5602288 4687182 5445077 5603427 3775585 3658797 2749071 
2528314 3386083 4131224 6037093 5020370 5618610 5525162 5627148 4102514 2696008 
3071257 3599085 4098172 5440990 5732253 5500234 6633362 5349355 3976757 3433531 
2567624 3947685 4556413 5231224 5096202 5851538 5438123 5562670 4032907 3210031 
3173280 5077529 4454360 4951532 5539471 5151001 5860007 5459818 4557727 3246480 
3420885 4910760 5248363 5214657 5437269 4886226 4544635 4661448 3796610 2924856 
3949793 5384351 5229731 5136666 5348701 4578460 4054682 5028779 3399104 2544745 
3760398 5400979 5828803 5763827 5519651 5570573 4858035 5498478 4084694 3011441 
3036602 4722306 5107433 5233831 5312561 4378776 4885934 3964035 4161005 2306631 
2968176 3437903 5725338 5175708 5055678 6008840 4471435 6373201 4031517 3324227 
2264183 4570459 4997690 5363931 5729251 5718324 5486166 3957306 4090929 1930244 
2305580 3810699 4749254 5382333 5497025 5466432 6399254 5841693 4257477 3686152 
3499139 4484927 4510898 6030673 4715944 5445945 5633689 4979611 3439539 2309775 
2888656 4010308 4829056 3799256 5866448 5550464 5364933 4996161 3854156 2641468 
3748166 5092278 5326923 5818684 5285749 6240003 5271089 5560126 3680446 2590568 
3057470 4679943 5613670 5456132 5525344 5344090 4899993 4452494 3537441 2147037 
2638175 4474409 6687085 6043998 6093321 6120088 4459951 4487085 3553257 2407460 
3544983 5039588 6657951 7506350 6933928 5935617 5238606 3742094 3216445 2082729 
3162620 4600666 6701111 7308557 7360983 6528424 5512807 4926497 3244933 2503068 
4569610 5704490 7083233 6910500 7277727 7463513 6053016 5037732 3447520 2403224 
3636878 5398194 6495513 7320075 7136480 7169195 6932782 5598314 4144220 2669335 
4411778 6218538 6317221 6809762 6797452 6324474 6644012 6224881 4247249 2641482 
4128683 5493343 7233912 7308449 6794053 6186228 6357987 5976446 3867038 2878633 
3885944 4631017 6149420 6240106 5818524 5465916 5437592 5676780 3631218 2180411 
3212273 4647220 5588614 5784191 5822975 5704979 5563701 6069123 4127997 3148951 
3923262 3743670 5211566 4932974 5597646 4557748 4902242 4929803 4828854 2845638 
3588620 3967059 5486250 5620515 4786719 6169834 5589855 5228415 4508604 3300099 
3448569 4807731 5727540 4796552 4205829 5847679 5105862 5024403 3658846 3271063 
4166577 5004608 5588532 5694309 5764827 5383214 6661319 4952796 4727813 2999204 
4045997 5629465 5706099 6295256 5250789 5453900 5672821 5187722 3903794 3104718 
4140191 5919435 6749665 6377546 6135734 6518617 6331437 6207098 4068470 3033734 
3601834 4186678 5946354 5971927 6281203 5916240 6109335 6094004 4691710 3013519 
3431523 5575624 6628677 6777235 6642231 6781007 6602240 7598702 5035163 3469908 
3684345 5146260 6014430 6232136 6433478 6732427 6963932 6968361 5655309 3561325 
4351596 4521214 5810550 6210006 6275465 6181239 6693569 6825238 5216900 4121444 
3852877 4873940 5631100 5831987 5295705 5907251 6048693 6601458 4985650 3433759 
3793021 4622728 5599247 4226943 5641141 5301791 6046970 6283031 4923389 3509931 
3409965 5061340 4755238 4872583 4862918 5557911 4901779 5169294 4595597 3324475 
3124294 4858554 4478754 4411798 4100923 5250010 4598011 6171849 4390092 3488323 
3998144 3894344 5811749 4025140 4706453 3784026 4428702 4992081 4014397 2496017 
3392417 5683444 4566768 5697732 4907258 4653433 5281420 5353213 5177925 3829650 
4061072 6279588 6063217 6134816 4762401 5708827 4559802 5931119 4719067 3514352 
4273773 4287963 5582313 5603343 6207476 4990152 6436695 6702150 4828435 3940144 
3651287 5987299 5888263 5619120 6192777 4452330 5335419 5883815 4557730 3056558 
4111636 4751150 5662035 5631856 5453696 5902668 5936662 6710240 4518573 3547694 
4049625 4210202 6161549 5197876 4669301 5126616 4138354 5605654 3787483 2684640 
3333483 4512649 4363708 4732336 5318255 4508461 5664734 5269668 4176242 2832299 
3488148 4357875 4441078 5048502 4881378 4477216 3227784 4530370 3437651 2410913 
3592470 3837644 4464838 5004714 5231406 5116695 6427988 5095572 4523672 2908942 
2139912 3602099 4468660 4431276 5022870 5034790 4798871 5002333 3580294 2522127 
3500368 4315599 4069554 5343086 5330275 5248231 5524493 6633242 4645783 2813056 
2631114 3805321 4327875 5068226 5941258 6113452 5328945 5117352 4306825 2358555 
2713240 3474842 4567031 4935335 5335138 4774280 5505579 5738171 4074200 3419042 
2253291 4093083 4757079 5313322 5979614 6655552 4967898 5030738 4035140 1846692 
2922640 3649152 4152935 5714998 5560443 5819798 5587732 5338988 3608676 3578643 
2691221 3134053 5573485 5186443 5150963 6265593 5321452 5169193 4147815 2364391 
2788557 3711420 4413085 5336685 4015751 4887852 5242398 4392948 4574242 2925692 
2488589 3961543 5169351 5297881 5084803 6185970 5328086 4608398 3745272 3229525 
3154358 3866933 5475612 5401792 5398993 5530106 5896241 4854448 3915570 3055484 
2679612 3590237 5448109 5784245 5226691 5638005 5663419 5452855 3951399 2255323 
3463593 3774904 5636334 5305440 5095154 5550144 5440947 4747964 3618990 2575275 
3300962 2961658 5441353 5783196 5237162 6142934 5680368 4899781 3625019 2940673 
2802662 4176035 4234231 4830760 4531321 5698139 5955792 4840660 4340872 2620361 
2488593 4012391 4324038 4615690 4770173 5385698 5584925 5286909 4117567 2675317 
2774283 3419088 4273849 3855507 3959028 4909437 4478587 5621693 4317807 3282920 
2538487 4290817 4475411 4554568 5342481 4825846 5017092 5521171 4460251 3096449 
2347136 4705662 4793033 4716648 5088095 4779517 4672494 5326571 4427479 2519542 
3462205 5474066 5479837 5771723 6151002 5297547 4519096 4844132 3372077 2644706 
3313773 4975661 6149646 4908996 6498184 6127142 4727398 5560519 3555628 2442114 
4231255 5284107 6476536 5980113 7236048 6324723 5976908 5246530 4285984 2480054 
3365894 5612639 5256315 5709885 6094599 6405353 6008231 5772741 3903806 3239780 
3118681 3963753 5825006 5308862 4716515 6782742 5451634 5497795 4772854 2457513 
3056162 4133971 5343106 4951252 4871820 4885227 5650473 5203252 4287765 3604274 
2746258 3361288 5056620 5384009 4141214 4525474 5489382 5262903 3989260 3105882 
3870035 3925127 4372910 5098218 3790616 4001668 4331465 3759462 3648345 2307990 
3062857 3970177 4375763 4261451 4762210 4770368 4251606 5228112 3471805 2998637 
3140222 4640318 4739279 4649000 5265582 4324222 4067198 4704357 3148802 2318401 
2346929 4339237 4538298 4480368 5027167 4748896 4836415 4844283 3918192 2442617 
2954131 3860855 5274546 5137165 4629797 5508126 4410336 4776319 3300026 2342208 
3101936 4383288 5126909 4739490 5080935 4410658 4268627 5042184 4640125 2978906 
3447073 4476860 5873350 5188045 4568615 5447716 4990553 4272589 4011612 3220901 
3609671 5427103 5375316 5461326 4514602 4567195 4871530 4456664 3182041 3058278 
3537902 4530087 5451803 5172696 5442175 4283908 5770898 5031474 4006949 3131088 
2728631 4027945 6118067 5445617 4317255 5207670 4517083 5268205 3260411 2940424 
2188809 3879990 5135578 4558138 5212681 4123194 5064673 5585528 3615609 3270547 
2853755 3944130 4635781 4578761 5464773 5120976 4481346 5253426 4432648 2871581 
3033020 4138295 4678683 4295112 4799062 4505625 4275112 4817205 4065310 2597426 
3025833 4697874 5438784 5222752 5267737 5224728 4649386 4993472 3605094 3035189 
2581455 4289869 4936711 5111748 4877875 4904842 5171925 3928902 3877463 2022400 
3120135 3948946 5395584 5566589 5562714 4832197 3966470 4119004 3031480 1838853 
2422113 4288766 3891193 4256698 5034673 4697038 4484801 4000712 2782140 2030034 
2976772 3812039 5352660 4947244 4195811 5709630 4299441 3763044 3235364 1478161 
2266253 3518670 3841990 3965247 3414200 4363303 5122444 4952050 3434200 3048911 
3133803 3005098 4773592 3644411 4429309 3705284 4454773 4842207 3529794 2139592 
3369090 3404861 3137671 4911326 3903109 4472853 4977733 5082920 4467661 2437505 
3182256 3945339 4379690 3638116 4302366 5602184 4704642 5099697 3379309 3609498 
2571561 4681134 4994808 3868158 5217286 6067712 4781126 4920195 4829608 2028263 
2958304 5290442 4576170 5525888 4835359 4589471 6172835 4584804 4060962 2945155 
2858186 4795163 5757356 5860125 5915497 6470748 5704067 6076305 3961932 3682726 
3713816 5496791 5988571 5835877 5955418 5498068 6042213 4789205 4512926 2751653 
3414749 4969866 6047718 5753105 6259113 5515425 6538514 6625322 3859067 3621326 
3802015 4502627 5112941 5349838 5887941 5744765 5248085 6251206 4238938 2642774 
3356586 4613900 4386759 5438346 5289690 5376988 6164708 6020080 5031300 3865659 
3478591 4848184 5267331 4856645 4432146 6479515 5250475 5211743 4560624 3090044 
2672044 4768174 5070596 4493458 4613680 4502783 5695428 6196916 4889708 3466445 
3710709 4491090 5824591 4831244 4595401 5122350 5651942 6290742 4790824 3948905 
3427835 4780392 4706362 5437455 5206257 4522348 5991566 5937674 4386944 4300933 
3967392 5109895 5369283 4641201 5101068 5204122 5441485 6525319 4721949 3248913 
3514265 4440337 4543808 4829258 4574494 5020090 5487328 6184788 4258335 3730698 
3703992 4293469 4765681 4367697 5946990 4756131 6595300 6906075 4921252 3793507 
2593173 3573878 4405440 3769354 4907282 5264597 5536496 5569256 4227424 3292336 
3720919 4337984 4411157 4354633 4054010 5102713 6298828 6245461 4890152 3503231 
3187015 4140932 4837940 4484296 4999923 4748333 5485580 4942320 4681945 2668425 
3495442 4385114 5696296 4969930 4947086 5443818 5343272 6216496 4698534 3862946 
2793329 4213877 4343897 5283231 4671879 4133242 4701709 4519588 3578048 2132366 
2918374 4016108 5528322 5419745 5606614 5455744 5123643 4938589 4302214 3107072 
2985267 3717989 4447570 4870384 5450241 5227031 5100727 5881568 3281616 2972535 
3270610 4101589 5648347 5791401 4906193 5564303 5406715 5198087 4049032 2809198 
3591394 5330917 5683307 4552810 5501957 5555135 5085318 6141758 4999529 2924784 
3870599 5424949 5795905 4872040 5672688 5073036 4624885 4731872 3813972 3188325 
5052781 4938194 6463483 5874681 5171665 4821474 6266181 4977872 4258032 3133644 
3930757 4769324 6407670 5532627 5508569 5494105 5173223 4989243 3378533 2174341 
4395136 5414474 6221935 5897145 5841858 4598310 4981028 6207989 3753215 2756005 
3790639 4955720 6072031 6328818 6188130 5802232 5741032 5397239 4527010 3035219 
3574742 5231688 5862184 6194610 6130873 5123564 5383320 5463300 3824261 2903129 
4054560 4895289 6119556 7023186 6256821 6940940 6533322 6501034 4510785 3084477 
3663630 5034673 5777109 5396814 6024032 6071850 5741554 5216636 4061015 2781338 
3940057 4652331 5349900 6243449 6070371 5995236 6555788 6408468 4826863 3210525 
2975484 4903213 5057271 6500590 5635413 5821048 4780913 5244490 3724017 2626657 
2904866 4443485 6023423 4869241 5342234 5366532 5879725 4329519 4268842 2806709 
3089924 4820506 6070806 5363046 6473943 5292304 4544111 4759421 2856694 2205388 
3318733 4257658 5865420 5350409 4525439 5948078 4089102 4278516 3130428 2409882 
3807984 4746347 6216492 5975755 5040500 4717676 4716908 4265637 3084603 2257053 
3656878 4420686 5868390 4966742 4793549 3887197 3771564 3446983 3140316 2062825 
3493102 4713187 5462031 5676348 4219389 3992671 3434586 3577912 2959528 3018249 
3154725 5156111 5183416 4850465 4841521 3071356 3177515 3779139 2887168 2079828 
3432235 4461947 5269601 4783307 3932748 4010196 4196027 3295253 3244270 2781822 
3698937 4674013 5152629 5690497 3331136 4250971 4265629 4087700 3086186 2945364 
3250511 4273529 5339076 5109030 5598581 4561966 5523022 5209249 3975900 3023761 
3655224 4647158 4248012 5724958 4765857 4358394 5309255 5683844 4134878 2931661 
3025071 4719120 5222321 5231822 5842025 5580660 5409174 6070178 4219650 3185210 
4620940 5591911 5677092 4930322 4814160 4385912 3786721 4754810 3821528 2640029 
3495392 5108281 5061853 4983669 5842051 4745077 4768092 4791213 3410949 2066259 
4065347 5001321 6061698 4961448 4385034 3948097 3997881 4180256 2820654 2607916 
2791956 5122123 4824904 5206483 5752044 5106160 5094614 4961541 3762442 2631061 
2893421 5329594 6077302 5081120 6114533 5542558 4229687 5151064 3788822 2594127 
2615832 4927366 6096697 5686774 5398451 6094158 6775700 5549190 4801815 3438088 
2329895 4631775 5806734 5209791 5185326 6365298 5065744 5980056 4842961 3680382 
3478692 4309100 6631916 5489198 5501567 5953331 5370551 4959562 4428119 2849203 
2787420 3315694 4924640 4654654 5134569 5012690 5087833 4847788 3514676 3014194 
4050143 4456153 5158123 4919587 5405412 5638256 4805650 5421212 4039058 2238177 
2810319 3583710 3587297 4017108 4557603 4309744 4803536 5189574 3466461 3180978 
2757990 4384355 4511444 4082461 4646609 4832898 5010540 4949099 4207568 2310052 
1894972 3877171 4438951 3632307 4615607 5032885 3869170 5403704 4343367 2730507 
2173557 3522832 5323844 4673232 5029343 5084247 5369629 5885996 4581932 3463075 
3158852 3425253 4887398 5287553 5455487 5019657 5888783 4945941 4805269 3110950 
2861893 4127201 4419492 4696617 4174827 5468620 4759974 5926024 3863641 3663700 
3481663 4071755 4062177 4186183 4960631 5659870 5442453 5527672 4048956 2507245 
3453957 4564616 4492948 3361568 4020102 3246861 5417576 4706806 4365127 3613486 
2662846 4041783 3611326 3622117 3949345 4603451 4951702 5417748 4013094 2235113 
3412105 5071359 4575014 3548034 3309173 4082293 4409578 4459632 3762198 3348425 
2846710 3892941 5037593 4659877 4581786 4355458 5828101 5085674 3699542 2848712 
4128558 5741363 5532885 6196353 4826517 4018518 5316179 5255247 3440349 2986734 
3861999 5312736 5902668 6249927 6217390 4951719 5048988 5629105 3643537 3125701 
4033584 5585004 6367656 5561113 5621312 5067044 4993350 4955707 4778777 3147460 
3589375 6005776 5498052 6085293 5238021 6088503 4956263 5265717 3846310 2993636 
3589147 4793477 6365494 4999945 5647537 5103589 4829627 5305757 4000106 2679929 
3527980 4719074 5545299 6237700 4852994 5938918 5205644 4854109 4183607 2767934 
2519058 4413857 5124139 5240275 4966955 5236742 4816542 4674997 4033868 2465917 
3161476 4078462 5781802 4965630 4675253 5682668 5088816 5506349 4460509 2790432 
3192344 4986589 4579325 5655790 5468042 5185136 5415115 4938543 3311003 3443939 
2937692 3750927 4997030 4860273 5278517 6156209 5366637 5321258 4668026 2984848 
3448109 5253421 4743194 5266612 5809051 5432804 6691897 5851459 4232626 2976399 
3764113 4714173 4528029 4870608 5658272 6101126 6284483 6358790 4010665 3599615 
4287101 5924317 6052026 5146647 5802670 5801710 5409662 6763929 4722226 2960975 
3354126 5379830 6165887 5788408 5827698 6185103 5686889 4701066 4455154 2047820 
3511483 4888876 5359590 6781852 5975322 5661085 5062766 4793477 3532719 2862669 
3168070 4326902 5437259 6192343 5761680 6631390 4764759 4443251 3552579 1221013 
3080587 3622996 5658112 4878598 5780263 5390109 5707849 3966906 2842043 2630398 
3306753 4590943 4974374 6028002 5252493 5839709 5295962 4354931 3562665 2206345 
2680993 3227653 4682916 4152159 4620591 5222931 5078035 4103430 3814995 2055770 
4582102 4245702 5624650 5061031 4273185 6202846 4883973 5192063 3484862 3117670 
2700265 4334284 4399282 4237793 3967838 4238253 5517747 3496228 3504166 2780644 
3543082 4374798 5369582 4990267 4137480 4100803 4021517 4849452 3313896 2199414 
2381913 4185382 3861702 4460002 4274525 3332462 4153629 4293337 3498910 1975317 
3378920 4244497 5802965 4819603 4351187 4819688 3355110 4985437 3481934 2843198 
3573865 3569721 5341807 5124443 4542861 4437982 4559228 4545963 3755234 2851412 
3295791 5086116 4845701 5240880 5516327 3782359 5255574 4816570 3973634 2997405 
3365348 4164673 5076569 5570782 4872244 5667700 5092339 6386585 4335514 3625719 
2973298 4640976 5017328 5330861 5233164 4555790 5430060 5924349 4256449 4046713 
2718271 3832994 5208819 3839547 4823038 4802306 5496775 6074102 4859472 3782935 
3557126 4084308 3892190 4776418 3527469 4804100 5408695 5687609 4369419 3359158 
3339833 4411911 5580507 4425494 4427270 3941654 4910090 4622433 4048217 3569735 
3984914 4486369 3903390 4590808 4200394 4311352 4297497 4615179 3339197 2429563 
3689044 5127873 5217606 5031331 5953143 3572469 3573398 4461602 3181924 1994508 
3611160 4136466 5109366 4995603 4493761 4608904 5101006 4583820 3031077 2499264 
3250354 5110471 5335451 5514449 4963742 4909048 3702106 4436551 3455132 1610057 
3554104 3903116 4422281 3837688 4967623 4280106 4178509 4958133 4278167 2285293 
3791364 4836054 5114530 4703762 5332754 4161979 4688613 5043691 3474491 3160586 
3572258 5199322 4915923 4710818 4478973 4984041 5403353 5206615 4599359 3202423 
3384358 5881585 6135839 4968270 5014887 4913101 4550177 4945528 3412643 2908777 
3560686 5496751 6534351 5080149 4675982 5820326 4465683 4748931 4079005 3268282 
3686356 5687618 7045804 5613234 6041588 5134691 4910983 3832472 4099425 2375195 
3381671 3972710 5833140 5916483 4893878 4852956 4981759 5198553 3084218 2684828 
3783331 4487187 5566441 6048675 5408465 5085300 5010310 4210766 3635083 1951071 
2880633 4268377 4556163 4749142 5568876 4701612 4574364 5041583 3613785 2542231 
3018215 4660678 5400266 5441741 5174504 5293625 5085429 4979785 3520133 1939884 
3651341 4967442 4498093 5294364 5522297 5227239 5400203 5321535 3377324 2435025 
3052089 4536596 4517311 5347042 5263553 5089309 5224981 5495734 3263684 2679144 
3690278 5409112 5610141 4842526 6285760 5423876 5348241 5510122 4390196 2617097 
2810131 4349727 4405200 4994531 5199980 5092532 4767983 5413126 3784529 3043325 
3556384 5343020 6010606 4735093 5834950 5845855 5084685 6151388 4493677 3004892 
3773199 4895739 5858673 4167885 3856171 4728957 4352640 4947878 3854978 3448828 
3956336 5992951 6583339 5210657 4829880 4554358 4138809 5052843 4209674 2743416 
3933532 5163388 6525280 5486641 3955554 3221708 3393825 3420346 3636374 2669431 
4089077 5511821 6108856 6075750 5668290 5478209 3784471 5041250 3645206 2806126 
3697778 4600809 5743319 5615513 4482828 4169158 4306108 3962903 3327766 2557206 
3139166 4784740 5543028 5335424 5653081 5065421 4861390 4888896 4064263 2917910 
3043896 5403496 4392798 5150083 5731274 4947235 4981763 4730946 4396079 2843623 
2944515 4054762 5333849 5399060 4950620 5371356 5754364 5212094 4162856 3556056 
3301964 5176611 6252695 5053636 5172811 5764049 5897351 5661958 3904181 3349475 
2896942 4373837 5017539 5296958 5120947 4771824 4906307 5402002 3860659 2823144 
3283485 4357640 5581824 5309057 5245302 4994570 4243376 5124458 4011865 2738206 
3752361 3720369 4759461 4586534 4126212 4400095 5080097 3761772 3153669 2340837 
2589637 4896484 5081718 5078914 5020665 4543567 3702988 5200880 3614867 2385312 
3397176 4403848 5397730 4434742 3853511 4139754 4188620 3935170 3257497 2122856 
2387452 3728589 4915354 4614273 4464502 4643167 4811316 4582184 3261060 2597121 
2920541 3715158 4458822 4731608 5135116 4580157 5146213 5019906 3812768 2365823 
3422487 4392003 4455943 5520731 4347085 5295983 4738586 5838962 3854524 3191374 
3028288 3777299 4578291 4921867 6039563 5514660 5601064 5554559 4440973 2867212 
2313803 4110941 4764847 4417409 5355877 4973813 4394493 5495313 4250916 3858569 
1896550 4045976 3799443 4616340 4451633 5099551 5096488 5537977 4331073 3217170 
2583120 4036316 5067024 4655159 4758387 4505245 4411983 5060319 3941411 2751023 
2643608 4004151 3972921 3692536 3689585 3843408 4159552 5382330 4263864 3428008 
3455228 4068113 4934484 4476455 3536005 4138222 3876362 4098754 3956553 2598634 
3935026 5222231 4580991 4036971 4294309 3119454 4514369 3828925 3588848 3036894 
4281782 5307382 5624915 5041746 4864156 4540535 3840594 4838049 2627225 1981623 
3661513 5810227 6189890 5205144 5000429 4538949 4461604 5026885 3410055 2579591 
3082172 4555603 5354733 4917397 5611761 4378537 5309930 4952182 3247697 2692560 
3526980 4613135 5756932 6145379 5024454 6454258 4918751 5096318 4386793 2350516 
4085800 4263875 5605835 5191087 5799808 4907821 6021688 4872927 3733424 3173419 
4029735 5366748 5266832 5925855 6376526 5826270 6317391 5059592 3394906 2673548 
3360845 5150343 6134259 5892171 5532145 6108864 5482444 5304248 3745749 2853602 
3390153 5359194 6184830 6147735 5993160 5847461 6682648 5214849 3714186 2791858 
3806743 4412729 7071492 5683656 6033424 6386166 5122236 4985937 3938115 2467715 
3818573 4758556 5507081 6110201 5495646 6559593 6895397 5326371 4858739 3218929 
3901598 5144734 6298367 5778382 5927306 6820786 7151630 6125462 4492626 3356308 
3584712 5007910 5433332 5808568 5477736 6526572 7098338 5959562 4957459 3440510 
4427401 5479276 5940228 5941709 6931899 5632872 6466494 6387771 3977080 2740382 
3337242 4532286 5505930 5568344 5642773 5698920 5463134 6261171 4295088 2766315 
3612208 5215749 5993899 6089283 6208086 5725999 6010418 5456652 3869822 3068043 
3184071 4735853 5491475 5880032 5403150 5156346 4713458 4756588 3843240 2042841 
4024716 4722425 5960943 5838382 6520694 5772639 5326013 6208806 4120391 2976814 
2908922 4278938 4909071 6573888 4718108 5426542 4909370 4471575 4267738 3008279 
3280923 4445372 5343139 4181460 6065255 5316065 5122448 5950599 4426639 3173779 
2844845 4508582 4575842 5757711 5540649 5451670 4632623 5995977 3828511 2808448 
3058023 4733332 5454034 5060730 4845345 5194090 5590431 4723968 4693886 3468438 
3182357 3586466 6246826 4706903 5027429 5602765 4372697 5082760 3892368 3020000 
3244939 4765158 5348880 5861656 5358305 4608664 5348742 5232965 3697498 2606682 
3943011 4678613 4958575 6124305 5232505 4273416 5768898 5567168 3380786 3250348 
4646557 5063008 5245324 5006872 6082629 4789049 5543670 5910876 4231401 2898304 
3239558 4302429 4780858 3980981 6087238 4854418 5464726 6496666 4385585 3245082 
3333057 5077888 5072101 5206556 5922542 5399346 5587234 7226807 4465295 3177639 
2999235 3841723 5084115 5261377 5585263 4867611 5886283 5819754 4866202 3642027 
2310605 4646558 5409857 6274032 5665668 5813807 5225638 5382395 4189338 3182774 
2940341 4054845 5156027 6152845 5754907 5153668 5517607 5333223 4244597 3133068 
2978991 3660676 5401973 6582845 6707433 4693801 6053862 5340509 3459555 3521897 
3220294 4915967 4897559 6354338 5456023 5792627 5764824 4936819 4291684 2894040 
3466998 4952138 5322046 5656012 5415490 6026182 5226828 5030543 4352094 2961456 
3555941 5161469 6024077 5323389 5872528 5980322 6262821 6114366 4645983 3634890 
3809796 4991173 5966441 4900358 4997068 5090572 5498843 4360495 4134035 2727765 
3652732 4379275 5991946 5039180 4768633 6120367 5554868 5413301 4456696 3011112 
3566209 5048676 5228032 5022306 4758762 5213981 5013086 5267932 3723280 3235489 
3771591 3834988 5766378 4639954 5064989 6084206 5710548 5541382 4558094 2694565 
3777037 4864056 5237120 5562989 5981440 5757846 5596938 5504531 3980294 2371840 
3978462 4661763 4511927 4733212 5504062 5214255 5211829 6005123 3779377 2528814 
3810658 4919254 6168328 5102598 5657059 5511703 4693079 4428269 4081548 1705972 
2715012 4240014 4449044 4302477 5390495 4344306 5007572 4673934 3398687 2061629 
3274968 5156428 5131959 5971154 5398476 5750061 4090393 4133883 2782155 1848961 
3286257 3178835 5630351 4958523 4354871 5260895 4517101 3624969 3638337 2182625 
3275486 4979184 6590716 5685340 6184125 5353063 5824862 4457488 3676204 2461524 
3013265 4017184 5414238 5292428 4568619 6017132 5357575 5419453 4227563 3530666 
4062274 4755961 5733611 6711899 4820849 6399175 5954183 5034052 4596173 3057521 
3184253 3921404 5637132 4287519 4725458 4830166 5944150 5961059 4252606 3669756 
2665784 3924952 4713222 5675210 4271219 5303286 5578345 5438796 4431093 3320914 
1486930 3525600 4573957 4915477 5136892 4636986 5078137 5256171 4432168 3200719 
2110951 3059513 5202968 4731405 5750276 5483280 4580646 5155835 3324248 2710353 
2044187 3896556 4206586 5308601 5053799 5086036 4906035 4634596 3092259 2710753 
3271510 3896317 4650884 4564788 5119117 4724404 4859409 5061067 3230043 2785961 
3093018 5357058 4967640 5216529 5735974 4206780 4753729 5654950 3633562 3129045 
2865171 4986633 5017537 4131890 5130119 3386125 4043963 5113834 4355422 3387447 
2927887 4986528 5413905 4599164 4676928 4632631 4149964 5283407 4821578 3655712 
2246938 3377656 5714040 4674042 4560467 4454362 3585553 5672306 4441998 3140398 
2649794 3122088 4145598 4798513 5096780 5056643 5367947 5527799 4228580 2553044 
2397671 3302288 4246109 5034529 5250569 5491670 4960964 4907386 4074697 2440770 
2154122 3454487 4094511 4408966 5911183 6308273 5080103 5980621 3712534 2734701 
2722889 3967800 4942011 4934042 4875680 5305168 4983717 4434263 4082516 2365070 
2766001 3868056 5793532 4978258 4678033 5761435 5535504 4906678 4497059 2899452 
3478037 3940134 5702382 4468636 3652625 4714792 4250316 5076428 3074897 3692683 
3576422 4402874 4722849 5743206 4020665 4016125 6213164 4778400 4162468 3166676 
3517267 3808167 5349488 4142681 3038362 3932107 3920400 4113700 3587152 2479483 
3904990 4013707 5375630 5390742 3915035 4916818 4358833 4882122 3782901 3599793 
3069335 5196619 4512807 4820378 4499136 3774145 4865918 4438665 3779046 2670079 
3196776 4809938 5102309 4976930 4545554 4846566 4478820 4458048 4087332 2717105 
3312075 4775371 4984600 5507710 5122943 4238038 4454705 4856900 3361279 2776943 
1960878 3594415 5240022 4321568 5293186 5433865 4651149 6055846 4333946 2817991 
3305413 4240344 4450140 5222676 4266524 4333180 4475213 5234998 4716662 3340547 
3149945 4000463 5047078 5101611 5626552 5864022 4730897 6027492 4537768 3436399 
3366690 4371740 5336108 5487313 4396041 5944598 5151111 5801359 4774693 3289275 
2867334 4406795 5609801 5496401 5722707 5794065 6980412 5831696 4934931 3623550 
3896048 4745704 5900713 6324816 5287014 6099937 5734102 5778089 4211595 3844940 
3003464 4858840 4671834 5726121 5787459 6199109 7116653 4807844 4480031 2895363 
3971318 4639929 6488130 4962427 5323098 6423186 6340657 6219671 3950372 3943327 
3524146 4694814 4038666 5568606 4735980 5323042 6026235 5326954 3771842 2861561 
4248862 4841973 5744892 5739977 5234001 5150617 5805252 5212160 4159463 2786785 
3238763 4720198 5394316 4924040 5034511 6249135 5384726 5673422 4323855 2687455 
3363097 5757349 6127828 6129964 5534616 5514376 6056729 5221120 3971751 3384897 
3273725 4937396 5786064 6550432 6642000 5702936 5545779 5159692 3409849 2356153 
3713029 4568484 5734490 5447853 6020653 6438695 5277520 5748902 4188353 2423953 
3647231 3855363 5610062 6197994 6227863 6536077 6706629 5884777 4268848 3415235 
2838501 4338889 4782995 5233289 5993677 6017049 5946015 5763536 4355410 3057117 
3140806 4718532 4489318 5397836 5138073 5955289 5578362 5799692 4502109 2340288 
3366394 4157958 4642204 5579797 5936242 4624784 6010855 5651924 3813850 3207404 
3852513 4577585 5537414 5245373 5647129 5338160 5771884 5541604 4971036 3095065 
3795572 5338393 5289424 5785769 5459935 6246796 4856461 5332404 4143590 2756370 
4224464 5707478 5889901 5305033 5239466 4746331 5135930 4718691 3366234 3459181 
3969842 5669030 5655948 6005817 4887149 4963272 5145629 4618523 4539831 2663517 
4009703 5502811 5701698 5477698 5286484 4926785 4420516 4698625 4141189 2758975 
3736419 5781357 5729457 6268710 5374846 3915637 4872360 4950118 3379459 3480396 
3610528 5697411 5531712 5542390 5885349 4405688 5419088 5021842 3884738 2592534 
2936439 5291262 5591870 4787535 5521216 5021327 4330167 6052527 4133345 3568132 
2811261 4960853 5220282 5014932 5112002 4089622 5169831 6096607 4113944 3157168 
3742337 4709250 5110742 5656207 4533311 4104968 4718836 5923867 4178594 3716639 
3683309 4010946 5063355 4604342 3910752 4196843 4300603 4741109 4249092 3001835 
3439970 5052733 4550654 4645458 5087803 4424312 5576246 5391694 4064964 3485432 
3764977 4331918 4375007 4726181 4087268 5217393 4360488 4732754 3622156 2909174 
3337232 3975137 5077726 5199022 4841346 5858103 6258417 5115260 4677442 3168978 
2303916 3592154 4651118 4029780 4514775 5413420 5991346 5492353 4013251 3682161 
3190307 3680532 4129818 5077234 3962295 5846266 6299128 5903159 5400121 3551949 
2832411 3661994 3944624 3746241 4398331 4049631 5617811 5728149 4175302 3214704 
3602860 3053238 5242448 3493915 3404259 4554709 4970308 5376702 4350015 2858584 
3740314 4620999 3828214 4396140 4521321 4097995 4429555 4891864 3644295 2557839 
2962820 4306387 4735362 3988734 4475375 4468292 4834603 4619503 3906291 2933826 
3860693 4825261 5596518 4561659 4877776 4566860 5380608 3863089 3942368 2767486 
2378541 4379029 5123408 4594889 4021159 4859733 3703097 4665556 2883134 2867027 
2486001 4284325 6306724 4496645 4627991 4475178 4775342 4668620 3110287 2814576 
3250707 3849129 4689021 4958490 4978193 4503865 4430725 3846239 3436040 2208195 
2891559 4969358 4722047 5040922 4714771 4787784 4377541 4546335 4411323 3142237 
3425415 4440462 5581875 4655646 4564426 4858123 4256403 3563121 3223798 2055989 
2862989 4549178 4800297 4663048 4136033 4476592 5344451 4724148 4357393 3228536 
2585086 4620970 4928734 4315022 4046345 4107600 4113172 4168856 3166095 2409649 
2764306 4776952 4157734 3808388 4474633 4477686 4226179 5312759 4036148 2422634 
2703690 3485367 4282784 3368134 4013358 4274432 4196231 4289101 3211329 2938508 
3004944 4324659 4620163 4398462 4130058 4490637 4584074 5749339 3594119 3227882 
2835646 4126949 4437693 4098102 5023514 4914531 4755056 5634065 4598661 2972828 
3790402 3883471 4907360 5087084 4513751 5206095 5648656 5494206 5196457 4391799 
3151955 4237709 4254668 5274235 5606254 4804376 6348171 6499183 4875576 4081609 
3006440 5104296 5203244 6182185 5236864 5687274 6509414 5567718 4811385 3934121 
3166726 4314119 5169918 5262280 5589655 5189212 6194243 6183394 4701109 3320651 
3399981 4544009 5750650 6094132 6292082 5218378 5209819 6238483 3967861 2804372 
2670970 4550217 5828181 5215079 5317518 6688369 5731617 5825858 4676462 3304054 
3449357 4521972 6449075 5665548 5402041 5388496 5823371 5295733 4346098 3130926 
3767165 4807723 5422193 5524183 5174730 5154278 5363589 6046726 4548100 2753075 
3405072 4981468 6133372 6012279 5621766 5722402 5449561 4789374 3163267 3143458 
3747982 5471409 6682157 6487663 6222603 6056164 6230973 5346965 4154081 3346400 
3058956 5167275 5814545 6032915 6039874 6460882 5635522 4799021 3828838 2148552 
3289124 3947807 6156623 5807986 6205899 6037302 5816634 5481393 3992661 2786979 
3745718 4189026 5542455 5349218 5607328 6301215 6381168 5569950 4218532 3293406 
2497544 3330677 4608920 5280699 4134937 6835109 5817392 4923753 5050873 3089986 
2945137 3990802 4363750 3923238 4764218 5399622 6135083 5764127 4675576 3095650 
2362392 3106926 4743112 4188413 4318081 5847570 5795054 6505089 4361855 3756002 
3049834 4076057 4123444 4441266 4766947 5009097 6054397 5983126 4986229 3190696 
2523445 4012027 4386051 3252665 4102095 4769833 4807440 5796988 5094220 3250810 
3049618 3120147 4573935 3834983 3049824 4558220 4575360 5235205 4244275 3214465 
2262572 3314841 5056448 4706883 4583301 4337154 4386689 5135147 3685878 2920655 
2670008 3499734 4166210 5845629 4614610 4292094 4535904 4002913 3045860 2742216 
2428967 4223159 3905104 5044972 6110387 4459757 4984815 3881663 2783841 2359122 
2753066 3663096 4708055 4547782 4802341 5073589 5067452 4594122 3287462 2629121 
2720404 4777346 3920819 5120613 6282377 5259601 5191400 5477215 2821040 2481505 
3157475 4186139 4668422 4520284 5181688 4995991 5280329 4999690 4289708 2592385 
2818266 3823714 4966392 4689228 5030253 5562898 5936675 4633153 4504531 2457549 
3032087 4911867 5264059 4865672 4809115 5548644 4886112 5558228 3639015 2920098 
2322249 4769133 4640757 5666401 6380181 5387382 5435043 5668426 4414202 2310398 
3656263 4148883 6282279 5579021 4978552 5174412 5028489 4704954 3662210 2642183 
2115440 3241969 4827341 4703430 5345201 6646356 5131872 5973241 4129372 2985582 
2668179 3974473 5531263 4903826 5069777 5081543 6029792 4625453 3607902 3124556 
2950422 2823298 4221228 4904077 4705118 5730745 6144964 7109166 4614737 3432847 
3006071 3582225 4941372 5024070 4836537 6150561 5137748 5473415 4808849 3004958 
3795305 4085741 4736308 4916829 4716513 4628942 6497005 6834273 4647368 3972006 
3784412 4849954 5875776 5109022 5134264 5052659 5366574 5439284 4869240 2451227 
4536998 5908555 5791433 5901566 5366471 5665988 5120260 5587006 4959610 3071500 
3793516 5650735 5570006 5837896 5689778 5517769 4732525 5840661 4498623 3007746 
4239578 5684659 6720643 6018475 6101012 5650561 5146547 4142567 3941151 2701435 
3679756 5203594 4920058 6059622 5178011 5886789 5583937 5482784 3573092 3180166 
3159954 5378806 5464605 6035281 6518610 5389176 5719579 5236737 3723489 2728448 
3394082 4208013 6014645 5305510 5079946 5340325 5287927 6005329 4501414 3401060 
3589915 4154987 5811289 6272593 5590057 5546463 5251326 5469192 3621106 2759949 
2531058 3387960 5368752 5079581 6188379 5849525 6044178 6000942 4750846 3756647 
3450710 4760765 4818511 5996884 4980292 6194652 5422049 4702416 5025775 2600219 
2697511 4475690 4787486 5929223 6093398 5586762 4828393 5774301 4019146 3210645 
3775947 4810069 6239856 5461662 5029140 4721708 4166881 4546720 3040599 2615382 
3121044 5121773 5153089 5447530 4676207 4415503 4904067 4515260 3925024 2342142 
4117407 5677758 5941362 5622074 3880855 4583005 3642009 4324049 3688138 2726251 
4370703 5117824 5208584 5120381 4773343 3843574 3767843 5188404 3567685 3195064 
3880035 5163345 4834905 5805742 4118638 4303108 4232737 3731485 4227178 2712734 
4362037 5762260 5882587 5519529 4810929 4640824 4670859 4668151 3595504 3399762 
4260427 4407697 5474009 5131601 5363642 4105275 4599485 5222918 3385252 2451611 
3134277 4560256 5581165 5617845 4725450 3942060 4650816 4535614 3340938 2834347 
3091451 3994290 4918746 4843062 4990586 4928306 4152636 4841945 3596352 2191270 
3615266 3250698 5100850 5346456 4639488 5128314 4963762 4993050 4106942 3054714 
3659996 3497264 4014724 4446078 4288932 4762137 5186709 5025702 3644218 3207109 
4062295 4602225 4589757 4750765 4079872 4390873 5319197 4873795 4659052 3240027 
3910267 3815823 5136002 5574119 3556427 4850805 5406437 5488635 4298621 3256018 
3105190 4284293 4200600 4243258 3566148 3831543 4772356 5209604 3974924 3368962 
3611864 3909516 4855090 5143118 4522869 3946176 5221971 5044671 4271370 3092362 
2512684 4468477 4366624 5014250 4168117 3705087 3996140 4369701 3276491 2314806 
2733811 5144062 5066684 4573994 5242735 4742039 5046560 5179910 3940211 2895697 
2675989 4321529 4800701 4611371 4898730 4085905 3731020 5185387 3297407 2416429 
3533386 5121660 6340912 5543410 5216789 5508719 4562437 5716922 4196274 3237896 
3373793 4341890 5376249 5103154 5438858 4793499 4585836 5014758 3329568 2827412 
3644197 4267562 5648171 5565979 4661566 5458765 4723476 5131345 4252884 3186368 
2933817 4456654 5178241 4946791 4780765 5514313 4971930 4785614 4000059 2982104 
2790903 4027004 5181385 5042689 4662009 5118068 5142826 4344922 3226255 3073102 
3435958 4230945 4749406 5540507 4796326 5035831 5457622 4909399 3376098 2547592 
2440964 3595116 5543560 5031648 5245710 4396127 5243777 4239834 3300994 2244307 
3271199 4663242 5245361 5981569 5914376 5613380 5862328 5718800 3584409 2945609 
2781047 4585232 4909240 6465566 6026798 5681369 6155562 5008838 4678722 2923213 
4444236 4641307 6300736 6128070 6229546 6665877 6997380 6268592 4358555 3497835 
2875211 4803668 5411836 5430689 5639454 5620487 5306365 6249381 3839126 3143659 
4537965 5263125 5660972 5955419 5109695 4676203 5892658 5663705 4498222 3250922 
3042239 4907976 5180697 4985080 5222345 6040115 5248234 5592182 4756705 3503924 
4019936 5127533 5890423 3907672 4149578 4985727 4794983 4865398 4492495 4178672 
3438708 4093215 5207403 4653010 3808796 4799852 5017725 4557357 3842818 3178206 
2637655 4506095 5482403 4658078 4069239 3651027 5176457 4560238 3845606 3432402 
3228675 4301570 5293308 4845888 4440900 4331907 4272998 5017827 3114296 2554337 
2973235 4122077 4081042 4834183 4088818 3937633 3889165 5039750 4084078 2497293 
3619432 4638637 4995371 3348582 4743859 3175117 4406297 3991409 3549248 2646860 
3465441 4622804 4253923 4073607 3246624 4682344 4646487 4835176 3795708 3091792 
3389409 4922126 4907957 4151880 3691987 3986900 5386681 4800667 3909122 3188738 
3606656 4033913 5579243 4667167 4687349 4371762 4802311 5427699 3904720 3377085 
2719146 3462928 4050709 5192803 4735259 3889948 4979923 5539034 3668662 3437409 
3239892 3534392 5024334 4187695 5155663 5070544 5591280 5153230 3505668 2800457 
3181179 3677426 3871152 4994887 4482739 4991582 4906907 4890198 4208614 2297562 
3351812 3694683 4203696 5011492 5170705 5509793 5192320 5380871 3563684 2063916 
3481277 4220864 4509425 4352169 4211830 5112816 5146275 4571261 3169144 2570557 
2721623 4703543 4886848 5233059 6243325 5187131 4956950 4264267 4101988 1703532 
2796504 4593178 5189810 5209196 4845477 4882943 5146666 5227547 4167920 2647585 
2133800 4611413 5330101 5208101 5382743 6475085 4914247 5603114 4039261 3562570 
3668401 4324376 4437434 4992770 5353608 5239787 5843061 4839683 4641671 3077983 
3685434 4588975 5760437 5696358 6021168 5991263 5515025 6374139 4496976 2570675 
4089571 4777043 5400252 5521040 5542652 6581721 6280013 5959180 4073235 3354087 
4640870 5807334 5408840 6167668 6033277 5617436 6914897 6286755 4860607 3403949 
4372377 5161067 6497578 5809115 5010368 5502314 5635106 5796968 4206905 2412128 
4298019 5768118 6576402 6450468 6292404 5416060 6332647 6959028 4521339 4173527 
3432134 5630597 5180730 5563747 6206219 4989640 5061506 4902793 4813175 2812657 
3215466 5308195 5842795 6291614 5994017 6359455 5763380 6192140 4478256 3464119 
3525277 4609561 6115159 5631540 5756229 5688632 5259448 5570384 3284670 3305028 
2311463 5166221 5273882 5786663 5960790 5641070 6429002 5376863 4630462 3191377 
3295769 5004377 6587870 6340721 6209977 6482926 5358144 6186016 4224118 3132987 
3548556 4276197 5146642 5395988 5314152 4853304 4684912 5300017 3931618 3389591 
3106244 4609824 6777876 5382068 6322820 5727931 5525377 5657735 4371615 3440596 
2758672 3833055 5756697 5318260 3889025 4162226 4071008 3741656 3590565 2228523 
3223564 4074027 5389117 6188163 5834289 5609303 4716100 5624069 3727302 2673298 
3093184 4068905 5066499 5763176 5340630 5110775 4262031 4228942 3122208 2187994 
3381591 4896021 5101381 5674681 6068236 4786412 5980747 4445774 3732960 2579944 
2816367 6050791 5731561 5985667 5770535 5947539 4498446 4597766 3593600 2667169 
3181333 4745611 6216707 5505179 5216057 4764973 5502443 4349132 3180604 3123755 
3597534 5526689 6303201 4974190 5516398 4614215 4996257 4960305 3693272 3156325 
3384477 4820307 5459735 5690057 4812438 4042888 4995400 4596941 3182057 3298781 
3777541 4311760 4059960 4246923 3779824 4369983 4363047 5037135 4360779 2649746 
3013173 4528822 4449709 3359598 4654823 4705694 4347804 4663456 3847537 2587802 
3179676 4780637 4301353 4106111 3955263 3964090 5432459 5055623 3374078 3313635 
2691502 4937569 4583220 4367305 4256708 5237871 5646204 4988746 4592490 1930919 
3333715 3953559 5402722 4638431 4810796 4817225 4338180 5882549 3568302 2567184 
3133789 4013913 4335410 4728575 5623567 5494442 5294882 6351394 4508257 2679269 
3359724 5428335 5914667 5187674 6009098 6427981 4989045 6025312 5162574 2606616 
3557459 4552439 4608406 5565300 5167430 7169013 5549535 5551126 4899869 2850576 
3252517 5179095 5302046 4504855 5375039 5506238 5502660 5392949 4073779 3263906 
3304750 3501262 4791654 4406353 4531612 5863474 5217993 5192711 3567661 2754641 
3413513 5209981 4442048 5258379 5354192 4860807 5608341 4409564 3888613 2948399 
2998278 3896615 4817500 4620907 5711130 5573762 4854601 5943174 3842490 2649205 
3506404 5388735 4636709 5437991 5552207 4556805 5513125 4710835 3723378 2972392 
2983282 4532305 5580994 5688742 6808460 6073495 6696923 5263251 4497514 3208660 
3386877 5373343 5750561 5982666 5549755 6343715 5698738 5106115 4337801 2559806 
3286813 4514916 6571213 6443625 6847851 6364062 6256118 6655925 3586826 3033587 
4099153 5167471 5654338 5683460 5880318 5890829 5210626 5085946 3800534 2327196 
3939051 4726080 6044605 6021293 5794777 5987193 5920628 4944331 4543728 2371666 
4111640 4298353 4990241 5241232 4362182 4841600 4294376 5106171 2841842 2524816 
4102350 4978141 5519654 5633211 4632776 4804086 5846792 4884300 3995836 2882860 
3702423 4714661 4664642 5368460 4981112 3891682 5073787 4319197 3473915 2649231 
3615995 3933409 5715458 4829884 3940509 4971994 4816922 5733845 4388102 3428584 
2784422 3565497 3944574 5097172 4743020 3759414 5092841 4799785 3636585 3166228 
2880636 4221913 4665841 5588531 4875369 5243530 5680992 6170761 4839635 3956870 
3413870 3123508 4574180 4786087 4797799 4445467 5309243 5217725 4075497 3061530 
1781449 3896467 3576236 4728023 5756376 4868593 6472305 7039684 4952314 4164192 
2357832 4220336 3972337 3862569 5039413 5391258 5726288 6240039 5097845 3555423 
2640760 3914999 4918349 4880601 6168070 6289837 6380605 6857606 5479357 4167334 
2355933 4524051 5214612 4735575 5837657 5646392 5539681 5926621 4046169 2894716 
2999074 4321691 5540569 6067384 5397364 6375587 6115386 6080771 4502647 3387183 
3365884 4823702 5523994 5532529 6529994 5973771 6089552 5233562 4479212 2474261 
3766600 4668487 6292980 5849139 6532526 6580448 5197617 5340141 3554647 2633891 
3224497 5361081 4662425 6539566 6125174 5441973 5730956 5513936 3375544 2356439 
3156215 3713838 5988040 5530639 6638071 5372206 5352070 4075720 3255017 1568587 
3020856 4464008 4768628 6586560 5701170 6001461 5524013 5769449 3237380 3110544 
3390682 4697534 5438580 5599832 6084527 4809229 5490614 3833366 3235147 1897577 
4574541 6140894 5815462 6936350 6324397 5056380 5046565 5292111 3106929 2691785 
3902554 5854677 5609751 5576453 5735316 5417242 4880636 4263956 3512046 1808989 
4743908 5291631 6030020 5678319 6127956 4980365 5133605 4801960 3791875 2613928 
3310561 5126162 5586600 6086182 4924354 5610788 4768663 4818482 3582242 1980251 
3759146 5495145 5201452 5172922 5819029 4768213 4944612 4982586 3717675 2714350 
3135768 3709319 4659969 5302509 4631369 4885685 3728314 4609231 3551879 2397901 
2578534 4329111 4708223 4472954 4761782 5345295 5614340 5376058 4463274 3329741 
3332321 4546539 4567933 4887043 5147387 4112616 4364683 4649061 3130708 3040701 
3051001 3988068 4022147 4946780 4388557 4309220 5277338 5062866 4203715 3123434 
2352378 4202686 5475649 4036587 4956968 4204932 3660025 4144246 2616000 2310471 
2469454 4687545 3976234 4333656 5215602 4760624 5344919 5331199 4285415 3037107 
3207776 3970666 5116379 5242162 5159788 4768253 5298428 4433126 2853114 2724750 
3302270 3510653 5025846 4760125 3923833 5227925 5811866 5855963 4132730 3037652 
2733429 4269819 5642944 4422173 5626042 4964221 5389911 5301194 3953813 2502940 
3058799 3098121 4719778 4943743 4396668 5083468 5100523 5674898 3995708 3631621 
2541518 3570935 5034424 4493438 4103618 4824374 4219950 4612997 4175191 2639737 
3148616 2881236 4499450 4977478 3393671 3844029 3871907 4400901 4368389 2793083 
3283091 4995611 4929788 4776796 3956764 4220179 3552294 4173743 4327480 3027929 
3407201 4087695 5602078 3678516 3867409 3511097 3068145 4147680 3536599 2819461 
4026884 5426553 5683864 5645418 3421127 3328240 3803608 3740818 3139520 3086211 
3939865 4636066 5420962 4866107 4149862 3772777 3730935 3934750 3444123 2968477 
4463932 4877151 6477989 5917314 4329378 4795727 3732445 4434924 3554422 2633434 
3373443 5941333 5108738 5712269 5273052 3777988 4904256 5799159 3713427 4103414 
3932815 5439568 6040722 5732750 5870185 5048542 4887912 4914023 4727234 3103666 
3110136 4031933 6150734 6293007 5419618 6010298 5483665 5572061 5333675 3309620 
3386603 4915234 5662782 6180068 5757167 6255680 6187330 6296873 4164696 3886407 
3969817 4368771 6360973 5831223 5536404 6595811 6060223 5828048 5398834 3316653 
3447261 4659219 5764787 5751989 5503522 5429261 6453600 6079094 4331895 3347218 
3173206 5674753 5377842 5425999 5453446 5906350 5336081 6834032 4349860 3414011 
4268726 4364732 5341909 5461552 6007200 5032346 5844039 5547130 4699012 3001710 
3641353 4992689 5520715 4966939 6112835 4993891 5631838 6462870 4181569 3574107 
4384580 4348481 4753643 5140988 5210698 4842160 4996119 4845009 3647638 2034196 
4088630 4913146 5849786 5711326 6347135 5416228 5113027 5588604 4132089 2724569 
4057033 4851777 5866044 5032409 6325565 5550156 5402230 4897835 3140944 2356536 
3508021 4655067 5336849 6295365 5929525 6184974 5835027 5484666 3937527 2543520 
3320755 4259586 5680020 6675682 5823624 5730014 6714264 5178239 4198181 2509053 
2632939 3956171 5508398 5448917 5818885 6425698 5817492 5792260 4171884 3150703 
3031457 5002107 4565987 5385858 5677109 5456269 6127203 4969258 4693673 2526020 
3537988 4175585 4436045 5032509 4880804 4856572 5703857 5364711 3757611 2963095 
4196207 5481002 5709047 5721261 5094846 5169297 5645156 5852870 3193749 2867780 
3718322 4751248 5697040 5302515 6111922 5051228 5913357 5614524 4597261 2672663 
3822853 5247725 5346662 6040310 5653570 5706862 5301270 6097066 4042686 3150440 
3588119 4806980 5268728 5839389 5716687 6494154 6206094 7113425 4771974 3688455 
4223267 5001297 6391439 5814763 6033965 5075896 5599668 5297423 4055717 3308236 
3204241 4385728 6179864 5832992 5810123 5720742 6211228 5929743 4867553 2980745 
3527427 5141697 4581912 6276692 5566357 4981097 4314692 5851916 3647530 3103238 
2810349 5053076 5239052 5143957 6557805 5051963 4937309 6230714 4311477 2925664 
3240928 4628622 5791898 4568497 5426175 4500098 5130486 5450795 4164638 3013141 
3267964 4979279 5132437 4620065 5747932 4887808 3818194 6203428 3793363 3015905 
3362213 4086466 5591529 4525206 4703143 4682137 4348358 5198174 4394169 2390084 
3956741 5423942 5145694 5712045 4859667 5002248 4619750 5519585 4121672 3134698 
3702140 3725465 5273393 5395026 5346095 5276648 4922071 5015908 4804420 3175423 
3017741 4569011 4851420 4872758 4848879 4407781 5361700 4309360 3655164 2737673 
3142751 3545893 4999563 5539564 5693796 5393193 6114668 5746021 3255102 3139238 
3494019 4331724 4011551 4682830 4844423 4920170 5912021 6327280 4593101 2727188 
3866879 5197166 5556363 6035224 6712979 5736841 6204040 6846330 4262002 3347783 
3427594 4781321 4812006 5063422 5577930 6169364 6075757 6613207 4357797 2921996 
3084903 4816902 5605932 5773728 7101653 5944918 6871234 6481035 5330528 2711189 
2709994 4665197 5162155 5041289 6054934 6982054 6096569 6238759 4764421 3815806 
2644943 4075443 4478302 4832391 5656328 6169458 6036597 5636603 4560711 3636102 
3154735 3750699 5731867 4008625 5366271 5259321 5748711 5272344 4583921 3502028 
2692236 3772264 3718465 3930247 4262081 5522764 5315635 6150185 4580363 3701870 
2666856 5115430 5810558 4854937 5121281 4845973 4977293 6278750 4698138 3477240 
2903944 3211689 4754312 4224429 4598288 4617955 6117132 6511058 4682977 3582903 
2734490 4982475 5282307 5326020 5803501 5885707 5262791 5448134 4989859 3247510 
2832562 3190580 4529010 4651916 5602314 5308301 5900369 6107794 4407291 2896459 
3299238 4275391 5411735 4785442 5322585 5323742 5226908 5504790 3652138 2578601 
2870916 4475095 4069314 5681820 5543226 5538375 5939910 5125148 3943401 2392658 
3292150 4494591 5092988 5375173 5522447 4497378 4929432 4640886 2989926 2449776 
3733864 4943923 4662225 5533241 5619881 4752183 5911705 5060443 2741886 2319442 
2948977 5656207 5230404 5232469 6176494 4386057 4109529 5481414 3643858 2141814 
3787747 4844703 5808820 5042864 5199269 5369943 5289185 5392452 4123267 3261289 
2084098 4851358 4901718 5004662 5294009 4787406 3988238 4975572 3247056 3126426 
2387054 3907758 4539805 4552716 5178256 5082240 4311990 5150584 4504190 2132086 
2013414 3447569 5480582 4319770 5123906 4710673 3941943 4671980 3001856 2927060 
1801492 3436318 4240273 3959290 4599040 4338691 4629593 4726440 3529892 2835982 
2269593 3959883 4928277 3974063 4765784 4891851 3867357 4570678 3751396 1856083 
2996424 3816235 4589415 5167795 3912013 4445561 3997158 4963649 3364075 2943191 
3911300 4145420 5335985 5165224 5740948 4325445 5294179 5037010 3320448 2345757 
4434806 5224464 4867834 5227386 5728793 5121658 3982001 4814389 4050087 1792049 
3799494 6001560 5755558 5050876 5716035 5441263 4795308 5199488 3859066 2798562 
4815768 5732116 5984905 5572153 5304135 5929893 4384207 4987926 4037297 1874340 
3609748 4926810 5676355 4879892 6072494 5131865 5426450 4869188 4153989 2367394 
3460328 5522008 5744854 5844169 5186381 6248149 5421865 5234610 3998423 2414864 
3009684 4886403 4840960 5241710 4846137 6232350 5377034 4865689 4095011 2427250 
3034527 4083463 6283906 5034413 6309916 5260871 5108289 6199444 3787855 2948740 
3256068 4156181 5581023 5839449 4833112 6070273 5935904 4621988 4911975 2892084 
4168783 5288084 6608817 6419342 5585685 6159631 5732720 5491730 4361015 3865918 
4500898 4529507 5862010 6509532 4983925 5934758 5879811 5216829 3982384 3591799 
3667239 5684985 6023223 6315541 5875849 4905308 5828280 4719499 3534198 3201375 
2736400 5606724 5929422 5763112 6125880 5437796 5272111 5100647 3367621 2561947 
3288871 4465728 5486885 6030214 5672127 4769125 4700757 4829261 3081195 2155259 
3077861 4457646 5933163 5961871 5321535 5231449 4533134 4670863 2431313 2368966 
3210017 4046731 5476041 5211540 5033832 5099935 5273453 3707463 3161214 2032601 
4050495 5346954 5513489 6537167 6242637 4868347 5747854 4723462 3133148 2296582 
3455723 5110131 4747373 5577471 5563290 4828910 5980212 5675774 3158411 3097895 
4340350 4110454 5048799 5636155 6168054 4890944 5151300 5334902 3211021 2393235 
2890781 4255389 3734059 4855279 5055676 4472392 4789517 5261213 4068996 2809336 
3131893 3344372 4288191 4292059 4710451 4430298 4626963 4519471 3101067 2222000 
2955708 3551202 3672050 4533913 4205443 4708541 4831351 5687346 4251584 2995791 
3134295 4234487 4543182 4844552 4795631 4357666 4903777 4895202 4381589 2819205 
4101808 3968031 4824722 5103708 4376315 4812931 5190114 6415683 4660558 3057998 
3719095 5061889 5844910 5410495 5357380 5196355 5271038 5155743 5063981 3715821 
3657334 5745358 5274689 5101266 5709054 4786976 5665675 6029106 4585222 3923563 
3252922 4820119 5810541 5367398 5312068 5324998 5398364 5606719 4527748 3363146 
2931960 4268571 5388182 5354364 4972644 5066074 5192347 5377796 3856345 3433422 
3269544 3507504 4263799 4975422 4746575 5305323 5419324 6000180 4470691 2866210 
2733794 3531799 4776196 4304357 5624033 5368944 5612842 5579480 4698177 3344064 
3314069 3888659 4208532 4681266 4496292 4914108 5202028 5083561 3889454 3274738 
3119673 4366099 4369385 4500698 5164962 4029828 4656932 5573041 4132801 2347813 
3560552 4799384 5839116 4865588 4934359 4774024 3776568 5430934 3736773 2749307 
3609024 5846300 5695606 4716368 4530421 5533818 3845064 4591096 4238074 2790503 
4051213 5345200 6430263 6072499 6651899 5127647 5256313 4450215 3851325 1812450 
3665188 5912893 6133683 5622184 5395505 6207478 4211006 4695885 3651455 1923734 
3990444 5591367 6802461 6312304 6380462 6121363 5535582 4371619 3964307 2190670 
3315213 4045721 6245753 5140681 5308061 5315507 4765620 4279767 2614286 2238004 
2917633 4835195 5745789 5520045 6089417 6427816 5200748 5454186 4232103 2770176 
3291572 4445491 4789566 5129635 5160958 4750657 5030779 4143699 4056659 2896560 
2920943 4547383 5784844 5354605 5214467 6045387 5578504 6079531 4092261 4098461 
3138997 4952575 5439457 5427204 4063838 5352539 5767549 5281656 4734308 3328067 
3231867 5888521 5889495 5747569 6015606 5197867 5863807 6160112 4636543 3930884 
3602505 5120401 6500592 6179815 5809921 6078562 6486381 6356751 5069364 3801234 
3636619 6115009 5683207 7167743 5658210 5723258 5699283 5276102 4655230 3182673 
2822142 4539683 5554866 5866896 6134391 6501183 6056311 6176040 4550785 3811473 
3482250 3917507 5637136 6003120 5459683 5811799 5627567 5442698 4661033 2911728 
2264633 4681245 4124508 5432743 5549967 6118074 6018580 5635581 5044711 3386216 
3706065 3621310 4819500 4849060 5206823 5424250 5786930 5798286 4729194 3775418 
3021815 4166044 3662433 5102004 4641492 6101950 5774881 6325791 4903403 3197153 
2727573 4140690 4382384 4381506 4586718 5486645 6202263 6062047 4350825 4157693 
3339476 4949143 4721018 4804596 5837319 5381216 7230991 6210219 5197583 3468652 
2685614 4420711 5354235 4533040 5661711 6169787 5038846 5863117 4808175 2969911 
3567909 3685006 5526724 5753849 5326455 6064518 6924519 6502795 4035342 3460670 
2775183 5002001 4815223 5148227 6439785 5469908 5582663 6265131 4056287 2134458 
3716959 4091911 5228968 5331756 5519782 5582858 5642918 5830017 4913332 2894248 
3186433 4477366 4160428 5565869 4481453 4079826 5088861 4870851 3667820 2791488 
2591795 3954475 4357636 4358492 4631980 5082188 5319236 5489540 4321114 3290162 
3210199 4263137 4651116 4285679 4417524 4603346 5134043 5241982 3684703 3773175 
2971160 4945527 3605892 4907245 4421396 4708273 5658232 5896324 4498125 3223187 
3644257 3928103 5351130 4444068 4180789 4397175 4757361 5345646 4269918 3515228 
3211502 5178760 5549805 5106698 4683358 5646349 5582742 5357579 4893895 3944177 
2947691 4802654 4874615 5522618 4926184 6080913 5407800 5356729 4565149 3215213 
3699597 4535376 5953892 5256010 6066893 5676048 6033857 5592204 4489136 3593234 
2218819 3624648 5355459 5483913 5009563 5918597 6133773 4459982 3868979 2646066 
3117478 5028751 5507452 5591256 5875439 5874983 5621602 5525871 3818193 2834486 
3057334 3721574 4977690 5404483 5364442 5880151 6003908 5103046 3441647 2710764 
3848817 5308053 5285401 5237176 4926246 4861750 5694210 4492852 4272788 2926243 
3645823 4360214 5191277 5228808 4037912 5088884 4179844 4593229 4214052 2924212 
4045520 5672117 5160141 5203486 4405933 3649734 4504515 4693337 3800096 3086092 
3410799 5028668 6127194 4236919 4126104 4647872 4309322 3991164 3979199 2764343 
4264760 5378828 6060718 4307171 3407529 4116717 4067335 4392823 3212479 2370464 
3856357 5255654 5793207 5502525 4975965 4801326 3632396 4041432 2533934 1715154 
4299368 5233633 6593116 5361631 4907452 5002998 5351699 3792711 3816683 2753622 
2872167 4684366 6466756 5751418 6506032 5731011 5055154 4759844 2602484 2285565 
3267157 5369335 5869670 6855100 5434029 5340462 5560124 4327223 4044157 2960990 
3204160 4846435 6116465 6285506 6733870 5539713 5528010 4727384 3129661 2959498 
4179130 5453073 6006284 6906479 6129161 6095225 5716960 5330548 3868774 3083953 
3625980 5578348 5847060 5457746 6158391 4780961 6193298 5501157 3856812 2962618 
3956311 4989310 5855597 6425776 5482133 5285490 5894466 6041353 3729672 3249096 
3425328 4378050 5440938 5377895 5176070 4636569 5250650 5763811 4439250 3283111 
3092906 3353630 5433403 5118508 5517052 5250499 5473605 5833395 4457715 2966235 
2558334 4187583 4167397 4694034 4534404 3543659 4875554 5078453 3756451 3149585 
2936263 3950087 3881655 4912899 4827894 4749416 5438740 4737665 3453791 2657572 
3631363 3745655 5657165 4570694 3907695 4476123 4991148 5344788 4296841 3191333 
3154605 4530941 5097822 4923007 4976376 4949993 5351738 6188962 4717919 3459442 
3972756 4322873 5942298 5240261 4930982 4560368 4523807 5309796 4718712 3651464 
3101611 4533397 4674201 5721059 4878389 5843161 6337684 6180050 5370270 4207251 
3300125 4628574 5788211 5104434 4463251 5454422 5095803 5034209 3876619 3450267 
3167218 4059429 4915798 5060421 4885597 5699328 6657689 5119215 4614611 3369166 
3919978 3701274 5689025 4735162 4875276 4427848 5656827 4397987 3588523 2910272 
3140137 4049079 4369924 5839522 5050614 6259881 6369192 6024062 4337427 3272172 
3686720 4413683 5349831 4470533 5676103 4775377 5762355 5371748 3862875 3262511 
2834688 3841633 4813529 5919709 5826463 6874574 6167391 6395809 5179023 2927769 
3514700 4800892 6195133 5912601 6307194 5683079 5699230 6042238 4541341 2738978 
2921946 4130952 5147095 5743321 5718112 7235839 6629738 5882873 4661268 3552612 
3337723 4775282 4939969 5793169 5081447 5396602 6532407 4844800 4609119 2393755 
3378465 3053463 4266042 4860800 4561363 4657432 6514806 6381626 3880710 3461669 
2794603 3814325 3111371 3044036 4098401 3936739 5045878 5421127 4304457 3193569 
3711319 4409159 4732250 4071224 3316012 3912171 5430867 5537828 4832337 3876827 
4069263 3800267 4616268 4683720 3287731 3721161 4299795 6178830 3679535 3761633 
3569105 4907866 5214678 5028125 4805308 4337673 4689138 5524284 5066686 3272775 
3920790 4521045 4421485 4872124 3787310 3769420 4692872 4882551 3482903 3726143 
3300227 4130483 5100373 5432040 4404002 4224933 4935288 5140185 3828045 2975984 
3020745 4433130 5011370 4643379 4720229 3880862 4272534 4387288 3386767 2404642 
3005751 3955356 4820489 4364719 4294436 3905734 3867353 4333813 2693484 2721700 
4045270 4286454 5369181 5523591 4373069 3800737 4066808 3133459 2740708 2133766 
3949111 4637058 6867639 5747665 4743293 4426215 3296002 3790536 2635295 1777125 
3931178 4914927 5653301 6496943 5480004 5249552 5278921 3678453 2940479 2431118 
2934980 4880876 5636141 6788546 5823383 5503940 4547748 3910618 3352990 2102174 
3660881 4208484 6011687 6069952 5257930 5461601 4808742 4803459 3489958 1885365 
2717301 4404162 5802472 5983735 7159218 6697753 6162157 5003965 3183915 2867166 
3210692 4326697 4566146 5510015 5209703 5257482 4957202 4357176 3929151 2180179 
3390948 5704450 4660137 5908891 5281910 5776978 5096169 4986094 3938231 2044862 
3846338 4526856 5662699 4679105 5753239 4615539 4111989 4586540 3076406 2865795 
3008423 5989421 5290593 4799490 5470133 4775702 4594555 3958716 3370691 2103987 
3559255 5209007 5150338 4062075 4503008 5192411 4101077 4618324 3383036 1801972 
3476614 3841368 6328181 4955777 4967683 5432750 3679319 4296390 3143981 2461961 
3537907 4974069 4961621 4853362 4673068 4897923 4905452 4943804 4189006 2472089 
3107239 4399654 5172870 5125573 5555540 5486786 4923767 4245118 3860327 1936795 
3424675 4872277 5063783 4839357 4721920 5640290 5897148 5330551 4047323 3230486 
3188702 4536956 4721684 5419963 4682096 5328064 5588479 5024135 3910794 1988174 
4065991 4160962 5583262 4631781 5605536 4904511 5976458 6025422 3599331 2908495 
3627255 5014358 5657088 5389002 5403465 5538461 4662247 4835684 4057866 2456514 
3668014 5204747 5364741 5813914 5590372 6121478 4988746 5966600 4465967 3287579 
4095750 4726654 5615319 6283571 5392278 5216348 4543921 5132738 3972326 2789981 
3383872 4969906 6503799 6139271 6044416 5382734 6028727 4861610 5208691 3567109 
3812652 5105085 5798172 6237910 5778216 5661505 4979297 5710238 3304608 3459384 
2430368 4959641 5222612 6299870 6622920 5526812 6241194 5490908 4857054 2716560 
3209785 3854256 4787645 4857058 5451037 5805574 6531408 6220740 4326901 3498339 
2626696 4227853 4656407 5393910 5508244 5852831 5771865 6299884 3966214 3733546 
2215503 3996596 4050825 4255230 5771931 5402546 7066566 5988559 4756782 3162014 
2816307 3203833 4149878 4897037 4833781 5269005 5888443 6099062 4487923 2939396 
2349266 3372193 4393478 4924304 5827368 6209464 5786084 7089862 4613200 3591796 
2948524 4128853 4785816 5730596 5874986 5835742 5524539 6009120 4530131 3088906 
3379114 3987354 4906143 5973883 6031922 6463101 6503743 6101754 5365132 2500327 
3155335 5178135 5511880 6508546 6079409 6278883 4880879 6047409 4499724 3320681 
3802525 4616703 5477510 6054393 5890745 6181405 5852892 5687331 5246995 2916251 
3410669 5253068 4982550 6248352 5854038 6397681 6043842 5389907 4271495 3427649 
3985485 4968770 6203854 4971860 6111331 5993527 6418734 5742183 4411572 3423258 
2988909 4225631 4940084 5884683 5744643 5672332 6402285 6285076 4103421 2818027 
3082977 4565163 5406834 5567296 5629613 6344980 5317075 6197881 4394673 2867695 
2707982 3407546 4778463 4905677 6325353 6153558 6066164 6174854 4594350 3243455 
2428570 3284371 4127460 4827339 5196855 6138824 6839178 5487292 4536763 2784591 
2865759 3947541 3873729 4693086 4763333 5455068 6254183 6383541 4751254 3265685 
2842228 3948448 4818816 4415766 5424507 5617692 5514057 6517461 5257116 2812451 
3871998 4763992 4676885 4869104 5486238 5983592 6001073 6599760 5359652 3387298 
3238136 5018929 4953159 4947555 5751695 6266700 5879691 6407634 4615771 3285882 
3305024 4627330 4689460 4568982 4721242 5728184 5470733 5749344 4668411 3125098 
3086707 4405387 4316345 5309440 5111229 5089225 5211560 4967294 4187021 2389441 
2292270 3460028 5241914 3177543 4613481 4187938 4005001 5442406 3424578 3560356 
2438248 4563877 4928492 5293470 3894005 5545888 4215953 4048114 3819173 2311860 
2521724 4021961 4982395 4371797 3867782 3761669 4008589 4230471 3252445 3119803 
4372285 3333844 5735118 4993302 4593245 4829250 4765398 4605407 2885181 2364954 
3124276 4409281 4680517 4708760 3534432 4200863 4882673 4037131 4547673 2953860 
4076669 4972873 5599539 4244708 4159956 4788945 4700205 5169255 3201126 3187886 
3606850 3889904 4405156 3635637 4160235 4748445 5211241 4969477 4517056 3149755 
3172565 3646138 4846115 4546550 4235015 4416808 6511433 4384438 4588981 3263700 
2936512 4007016 5250175 4372501 4802076 6319313 5499294 6183003 4048290 3483844 
2545465 4011872 4752188 4303397 4856891 5165296 6251582 5105728 4803612 3032649 
3477018 4081234 5134717 5003966 4835251 5507598 6231499 5985934 4619595 3546284 
3436845 4330214 5474160 5661163 4503766 5570040 5011306 5768152 5053094 3011534 
4220047 5002379 6212438 6206465 4605779 4498011 6166281 5867130 5138415 3692865 
3534191 5389810 5795499 6173533 6106844 5848347 5500729 6320905 4985093 3929948 
3036043 5501686 5429107 5220399 4968039 5074035 5249715 5589715 5123229 3922327 
2804228 4511988 5764750 5584226 5663416 5955779 5848000 6118700 4315417 3611632 
2660899 4365256 5224985 5542106 5030368 5572533 5660513 5802463 4581269 3745778 
3348350 4308127 4818005 4437506 4973428 5232278 5714676 5459425 3847599 3709360 
3059381 3987627 5383496 5137274 5376705 5980437 5175226 5004513 4305206 2574478 
3141683 4565984 4119489 4390290 4473606 4211066 5032380 6024422 3762590 3087998 
2527580 3548274 5583643 4444053 4501189 5225841 4555174 5224946 3790020 2851519 
3584663 4274805 4915563 4761354 4023437 4351050 5301852 4884969 4443990 3083076 
3403013 4488346 4895317 4705519 4292157 4320480 3523270 4572307 3449276 2478044 
4645105 4266503 5623410 4354032 4565569 5243917 4750598 5239705 4194782 2557501 
2957869 4577597 4927700 4343325 4705453 4484311 4239017 4267105 3405719 2761227 
3248378 4015214 4533280 4866091 4769906 5033039 5615330 5264165 4013644 2633611 
2784463 3986071 4291218 3863227 3782623 4316990 4945116 4087293 3353417 2051283 
3412186 2769009 4223085 4207984 4597326 5042165 5943252 5716547 4087327 3344412 
2898847 4438940 4406825 3465825 5080197 4105776 4469355 5362667 3522974 2215793 
3164134 3818675 4532326 4690106 4111487 5645207 5464939 5089365 4164618 2858443 
3603379 4541930 5885127 6097698 4666608 5287963 4633840 3936583 3415966 1973837 
4157648 4362964 5914288 5158463 5341489 5437008 4889190 4713483 3722036 2495156 
3604073 4256565 4906970 5455824 5249194 5284367 4838024 3664283 2984537 2035637 
3325895 5222472 6282279 4947938 5077825 4800058 4104185 4077336 2477971 2125148 
2574952 4231817 4361605 4862187 4534948 5450654 5534365 4137604 3691339 2515672 
3065671 4422745 5050430 4902834 5212015 4410677 4514064 4435998 3463569 2150192 
2173476 3940946 3703086 4322657 4230625 4723247 5019366 5176348 2957694 2793941 
3181882 4926689 4243184 5287667 5349184 4008334 5055742 4399478 3731076 2019703 
2781401 4417714 4282051 4292120 5508586 4879476 4295085 4330238 3393948 1789163 
2991529 4686372 4232834 5650878 4783110 4514480 4170845 4841443 2666846 2176075 
2550453 4843589 5395322 4747458 6266834 5409983 4048265 4894863 2879575 1363402 
3245968 3851217 4877834 5012219 5473079 5725488 4814089 4918279 3853529 2325532 
3293708 4375282 4666108 6318438 5685695 5821650 4765031 5072360 3666451 2622639 
3506830 4227248 5498934 4099578 5234159 6395270 4865507 5211639 4232768 2123521 
3287501 4036541 4863913 5361069 5582420 5696976 5875060 6038695 3614609 3512274 
2540247 4224644 4825108 4355307 4836789 5213513 5287750 5355641 3812842 2608892 
3117634 3981675 5156254 4442082 4851362 4672831 5225068 5548571 4471764 2748124 
3531593 4748172 5441189 4447035 5251305 4831538 4038834 5375501 3306530 3084908 
2704436 5190836 4918372 4733350 5652638 5113969 5455688 5227395 4521547 3412088 
3652681 5324248 5385834 4664076 4905677 4502673 5508371 4328139 4327166 3075182 
3827532 4396327 5971957 4861590 5875911 6018638 5609303 6746531 4405710 3166107 
3901823 5014722 6218253 5456503 4774129 5311735 5700558 5245221 4842460 2887616 
3576740 4620883 5805357 5797089 5247760 6184634 6265410 5426822 4898786 3432667 
3128874 5213778 4817890 6266804 5096020 6230487 5168988 4890848 4611439 2602020 
3882519 5004368 5029622 6745392 5582123 5746645 6584604 5428486 4071942 2876915 
3473494 5123122 5373933 5828836 6843921 5076808 5794655 6115838 3245322 3304749 
3599378 4464251 5183474 5537980 5961326 6309917 5815407 6010082 4380474 2940847 
3135773 5242985 4944292 5467281 6609766 6286565 5816108 6754638 4447077 3635655 
3370474 4239503 5613001 5295457 6470421 6396116 6306295 7111107 4935075 3408792 
3792903 4337563 4986601 6669315 5312734 6053853 6283097 6418352 5277820 3644499 
3164334 4719923 5999969 4847810 7009128 6477270 6034116 6853769 5514035 3241654 
3044051 4546570 5540027 5156139 5312011 5432670 6036296 5890200 4978769 3618840 
2982727 4872275 4757092 5078758 5518973 5061137 5502301 5466750 3936673 3012608 
2949290 3701509 4719554 4304980 5040940 5053385 4530516 5634718 4337985 2778294 
3423316 4444475 5043508 4884055 5560332 5594288 5188935 5590177 3918640 3302625 
2741796 4146003 5229401 4139776 5958231 4664023 5467868 6136770 4082316 3101356 
3333969 5683868 4868850 6064373 5530747 5664362 5748961 5894387 4591443 2944966 
3629337 5065722 6030467 5771595 5440454 5449179 4658983 6091094 4936058 3285051 
3055211 4614868 5578500 6074598 6403469 5159264 5980579 5883375 4354417 3233613 
3396449 5166111 5719022 5342920 5251902 5459613 4943134 5926288 4236165 3668877 
3176491 4628360 4821235 5777670 5926672 5318324 5822755 5567104 4743311 2752156 
3204770 4844253 4995859 4688756 5346157 5064115 5470388 5330865 4333028 3578582 
2625019 4565555 5146760 5286693 5479407 6787006 5715709 5873314 4216701 3609206 
2357109 4306756 5614357 5511244 6349888 5368385 6887328 5346602 4165870 3034529 
3054147 4961515 5906407 6094010 6917073 6113625 6169156 6219153 3999926 2790912 
3221968 4991544 4925602 6476103 6091175 6194925 5966995 6033330 4095143 3401237 
4005100 4598943 5524065 6324358 6121236 6905929 6023172 5635414 4980533 2726628 
3093772 5310865 5508295 5347038 6545913 5233282 5791430 6273501 4744406 3244444 
3065926 5381537 5143759 6524650 6046134 5379022 6262157 5650652 3678513 3537615 
3441899 4501874 5344259 6403295 6311045 5890523 5911077 5314245 4626199 2702940 
3270012 4983316 6058136 5231505 6661041 6081298 4881972 6178946 3790820 2931740 
2806626 5259888 6303823 5850100 5957753 6657536 5427423 4697840 3851094 2983974 
3407566 5486031 6623126 6498613 5896811 5978008 5499807 5344176 3926215 2772224 
3662011 4933978 5655165 6370572 4738291 5259105 5931052 4414723 3632188 2862799 
3329555 4231066 5990924 5952738 5578106 4654918 5608292 4681913 3572510 3548072 
3708128 4099172 4557421 5910469 4674267 4473177 4917971 5266789 3549645 2229058 
3023303 4539203 4214511 5214443 5455981 4866569 6460269 5631749 3681455 3436000 
3604692 4517390 4469972 4009016 4936562 5028949 4793171 5551731 4085976 2355556 
3448011 4795022 4328554 4512488 4105171 5075059 5649561 5727511 5193766 2640719 
2700082 3911653 4630633 4229843 4750349 4847441 4918140 5812134 4474100 3112613 
3022384 3994611 4156946 3520534 3837181 4736196 4798022 5343223 4164275 3562601 
2243124 3110515 3936674 3145586 5014493 4792485 5305833 5199041 4169242 3202823 
2270048 3679594 3873878 3288690 3760057 5088967 4184854 5452453 4593150 2803020 
2357801 3498848 4789402 5074137 4058027 5836559 4949342 5739439 3395241 3673041 
3334350 3377810 4372020 3610558 3800676 3342759 4958264 4042238 3696222 2846378 
2777549 4645651 5332422 4604201 4477288 3959099 4367536 3915652 3846566 2546969 
2830289 3521684 4830005 4144869 3404012 4604966 3747297 4475845 3061331 3251767 
1818879 3194324 4589111 5175445 4480166 4034721 4655610 4764392 3268391 2957237 
2460350 3328352 4865728 4054339 4239294 5089678 4952388 4204046 3712832 2356273 
2774913 2957661 5299364 5598873 4526073 5387439 4824360 4964573 3689342 2731584 
3231734 4778191 5628391 6566392 5188488 5568433 6028916 5043687 4098089 2711122 
3495495 4570165 6297480 6273258 6187758 5103654 5717515 4879723 3607573 3360085 
4666641 5916720 6267046 7391517 5556804 5691453 4903304 5075153 4334772 2561090 
3715272 5854400 6502771 7345430 5813161 5393503 5940069 5203930 4346122 3927413 
4740780 6360952 5857685 6486524 6343077 5149829 6015068 6711277 4981231 4028354 
3519996 5651942 5378011 5765445 6171575 5362002 6349938 6618074 5282784 4151946 
4554343 5429186 5664897 5763650 5008566 5719830 5571197 6232447 4909676 4052483 
2915312 5449268 5360479 5258014 6159212 6248855 5576317 6875746 5234481 3569190 
3304577 4082278 5210881 4666558 4969186 6676388 5126507 5990692 4891346 3639013 
3182815 4460310 4988957 5485070 5741430 5882836 5315506 5288500 5163481 3100330 
2772329 4397000 6057936 5194627 6056383 5269331 5695527 5627343 3962290 3122309 
3919535 5123829 6046046 6256979 5002912 6452386 5159367 5527637 3943356 3332259 
2991292 3983140 5233842 4518120 6073836 5123483 5470539 5608343 4669093 3389496 
3542591 4610783 5958588 5071898 4933305 4559607 5021841 5557143 4599281 3442099 
2097236 4421239 4525915 5275746 3918098 5969542 5618485 5178415 4692806 3729220 
3780489 4044695 4754491 4741060 4086239 4217549 5181225 5077566 4229378 3188978 
2915514 2788726 4992315 4417497 4131103 5285422 6138650 4349875 4479878 2926827 
2926878 4695772 4733389 4669951 4090165 4477443 5157665 5643203 3699488 3366117 
2944231 3657571 4942952 5065288 5585196 5052132 5580358 4981682 3608130 2360272 
3165903 3441573 4581177 4032115 4856342 4539242 4736924 5622148 3956511 2871339 
2411791 3329134 4586760 5176378 5275471 5503545 5528261 5642691 3805659 2772065 
3014050 4168357 4612615 4518652 5120744 4979663 5019138 5006107 4179303 2633774 
3030162 3527535 4677402 5234245 5449053 5594909 6066978 5006468 3349887 2552488 
3223319 4389234 4477690 5177122 5003812 4258748 5254743 4093076 2752991 1818543 
2911983 5043105 5575437 5695597 5780170 6007056 5475389 4751338 3333361 1918639 
3514689 5343555 4721124 5965881 5417785 4622488 4605815 3927118 2145682 1449801 
3442937 4783357 5808877 5700398 6225794 6084576 5492961 3939815 2651260 1922686 
2892856 4200063 4909438 4904700 4476456 5534786 4655161 3444783 2765508 1897195 
2346665 4641739 4740752 4422389 5474630 5190325 5345335 4815294 3353020 2083851 
2776676 3383417 3514489 4770141 3138473 4284000 4679420 4345173 2544465 3105366 
2760503 2916265 4651007 4859568 4275445 4381111 4961370 4076875 4014801 2547034 
2220321 3323769 3568296 3399535 4535206 3336595 4346906 4346035 3349487 2501593 
3007787 4139466 3846515 5495368 4991943 4912533 4279812 4943181 2978136 2483847 
2974863 4167534 4498574 4941690 4957304 4418748 5318336 4927491 3127460 2291476 
3111721 4316010 5531475 4824486 5322612 5499545 5466290 5352857 4151337 2966193 
2926025 4738893 4809562 5131101 5143852 4193111 5254358 4770040 4528666 3271964 
3499237 4689065 5397515 4796302 5180542 4055908 5199836 6093994 3933841 4020628 
4024718 3880177 4949976 5542012 4724829 4617815 4907583 5323962 4439662 3269917 
2829095 4886489 4575836 4076524 5074833 4822899 5385932 5943736 4550482 3733591 
2737101 4532575 4629915 4129074 4366698 5197709 4298286 6332790 4157419 2687937 
3691255 4927603 4157296 5158670 5186036 4829329 7078177 5674954 4845896 3062273 
3692166 4349378 5440580 4349916 5720239 5583385 5159894 6611079 4003218 2910177 
3389439 4477508 5270665 5034720 4909763 5954280 5439279 6577381 5065809 2802388 
3388637 5453670 5545745 5305342 5443967 4430950 5650704 5107887 3968484 3452384 
3323865 3970057 5795852 5020675 5231248 6069301 4411804 4735182 4158135 2418789 
3158220 4801788 4865355 6151606 5249257 5203202 4668945 4852905 3030764 2787395 
2987139 4617023 5020077 5427707 5811966 4219735 5179390 4530371 3554589 1913985 
3658054 3912556 5522385 5315831 5366036 5761232 4504399 4524509 3868183 2422755 
3389289 5027456 5264331 5893060 5905597 5930279 5627993 5439176 2967873 3096826 
3701243 4631409 4891860 5307895 5451403 4726256 4679925 5690090 4028050 2083449 
3980442 5919863 5390526 6479840 6061830 5215239 4787855 5842330 4260112 2719653 
3428603 5547510 5666313 5096521 5710818 4468438 3955439 5319657 4068609 3073661 
4127996 5919332 6667138 4700064 5899220 5484768 4367658 5033977 4485529 3062573 
3631729 5052934 5916189 5069107 4792888 4091071 3679999 4397796 3604222 2478578 
3480331 5376829 6551549 4774955 5093255 4843202 4582961 4793501 4045480 2530862 
3387386 3800168 4993375 5619298 4030283 4577745 4217833 4712478 3316406 3334928 
3217096 5075341 5402780 5685286 5039738 4506849 4573422 4771804 3728928 2436151 
3825662 4123808 5080318 5368644 5017367 4586572 4424829 4360199 3378983 2488545 
3876017 4794920 5224411 6178001 5534342 5470653 4458530 5074196 3025865 2608254 
2886436 4599848 5704158 5782048 6296004 6239488 5582827 5638006 3835937 3060026 
2783452 3773410 6105455 6002819 6074360 6190772 6492756 5018969 4407875 3114669 
3396351 4551612 6213238 6230797 5644408 6360524 5638184 6224242 4238879 3344821 
3369966 3516045 5672541 5239226 6155515 5973761 5917083 5682599 4717822 3216523 
3602223 4705329 5252455 5327455 6115732 5208089 5778744 5848914 4534809 3336625 
2928770 4540241 4002480 4672105 5149955 5894636 5614013 5605253 4483641 3109124 
2924852 4877215 5581470 5083442 5411427 5735847 5574408 4456888 4601737 2943342 
3347946 4407023 6148115 4751971 5032683 5278637 6020221 4902889 4634418 3554723 
2646562 4556914 5117004 6171045 5030820 5779015 5864394 4491001 4044662 3371720 
3253986 5194829 5619904 5501716 4361214 5325497 5146551 4561229 4347021 2983664 
3452312 5177718 5930727 6218044 6133011 5613063 6585158 5341958 4067013 3442494 
2976659 4711453 5572812 4271751 5013322 5738004 5040392 5204779 4260795 2789357 
3548890 4832371 4833505 5199810 4877296 5768169 6305904 5444668 4638946 2793342 
3849591 4597102 5693048 4924604 5303699 5567666 4355338 5673357 3307286 2900867 
3795600 5753625 6890879 6451036 6019184 6591911 6042884 5872925 4870250 2388903 
3674503 5032244 6737596 6440408 6063157 5711119 5539615 4043977 3508252 2961825 
3405694 5464214 6088695 7149606 6183913 6623657 5363525 5168063 3720973 2832330 
3760729 5271374 7001789 6906977 6359348 5293143 5160380 4843036 3532873 2170516 
3144642 5463327 5784790 6172437 5997539 6046228 5388662 5848330 3241427 3027606 
3904133 4612842 6351863 5744299 5406385 4164178 4766009 4349079 3692574 2195786 
3793540 4407380 4907839 6382408 5548355 5565037 4800593 5066467 3898637 2403561 
3681655 4935347 5472868 5722359 6244064 5965339 4998321 4952897 3231786 2950154 
3617151 4391449 4614227 5299288 6193643 5415238 6683337 5670574 3722746 2297034 
2802925 4081439 5728699 5055460 5881005 5899399 5253979 6173208 3446973 2297955 
3413801 4298921 5051873 5435860 5522633 6169778 5858612 6541800 3803254 2836226 
3292105 4129105 4814259 5028130 5582995 5143457 5052474 5046667 4924956 2080732 
3443030 3676193 4691434 5416252 4356441 5238843 4452292 5392683 3711045 3029365 
3254821 5101359 4536551 5134637 4408509 3720816 4514634 3958505 3866917 2785716 
2855344 3911307 5258325 4601625 4771695 3823857 3796120 3866514 3732874 2577927 
4207788 4684803 5089725 5271810 4067897 3859449 3396052 4815970 3042547 2539447 
3808735 3341051 5249492 4488650 4298078 3837201 4523164 3965829 2952189 2693925 
3967817 3472589 4467851 5266295 3825771 4222667 3988702 5149039 3440771 2496601 
2921256 4107452 4220439 4629881 3983514 4408112 4451412 4499699 3734498 2385920 
2978396 3512828 4905440 4749672 4916574 3936465 4922194 6078055 3632912 3225544 
2882251 4579558 4332747 4816693 4631059 3998166 4154703 5140809 4144086 3243207 
3018886 3050034 4785206 4182009 4350860 4477877 4630512 4498119 4422971 3151334 
2689401 5108758 5100231 4543368 3726472 4482584 4049654 5648351 3987555 3692177 
2931294 4341097 4860754 4252723 4984053 3971506 5397942 5637820 3763724 3161370 
3627833 3962613 4407731 5442647 3926648 3732970 4397184 5361676 4554481 3341781 
2998554 4172568 4185955 5490000 4915659 4611882 4861269 5322469 3866183 2963324 
3957069 4909674 5213840 5593627 5909558 5198630 4413405 5609737 3959212 2648665 
3222220 5342248 3986271 6023512 5914795 4561376 5232487 4875230 3622940 2637209 
3978054 5418690 5369722 5212638 6129914 4456533 5383206 4559449 3184378 2660139 
3189908 4863093 5907862 5563213 5728056 6499207 3850654 5309361 3859608 1977413 
3728092 5157505 6474010 4985649 5700139 5286933 5164875 4952485 3361741 3124168 
3226881 3952833 5307349 5370120 4684544 4910131 4778678 4489894 3341702 2266601 
3613406 4962239 6131318 5538139 4198704 5464845 4313897 5415022 4431524 2663003 
2981227 4132358 4789785 5340104 5454620 4264066 4618894 4521653 3052794 2903787 
2793754 4744360 5195645 5116757 5252705 4536012 4554848 4203134 3741212 2336503 
2920310 4668188 5294330 6067447 5621078 5666009 4908803 4674614 3194424 2459331 
3464609 4037793 5315278 6129666 6064849 4917406 4294679 4862626 3021852 2505416 
3258548 4918956 5910165 5252712 6281385 6029723 6463869 5423027 3980810 2550737 
3767430 4463339 6017155 5395066 4861769 5452306 4923223 4815259 3681163 2850316 
4339380 5971939 5736999 5900274 5622000 6391902 5773826 6293893 5150226 3177797 
3365203 4190622 5402691 4557541 5346054 5727769 5828819 4906358 4147576 3386144 
3935200 5191791 5727858 6004867 5466437 6367303 6400750 5881648 4693204 3804859 
2563830 4668017 5599269 4828133 5425636 6202733 6581958 5615398 4882608 2585141 
4012600 4921419 5668034 5713613 5334455 5409575 5502355 6280166 4601292 3452938 
3541632 4795799 4766515 4962858 5020482 5453077 5891341 6290810 5047782 3542216 
4280194 5335807 5731459 4164847 5553469 4785435 5470034 4751455 5047574 2731986 
3601080 5943494 6086642 5079671 5255563 5727414 4429809 5656834 4120975 3508809 
3282306 4474597 6149752 5262023 5094033 5648536 5300965 4878629 4151060 2859677 
3333602 4609638 5326266 5431556 5590972 4854599 4385739 5492315 3615322 2646609 
3035891 4174561 5164161 5773145 5657415 6360874 5506670 5612317 3643311 2709232 
3701492 4878705 5331680 4961312 5036568 4734512 5351664 4996679 4088680 2945559 
2916925 5244908 4530602 4853253 5681454 4774487 6068137 6437592 4531601 3378915 
4639622 5574213 5670144 4560792 4437874 3278147 4376267 5222247 4335587 3367631 
3400699 5074300 5712094 5170526 4685083 4688485 4346638 5632817 4103930 3782067 
3915482 4853952 6566336 4307017 4330672 4557474 4579152 5045809 4612546 3356667 
4047977 4901503 4934861 5255842 4290071 4724906 4507144 4794105 4452538 2922380 
3310641 4234031 5004237 4479285 4050997 4657837 4392296 5400932 3432404 3528898 
4490697 4387831 3962496 3841948 3600457 3785935 4799062 5191709 4595711 2776369 
3107700 4029277 3614901 4013013 4575400 2965735 4572549 4139367 3652322 2653299 
3476335 4650456 4522888 3220429 3768420 4544311 4144641 6535266 4164801 3224029 
2908637 5560233 4815843 4849818 4976035 4588035 5219873 4258742 4273092 2800477 
4091966 4449972 4601571 3775988 5703175 4622888 5677749 6072679 4724345 3844203 
2997177 4775328 5827592 5733207 5353245 5964624 6190327 5108458 4574271 3062584 
3263275 4974714 5265022 4488058 4846521 5309657 6094408 6676943 4283771 3568718 
2993713 4505588 5151454 5299887 4959389 5567917 6144529 5256245 4049285 2764890 
4129917 4904447 5071926 4943529 4891018 5014472 5158673 4738495 3762691 2202393 
3452319 4670220 5217016 4876467 4914401 5009260 5069554 4073706 3224159 1761549 
3513031 5911320 6179847 5657451 5180508 5087855 4749478 3513458 3061451 2417274 
3159438 4958572 5172415 4658024 4894478 4712240 4155187 3510721 2181584 2006177 
4392314 4947833 7001971 6083850 5821909 5160393 5512378 4796830 3059549 2750477 
2726643 4934645 4866111 5147394 4744396 4659727 4673483 4812466 3286732 2628094 
3886162 5860612 5467496 5378391 5712826 5762756 4580303 5925315 4026924 3134545 
2807719 4254191 4572845 4997614 4426307 3853836 4430604 3973201 3808589 2980472 
2977272 4329887 5975653 4673668 5914862 4899381 5350133 5622358 4012121 2707552 
2286546 5101191 4754232 4518591 4138330 4018598 3247375 4488504 3044967 2505843 
2697500 4709862 4757607 5250360 5391271 5198308 4976492 4498677 3405771 2490139 
3771024 3737425 5488094 4357876 4187319 3739917 3317033 3943529 3174490 1974180 
3027794 4417168 4821233 5617066 5248632 5361152 5312488 4143542 3646862 2048259 
3196067 4634376 5019356 5114299 4937416 4043917 4525413 4990308 2793048 3264676 
2968612 3873928 4772151 5293588 5802080 5301496 5316425 4667580 3873654 2555502 
2200788 5129223 4938460 4527963 5674762 5304255 4689672 5274912 4176100 2790161 
2667065 4289930 6210352 5177141 6377516 6294468 5533701 5396120 3887032 3178291 
2247532 4380818 5399033 5840281 5461877 6333461 6216949 5343826 3689197 3101850 
2828999 4205247 5414770 5817915 5445358 5921307 5691721 4766112 3421919 2264069 
2966862 3979223 5204256 5202992 5403450 5696204 5227884 4741610 3839458 2441818 
3901691 4273211 4980447 4866965 4128941 4482844 4586982 4704055 3308984 2591899 
2796127 4414077 4933717 4196475 4269515 4702740 4612791 4675094 4055662 3449228 
2954608 5165708 4934488 4624056 4232118 3974343 4937779 3981029 4239906 3063354 
3363501 4390697 4852880 5425956 3908134 5185738 5795831 5655642 4638846 3789337 
3919049 4183037 6141189 5379436 5234817 4383719 5641943 5226308 3717180 3208059 
4405279 4422458 6085804 5935670 5277696 5924004 5946142 6174110 4459603 3481728 
4226633 6023994 5570045 5845754 5292156 5593886 5784528 4306784 4004584 2799334 
4594257 4504216 6167070 5114443 4995930 4760859 5503055 5483734 3400073 3239899 
4533897 5902613 5553143 6361308 5233086 4857999 5322965 5313021 3225403 2590228 
3651858 4579316 5572647 4547552 4638116 4357375 5937664 5248683 4377107 3056942 
4080042 5654978 6577242 5256175 5730445 5657127 4795979 6018073 4346698 2998927 
3682065 5634431 5894389 5357280 5438492 6189450 5551458 5979947 4804241 3200608 
4213932 5284266 7155062 6101674 6050322 6534552 5651089 6001728 4724509 2862123 
4470436 5606069 6532493 4844211 5665033 6132992 5757601 5706701 5536318 3221823 
3920814 5941019 6209853 5900596 5524179 5953841 5583662 6268516 4788656 4150304 
4255697 5046401 5827107 5047529 4323172 5547452 5871786 5989926 5575453 3538388 
3417155 4827105 5851982 4655091 5063052 5230638 5469865 6423713 4827380 3765438 
3860565 5025231 4817149 4402751 3689214 4414430 4941383 6258034 4948561 3924485 
3172131 4236294 4639186 4737705 4689901 4556952 5935786 4850205 4654194 3814806 
3859616 4146544 4509052 3974073 4178542 4128907 5279003 6565002 4655990 3854164 
3562357 3711587 3949830 4419400 4329815 3731167 5258089 6020419 3807004 3630376 
3723227 4450095 4291173 3846314 4479935 3608476 5537171 6763061 4419592 4091328 
3177612 3536672 4412320 4540236 4304896 5159577 5912305 6212144 5375803 3525392 
2560196 3747200 4116299 4576405 4738173 5155261 6113273 7522843 5478568 4253347 
2243329 3705630 4234188 4252888 5216996 5377690 6113473 5501072 4860567 3343782 
2308596 2907192 3603225 3656245 4146186 5049830 5544701 5824543 4532700 3773255 
2614975 3635067 3944104 3917102 4974495 5199972 5705106 5900787 4748271 2987860 
2408242 3699104 4369226 2801244 3678964 3308270 5117474 4727686 3849542 4010253 
3791886 4480697 4011220 4582227 3359431 4893598 4966336 6052026 4868026 2922130 
3913357 3997169 4318063 3534921 2691446 3637621 4286750 5275721 4820309 3969763 
3389558 4800308 5136530 4685644 3596566 4253489 5800208 5877984 4878607 4364970 
3803310 4271370 4050955 4496686 2878653 3115659 4900272 4661980 4699872 3481413 
3467125 3641012 4175390 4338295 3905404 4072566 4868204 5912419 4567467 4510460 
3670135 3785529 4561560 4822429 3961888 3299962 5543344 5007286 4302723 3865322 
3312818 3678917 3571787 3960451 3935305 4156786 4198468 6286686 4353879 3571343 
3150365 4270164 4812627 4285498 4856066 4542907 5257046 5445550 4595829 2826181 
2591368 4321019 4772895 4693771 4412159 4277154 4983398 5439327 4613498 3455409 
3089775 3965006 5442171 6007210 5233041 6118381 4943623 5909573 4599191 2594569 
3277979 4504727 5568768 4936155 6290612 5084193 5062138 4923837 4507650 2913228 
3319503 4699741 5828915 5719473 6062865 6137194 4833150 5149879 3732102 2793002 
3473311 5965653 5497142 5801343 5370045 6328923 5395610 5273571 3333809 2684593 
4020187 5102313 6064436 4966623 5026881 5855192 5097209 4952031 4054713 2618006 
4307431 4812558 6252405 4617673 5812886 5424916 5041466 5101767 4372464 2276116 
4036537 4603345 6074175 5478190 4764587 6033812 5407855 5452382 4550527 3565899 
3853490 4699250 4959056 5160059 4800667 5678244 6326814 5086765 5067269 2671097 
4087187 3785097 5778996 5379356 4886312 5392942 6343244 5512321 4159496 3227143 
2973537 4914111 4594393 5103751 4187015 5836346 5665766 5752257 3650763 2741472 
3713438 3715911 6445660 4838799 5174652 4599870 5812885 4702506 3846758 3088361 
3055097 4893164 5315039 5745542 5469939 4857457 5398151 4978114 3194724 2869606 
2991984 4289882 5592440 5803759 4189776 5130911 5048390 4610043 3835786 3099679 
3666347 4595736 6005119 5402579 5990618 5644836 5241583 5590328 3911628 3009103 
3349664 5155157 5679623 5445721 5440944 5229290 5349979 4696660 4084965 3154408 
3355781 4794141 5762937 5706888 5692085 6147055 6684170 5122981 4668163 2828245 
3251477 4799993 4989935 4406449 4046269 5246654 5149315 4939281 4332420 3089796 
3793456 5510260 4756166 5199051 4906239 5484654 5206786 5302206 3760882 2737686 
3895775 4364837 4642706 4899040 4437662 4277985 5903972 4347997 3886598 2947793 
3876301 5444508 5365103 4338951 4441251 5119292 4988293 5773952 3841401 3188982 
3338387 5186121 4513746 5469028 5809243 4653752 6613448 6385842 4463321 3216477 
3776723 4950830 6609455 4629286 4573444 5452767 4951094 6494632 4886353 3728220 
3647672 5264888 5386057 5672956 5866501 6035641 5520452 7298127 5545583 3413179 
3250049 4737354 4851978 4336540 5067159 5046903 4609823 6376077 5458797 3639889 
3867482 4342413 5302391 5874582 4705750 6514991 5839692 5595128 5272753 3232310 
2422102 3793264 3886330 4395012 4845949 5171431 5126706 6288719 4777932 2934417 
3064987 3462714 3987213 4538503 5573927 5382292 4687209 6138410 4693947 2823331 
2028958 3506992 3510399 4092659 5736094 5632731 5297219 5349257 4592424 3069980 
2219295 4357732 3718293 4269601 5118038 5650494 4989406 5302653 4660440 2561768 
3178630 3532553 5214813 4783510 5821010 6104764 5448090 5492375 3686393 2433436 
3257080 4286197 4889055 4276024 5360567 5198433 5176999 4676494 3547463 2390514 
3352334 5049580 4747422 5899505 5007630 5999724 5786880 5102412 3107067 1986635 
4569933 5726896 4878231 4948565 4706935 4279604 4495939 4450726 2677879 1632290 
3829461 4640708 5594415 5613038 4884834 4736156 5249133 4286734 3452791 2644003 
3303740 5562007 5055565 5275096 4996107 3364196 3716861 4504424 2738225 2190564 
3373747 4806892 5725085 5199254 4789643 5280957 4581785 3932518 3862558 2221642 
4276620 5250554 5376601 5760754 5681951 4438122 4388074 4704859 2691606 2902655 
3613182 4232477 5610662 5443853 4803143 5812014 5566762 4344532 3717640 2367895 
3716360 5724414 5439445 6133717 4917140 5839170 5353874 4528158 3592885 2310347 
3250838 4110557 5334059 4886177 4866736 5057180 5473801 4682540 3199687 2448148 
3421267 3725139 5190844 4961684 5161672 5336621 5372909 4779812 3139391 2678542 
2757627 3512480 4293910 4224493 3631570 4987052 4926182 4491294 3564363 2482188 
2807240 3539847 5032181 3994782 4890051 5013688 4597583 4840104 3472971 2206819 
2988667 3827746 4677965 3865516 2788170 4374134 4429381 5066909 3927576 3301266 
3066256 3848090 4800296 5744995 4551294 4531165 5087274 4652331 4867324 3115441 
3099157 4372228 5151537 3846542 3312797 4348355 4501898 5078416 4991776 3135610 
3689948 4574434 5591121 5435902 5283211 5454241 5518313 5486779 4013148 3274805 
3520484 5417026 5496485 4167119 4803035 4777454 4971273 5263993 4735499 3277427 
3352805 5178938 6508883 6141576 6259792 7071615 6426238 5706660 3628003 2757215 
3593920 5095992 5575828 5107048 5124991 5302045 5403538 5775257 3723621 2299476 
4180302 5308956 5654578 6568811 6448593 6467691 6240270 5238489 4039830 2269598 
3890517 5245026 5174070 4857155 5939359 5005570 4634563 5090259 3170782 2577048 
4082904 5977423 5796921 5961346 6100439 5727491 4856932 4826942 3858049 1320772 
2642909 5031909 4501250 4894693 5687307 4600794 4302670 3930664 2921608 1825709 
4281588 4535913 6077950 5638573 6050732 6324212 4580465 6143439 2874390 2465446 
2361153 4795281 3685200 4831671 6281078 5434287 5619130 5433201 3991221 2169879 
3529793 4492521 5732970 5254837 5830390 6614957 5061019 4922891 4843855 2821736 
2145839 3747342 4381814 4278926 4885575 5682180 4892269 6947163 4128218 3264156 
2175849 3867186 5985426 5293411 5100336 5743483 5330478 4483827 4692321 2795033 
3243070 3336967 4594007 5268457 4188316 5074553 6524679 4733131 4344883 3658796 
2595929 2996976 5429636 4267084 5359930 6353419 5285514 5615075 4036457 2639342 
3254360 4084989 4508248 5889393 5402031 5894082 6703070 5447410 4735658 3431115 
2754129 3827724 4712115 5339664 5786088 6186910 6472426 6859478 3955761 3903531 
2817412 3439119 5231644 6154737 6171803 6309009 6785114 5785454 5094064 3281661 
1756059 4181415 4682522 5542164 5844754 5241486 6408327 6181650 5270778 3666449 
2630449 4050705 4933559 5806000 6303925 5732503 5928207 6576641 3728316 3173204 
3146317 4339064 4820401 5649574 5973488 5183233 5759223 5096151 3632095 2529953 
3281635 4274499 4721394 5024218 5353859 5514002 5383781 5610201 3961571 2204555 
4433813 5561549 5508782 5342733 5410607 5736605 4977281 4310383 3673398 2014437 
3794483 4804401 5976703 4766897 5573014 5605990 4652368 5461668 4033535 2463706 
4518688 5342463 6144822 6248426 4952374 5919301 5561220 5063928 3840677 2227817 
2949986 5078103 5518147 5318581 5259990 5343739 5570081 5461361 4486485 3327045 
4351288 5008240 6157786 6154948 4991248 6474495 5643628 5202908 3978774 2975674 
3282883 4404249 5117889 5720936 5001717 5595642 6362418 5677098 4125534 3663875 
4562164 4533199 5763180 4620573 4987290 4809661 5738096 5238309 4573751 3627669 
3719745 4380720 4604134 5359546 3613986 4158833 4007393 5206086 3870380 3495655 
3629804 4609584 5003435 5641292 4745048 3448166 4790397 5582134 3992052 3130429 
4119096 4445948 5272287 4711930 4753859 4366695 3795932 4634151 3855858 3056225 
3521129 5138571 5312535 4681571 5066926 4964877 4506296 4681167 4644092 2502146 
3996783 5033616 6231666 4757879 5039316 4645606 4123411 5196676 3210499 2822225 
3424775 5240938 5189412 6114954 4983056 5152649 5136614 5068611 4314702 2778845 
3270841 4462152 6098074 5356682 6471744 5326920 5803654 5186279 4215433 2945806 
3322124 5352302 5779128 6252955 5782618 6008820 3664816 5600271 3720062 3005413 
3167958 5091082 6669537 5456426 7671505 6165810 6714555 5469141 5164322 3237327 
3056245 4629624 6946143 6706860 6138644 7225180 5895789 6262700 4425838 3469564 
2904567 4431179 6058487 6978168 5799895 7099559 7384801 6071163 4735406 3449624 
3554341 4256319 6539014 6199205 6931489 7016756 7188916 7137499 5034397 3346998 
3474558 4114666 4739364 6589891 5531544 5954394 6461103 5919961 4913517 3053749 
3705786 4785310 5884151 6373604 6504295 7154647 7432602 7122174 4733221 4224292 
4098383 5235823 4665201 5783141 5570526 5594289 6297400 5445804 4776520 2864106 
3701747 5491197 5334624 6196760 6990117 6110355 7294212 7253491 5188378 4176410 
4070799 5000073 6257961 5651369 5079396 5082947 5835184 5831253 4100345 3809861 
2488484 4954374 5309430 5137356 6135009 5821769 6143390 6411650 4994866 3829950 
3836365 5391588 5175029 5094230 5234511 5103523 5153809 5644727 4445032 2951183 
3862414 4390642 4849294 5095393 3819600 5244041 4833215 6013976 4273918 4222869 
4234336 4912822 6600978 5075992 4222616 4893989 5493103 4279646 5303838 3093302 
2873987 5510251 5224578 4612253 5148004 3766822 4454756 4893201 3613430 3497197 
3406365 4535729 5515718 5942870 4069213 6096267 5237419 4914794 3549712 3487475 
3844194 4799261 5455559 4862029 5477650 4780887 5145463 4753091 4013691 2058936 
3654791 4769882 5621468 5397861 5703339 5860169 5203491 4692942 3680217 2741734 
3923818 4141799 4550519 5874785 4825895 5010999 5357527 4731401 3759312 2472155 
2592712 4991737 4703724 5437478 5019156 5410434 5074908 4440266 3737131 2487125 
3422444 4109792 5375019 5018973 5500743 3997108 4924619 4471936 3502311 2905985 
2731432 4825175 4470196 5952645 4848332 4227346 4390901 4489036 3376223 2484078 
3014233 4484444 4997078 5040213 5120673 4718226 4553552 5571817 4029462 2792532 
3205670 3918933 5031656 5545517 4998606 5239058 5289905 4738587 3803892 2713224 
3314460 5411281 5016800 5420397 5712907 5720841 5380823 5990414 3652470 2474181 
3368003 3822038 5982812 4848620 5138430 5723624 5880639 5177747 3872232 2921492 
3665482 4658239 5494975 6599177 5329532 5172855 5836780 5457538 4324046 3549513 
3434152 3972938 5278730 5983973 5391555 5710037 5018484 5080897 4106285 3329454 
4252134 4922963 5850455 5727921 5149741 4982714 4726713 5630693 3927055 3398883 
3652707 4436963 5567249 5023306 5464630 5009801 5474913 5418096 4692302 2909933 
3355816 5798621 5097191 5530537 5183848 5685337 5507196 5702673 4499668 3273502 
3266825 4534472 5038727 4746459 5991329 5429316 5665763 6521142 4798541 2954842 
3024021 5124689 5381123 5810032 6516618 6969487 6341087 5819304 4468937 3363628 
2344075 4324277 4694236 4271130 5166848 4835992 5918553 6031896 4408046 3872749 
3260248 3860352 5412254 5510076 5365917 6712435 6740369 5566651 4789698 3188869 
3056673 4248565 5128093 5387260 5152695 4420021 5574493 6249124 4270388 4185704 
3510382 4016576 4984721 4720948 5105033 4634449 5579969 6265379 4299684 3296783 
2912013 4400201 4947055 5077092 4706683 4109667 5015050 5723584 3895181 3135048 
3321139 4509120 5524491 5110518 5092744 4918488 4840298 6736034 4623250 3101921 
3190267 4309396 4713538 5223920 6041873 4614545 5367591 6426446 4609555 3447464 
2769006 4464926 4570055 5584182 5510627 5070263 5324894 6100366 4808087 3388542 
2585228 4610051 4833694 4201027 6094302 5447749 5014720 6380502 5038857 2773645 
3350170 4771425 4842019 5214097 6653617 6579466 5409319 6106675 4693431 3224969 
2823508 5469065 4594021 4504859 5595041 5391572 5678959 5403507 4510813 3293161 
3775161 4340047 6064114 5633294 4849149 6466372 6191168 4996249 4498268 2843856 
3033970 5489663 4928966 5576935 5945754 5027007 5666631 6221753 3748973 3228215 
3881764 4168901 5491866 6001341 5280303 5077202 6132165 5488972 3963247 3497367 
3993656 3869951 5225448 6420576 5932794 6083870 6041518 6189063 4724795 3155658 
3017691 4336101 4698404 4879722 5948766 5117917 5549383 6491045 4327491 3510350 
3566789 4720948 4789129 5490282 6725893 5432707 6200372 6319220 4223755 3187738 
2668019 4255003 4021583 4877832 5477243 5599639 4242016 5430265 4432599 2237333 
3036044 4876223 4725715 5196449 6117893 4980476 5213297 5723054 3790916 2766850 
2852997 4107144 4976501 5209145 5983220 5306363 4843059 5027631 3833241 1644403 
2803829 4846913 4726890 5433512 5471376 5202168 4629440 4281276 3847262 2292911 
2619327 4222788 4876574 5227164 6374658 5374971 4630470 4888710 3584962 2195802 
3386222 4588504 5539094 5707611 5442253 5656944 4869874 4336918 3366850 2697241 
3302127 4351478 5046771 5374724 5675307 5170817 6355875 4780394 3068650 2607769 
4114511 5448266 5905311 4849936 4943793 4566408 3794543 5012513 2898193 2191026 
3439256 4908218 5966933 5247061 4447361 5181708 4260153 4362647 3274952 1872919 
4299202 5441061 5753077 5192321 5364362 3903171 3719590 4049341 3023229 1921491 
3670855 5150961 5984397 5118129 4860337 5134730 4087487 3456713 3057756 1617713 
3881820 4560251 6029769 5450132 4235968 4431856 3596075 4116144 2925767 1729429 
3347867 5673776 5088141 4978675 5410047 4366211 3467470 4040187 2965303 1766987 
3667718 4048566 5495909 4339337 4390210 4388344 4152448 4206115 3624389 2782313 
3722168 4107824 5103016 4294097 4225890 4139007 3414655 4882822 3044436 2513273 
3180123 3745003 5071765 4074249 4613559 4465284 4198660 5511727 4050432 2784277 
2230708 3478117 4051593 4428258 4010754 5118207 4221714 5142205 4284847 2690831 
2953139 3823097 4437457 4381682 5112403 6105042 5386049 6388702 5142362 3801447 
2204689 2683260 4389376 3858168 5652998 5799144 5742786 4981211 4859197 2488444 
2303834 4375498 4485959 5508942 5560157 6456786 7071152 6437625 5163025 3720194 
2160960 4110684 4898568 3958832 5234316 6733007 5774720 5756794 4408893 2503170 
2627111 3734379 5393857 4404753 5450592 5788907 5833567 5934182 4702440 3079171 
2505299 4194273 5479061 5144949 5706136 6240915 5885325 5203666 3866080 3059988 
2715540 4393013 4559530 5256807 5206956 6256587 5396878 4972608 4713392 3166473 
3370328 4457741 6440361 5499505 5849652 6460706 5407204 4560963 4043019 3303121 
3342888 5111722 5922089 4859864 5550113 6134656 6095194 5410216 3612806 3455092 
2891824 5698557 6405200 6477178 5569445 6803387 6050072 5121328 4742715 2521445 
3850601 4840432 6948894 5676522 5488411 6581429 6743417 5433538 4678348 3286059 
3287467 3971656 6295953 6907690 5783915 6369442 6256947 5002457 3862808 2687713 
2992685 4480720 5155207 5578025 6222291 6040319 6972031 5441407 4008031 2704211 
2778666 4182197 5252649 5971840 5547643 5690437 6651978 4713915 3279788 3051158 
3643396 4051619 4751558 5999379 5420136 6204843 6306827 5730491 3865618 2295177 
2964237 4076409 5700107 4909866 6403513 5213143 5030622 5394125 3208501 2528863 
3071835 4440711 5907502 5435273 5821237 6084648 5870549 5206007 3974393 2550643 
3043465 5127299 4278103 5050183 5154551 5816820 5198624 4456394 4031827 2297202 
3404316 4158973 5586000 5215412 5739936 6127871 5186855 6139112 4166867 2844847 
2735653 4254149 5886311 4789951 5686537 6406012 6191551 6116382 5038131 3206309 
2253088 5261946 4775286 4951854 5909570 6944297 5702737 5809802 5283892 3467262 
2511541 3795623 5504921 5303371 5840533 6830458 6863469 6747942 5609186 3699785 
3505356 4288892 5362856 5155045 4859453 6266062 6090404 5739831 4555990 3999852 
2641937 5115171 5803101 4754067 5449714 6800792 6137609 6389615 5383258 3248944 
3690179 5348612 6664177 5994257 5200748 5046748 5479043 6029199 3897783 3267040 
3442271 5656898 5826149 5425674 5594454 4837078 5883505 5646810 4722786 3988391 
3965978 5070840 7109552 6194209 6011661 6060392 5379241 4819231 4622361 3089320 
3715198 5292315 5404837 6059317 5579849 5210972 5432327 5927281 3722060 3877901 
3379266 4411493 5318979 5443598 5357517 4720434 5842158 5643605 4111330 3735176 
2921196 4418524 5044507 4590355 5135092 4767713 4869254 5302097 5066566 2925547 
2194442 3693430 4016896 4531989 4092810 4667600 4616077 5229039 3775641 3431348 
2602850 4020852 4694224 4225729 4107056 4839390 4629029 4860315 3376525 2487670 
2503034 3221932 3948421 4071198 3700064 4314472 4736868 3841466 4118352 2464713 
3303239 4471637 4381859 4696399 4453594 4462037 3689060 4329251 3445934 2387670 
2611846 4395861 5057725 4371984 3751194 4531304 3951938 4309729 3753263 2533928 
2832908 4830363 5123965 4384705 4386672 4912958 4307952 4472242 3573492 2342355 
2892170 4686891 4314828 4620590 4865317 5114406 5024618 5885476 4268141 3179995 
2658818 3762093 5110188 4484980 4290891 5592088 3945920 4856050 4446105 2489424 
3028282 3721816 5371119 4750404 5062582 5786571 5484861 5307071 4597859 3020401 
2217565 3871559 3940301 3637585 3965165 4432544 4176791 4697424 3708865 2904704 
2983155 4661940 4558305 4841339 5174500 4495015 4690386 5683935 4393623 2908764 
3569797 3513875 4439307 4465634 3834662 3371174 4488285 3889094 2859905 2770205 
2593801 3428621 4074600 4454706 4604987 4465510 4220900 5186105 3366582 3062329 
2199488 4236489 3270058 3588559 4964291 3797693 3164260 4480662 3758704 2117660 
2898768 4048680 3293572 4679403 4548658 4349256 5247410 5837472 4047390 3294655 
2393334 3397577 4738724 3771166 4520160 4956393 4428766 5490374 3890741 2905722 
2852433 4389290 4839135 3494215 5106038 4816743 4778343 5435162 5050605 2573120 
3230801 3954667 4169404 5159340 4066126 4548642 4659431 4715889 3491962 2851774 
3620943 3322448 5177721 5060197 4733136 5461984 4980276 6149818 4321518 3148108 
3235359 3617474 4626339 4495673 4530930 4090451 4421696 3855561 4176910 2587783 
3477116 5119720 4202047 6117452 4884565 4655421 6151203 5934821 3795683 3848803 
3589415 4250857 5920902 4579698 4525844 4080504 4352091 5549503 3852567 2983244 
3985598 5252413 5328666 5484820 4787246 4116408 5681000 6212060 5058520 4209508 
2967070 4150312 5247049 4755125 5612750 3525792 4226208 5924475 3898285 3691053 
3906321 4263047 5550850 6166471 4516104 5321094 5309249 6355737 5313849 3709458 
2586269 4965047 3979756 5088460 5716506 4545565 4913340 5696078 4268988 3457479 
3644347 4045108 6212729 4875520 5095701 5364691 5409818 5377409 4615445 3576357 
2674527 4335203 5375548 5311920 4987668 5604589 6081558 4231879 4165293 2588192 
3601054 4652594 6115616 5490191 5603830 5030758 5206061 6221285 3214967 3284922 
3996357 3996107 5601634 5049804 5490821 4998631 5176091 4822584 3327781 2462207 
3251730 5082631 5501891 5127349 5133191 5393876 5172626 4759123 4427794 2639056 
3494787 4662868 6285426 5474494 5499853 6063363 5564516 5531577 3770492 3139645 
3382728 4092256 5968436 5832184 5090733 5695608 5020446 5632407 4272056 2918471 
2782037 5173935 4914562 5890004 5830261 5006441 6105591 3897638 4570376 2659364 
3462560 4571926 4976094 5146660 4954163 5408157 6087358 6086827 4317479 3921928 
3300558 5301563 5347100 6434282 5234080 5824497 5688194 5109518 4569072 2767956 
2565187 4613536 5445837 4659658 6131981 5303748 5858018 5884868 4164347 3501787 
3115200 5515011 6000461 5451612 5674203 5885777 5670911 5400239 3537978 3092771 
3781711 4674739 5720931 6577540 6382311 6438891 6623364 5088528 4199816 2827826 
3942681 5142209 6832355 6221751 5881026 6828161 5220286 6068056 3648738 2982373 
3552722 5327592 5665822 6290121 5993905 5773390 5744328 5014280 3430207 2721263 
4367272 4993468 6475361 5810462 5220487 5877663 5766261 4561531 4680175 2806873 
3397442 5127898 6136128 5881371 5067279 6188685 5274396 5110762 4431068 3089526 
4073843 4419730 6192458 6007647 4470090 5064750 5864738 4849116 4763666 3053618 
4152181 4850873 5760961 5632767 5249879 5705008 5407506 5622812 3659235 3678791 
2994136 5058053 5536179 5568434 5620017 5326913 5651991 5316254 3869074 3070494 
3380064 4999436 5851573 6168154 5717494 5288615 6013685 5887157 4889744 3113404 
2709767 4154714 5058196 6027278 5907708 6412689 5129281 6837929 4296304 3901518 
3035355 4263789 5864719 5821652 6294306 6089015 4972566 5674510 4967506 3533369 
3447831 3327743 4290100 5295510 5551350 5572396 6730658 5688581 4981292 3442775 
2506625 4366698 4091238 5049578 5138116 6177678 5444655 5888512 4944399 3753455 
2147807 3546397 3690967 4214550 4267774 5008154 5656291 6126218 5335742 3568217 
3145831 3160942 4485127 4118270 4707935 4673301 5454929 5616619 4667958 3217549 
1973532 3647977 3484205 3482548 4939238 4898402 5300068 5599028 4192341 3352592 
3703054 4125662 4960863 5224113 4441831 5987597 5871135 5797269 4708604 2829826 
2732753 4104786 4171620 4164406 4710835 4485678 5200773 5089719 4150670 2774523 
4068195 4970081 6258421 5333927 5258280 5931075 5696563 6516963 3910608 3573895 
3738326 5263149 5447402 6432788 5531402 5195297 5345771 5492531 4796850 2575689 
4630524 5349859 5939165 5820761 6428550 6062030 5644641 6649575 5057468 3259094 
3490373 5178323 5194696 5885137 6023719 6580006 5623092 6211682 4537222 3527101 
3750228 6158684 6987125 4797686 6316705 6399943 6145027 5709460 5561506 3283534 
3237898 5306689 4996501 5213507 6444719 6533047 5840499 5909959 4649390 3051596 
3565444 5237350 6323342 5060353 5033924 5946513 5311172 5312359 3813039 3614569 
3184447 4589305 5117321 5056519 5287688 5988001 5727499 5418947 4480820 2393840 
3308329 5737355 5403019 5531512 5270595 5314151 5403390 5033695 4652485 2992966 
3284684 4411762 5207894 5120242 5335797 5101130 5265634 6071111 4067576 2757611 
2792000 4550938 4791756 5345973 5126510 6201985 5321637 5394966 4347507 2642571 
2350685 4316093 4775534 4622565 5150895 5581777 5616961 5626614 3855171 3188474 
3246953 3991489 4523556 4692386 5884908 6213485 4851297 5416535 3738734 1968399 
3269134 4507727 5010380 5060641 5490889 6039411 5332221 4537404 3709776 2905490 
3969188 5082598 5841899 5239081 5760142 6012294 5547710 4954424 3692495 2664006 
3419044 5813537 5995544 5434657 5840207 4557434 4776993 4278332 3419580 2437963 
3772136 5371984 6490317 6125633 5558349 5653983 5337054 5178632 3767186 2692548 
3508057 5382374 6134841 6103019 6157156 4840377 5716074 4989240 3617881 2834805 
3536081 4804248 6428066 5786421 6258523 6613328 5745207 6421861 4666677 2751025 
4132700 5524047 5214216 7210713 5885562 6703046 6362125 6384840 5289829 3059560 
3554600 4660640 6548624 5817388 6908513 6813524 6667475 6330714 5051971 3583038 
3445361 4700774 5711775 6198200 5594852 6375559 6426700 5823646 4727097 3254372 
2872569 5392216 4979021 6395139 5736491 6258169 6179664 5899424 4611704 2860735 
3049695 4109578 4919272 4928974 6210044 6032236 5975999 6072410 3721592 3306932 
2737677 3633447 5349474 5083781 5415359 5950360 5601766 5988287 3581692 2354087 
1965908 4007782 4256489 5031033 5352280 5653883 6190819 4753078 3916313 2373469 
3526417 3378063 6062047 5309133 6278748 6642605 4928706 5683004 3304913 2424201 
3093052 3862822 4640474 5980199 5709000 6101646 6495500 4979433 4141737 2223994 
3003171 4495800 5834807 5621725 5547334 6453238 5458282 5007209 3718275 2380653 
3347145 5101855 5083590 5834562 5063428 6265269 5938278 5148478 4322932 2696487 
3659282 3986550 6145883 5417146 5190950 5900707 5943183 4865322 4139281 3277441 
3046404 5203206 4790794 5703765 5027465 5437177 5333684 5419406 4567859 3052211 
3939948 4572082 5322773 4885192 4811066 5391034 5156355 5993527 4189307 3401181 
4183847 4927918 4731509 4570086 4498153 5079552 4907691 5400985 3902127 3349446 
3744292 4921329 5676789 5381168 5137139 4724668 5681565 6207944 4792144 3492931 
3761763 4854171 5006034 4642645 4346377 4951857 5336999 5014812 4343208 2990280 
2993031 4955551 5176664 4731137 5818334 5093886 5623868 5416683 4504583 3697603 
3168054 5222651 5191644 4924299 5639169 5085436 4346906 5936814 4667241 2638103 
3498455 4475009 5777459 5738655 5470613 6114042 5106032 6247521 4731827 3191043 
3844308 5229449 5421670 5105574 6288369 5013873 5757267 5098941 4598654 3504347 
3050870 5091243 4857588 5385957 5086400 6003284 4819436 5087259 5174297 2448456 
2911414 4934106 4841101 5361067 4221574 5673026 4968680 5740019 4190071 2962268 
2308371 3669556 5030745 3988481 5197531 5103373 5874338 4789959 3576415 3525012 
2402423 2821422 4419824 5123047 5205394 4645755 5763964 4405007 3730709 2276232 
2239194 2850658 3012020 4392067 3674486 5165318 5606735 5291687 3744272 2983373 
2375829 4019250 4299432 4913929 5760929 5515707 5131121 5212596 3297814 2658450 
2795407 3262330 4094522 4541351 4519501 5330425 5214607 6113198 3912873 2695754 
2753844 4272159 4941756 5434268 6208862 6600322 6950914 4984344 4234770 2574421 
2793704 3098560 4057935 4171492 4136782 5476995 5029753 5093308 4806089 3261990 
3255176 4583637 5221427 5450083 5188987 6289375 5052137 5195065 4130963 2535075 
2491445 3746392 4321440 3964893 4159967 4178111 5592532 3864527 3452267 3528941 
3067615 4073691 5402566 4372085 4567109 5462517 5195272 5677804 4109064 3259105 
2910962 3853269 4150471 4335808 3981146 3332488 4981308 3917688 3686708 2462207 
2942934 4804880 5267133 5460995 5714145 5383468 5411100 6276868 3781351 3644576 
2986167 4312436 4958133 5291516 4778812 5058821 4378892 5299580 3551676 2731029 
3764221 5715216 6315545 6094824 6768466 6036665 6536520 6374822 5055228 3348247 
4079453 4770165 5683049 5487361 4743984 4784139 4904448 5002623 3934928 2570214 
4350441 5869467 6674735 6145359 5519654 6235601 5823792 6241778 4859599 3800823 
4216778 4912729 5784432 5492379 4799545 4926364 4698250 5028365 3944870 2471028 
3833915 5549375 6867123 5742266 6262673 5701871 6293355 4619024 3985716 3187988 
4185376 5038857 5691461 6445880 4165496 5271550 4782706 4803325 2759243 2503639 
4413653 4585848 6055269 6582031 5886202 5393914 5887232 4693024 3671277 2086563 
3389312 5457751 6078600 5455881 5901760 4459266 5400625 5021506 3492883 3412809 
3336239 4722977 5313408 6039215 4888728 5022442 4911901 4041910 3344761 2100909 
3735250 3742093 5161959 4030445 4603856 3643224 4189731 4885285 2858419 3148957 
3548029 3767048 4822109 4377792 4861686 4837959 3797772 4723450 3646263 1775006 
3558608 3983748 4460273 3904791 3919733 3458101 4657427 4946147 3799038 3242826 
2687721 4029483 4754620 5239467 3975090 4979299 4095670 5286497 3330557 2232264 
2758102 4319470 4256837 4100986 4254009 4702486 5311069 4564050 4134197 2621373 
2891317 3727003 5616419 5140610 4995923 5132563 4910411 4828572 3585222 3033448 
3194534 4547400 4167368 5644598 5087923 5057984 6011930 5180094 4629687 2558387 
3874467 3776731 4762411 5551390 4896614 4997255 5086482 4682517 3777517 2932595 
3701371 4653919 4974593 4659722 5457384 5889290 5252878 5723401 4268257 2972204 
3368293 5627223 4973878 5691053 5074693 4727969 5959549 4764405 3871699 2841266 
4062925 4851724 4994411 4573341 5013394 6373289 5509609 5944683 4348306 2646764 
3988482 4500229 5184771 5593924 5618353 5351521 5361649 6325363 4476413 3385607 
3390679 4455005 5422256 4682177 4909811 5335834 5280782 5512136 4929204 2868956 
3170069 4957901 4639028 5513497 4785541 5646525 5513286 5809346 4446858 3962303 
3699494 4069850 5187541 4059346 4880272 4542621 4922604 5352793 4275203 2855775 
3710549 5422402 4778662 4711418 4492547 4161420 4258864 5398972 3978930 3121684 
4192325 5666033 5895810 4962865 3317673 3421016 3082186 3978004 2923674 2952217 
3659206 4419687 6246828 5242133 4884125 3580158 4647710 3823381 3336897 2710867 
4002805 5759257 4991410 6046801 4876512 3287131 3693831 3745090 2582292 2121417 
3888642 5214480 5499180 5928908 6134472 5240179 4524607 4746005 3320404 2038793 
4083892 5999537 6249518 5798342 5859701 5478584 4890526 4329508 2395511 2209018 
4034474 5145288 6018116 5050814 6415536 5893933 5275755 5497058 4292491 1915912 
4075540 6195395 7407952 6837925 6579069 6401479 5542190 5293485 4808041 2467768 
3965071 5521395 5662992 6276078 6027045 6007574 5466922 5048166 3999488 3117564 
4623225 5429159 6607856 7054719 6316240 6889276 5472166 6169433 4356703 2837803 
2893150 5009069 5419031 5916748 5973881 5204544 5827006 4846089 3451653 2217441 
4104417 5014659 5790267 5638979 6146586 5712573 5786122 5679030 4045743 3113548 
3297574 4198130 4619078 6415992 5249882 5902542 5093888 5143204 3353538 2452818 
3217590 4644325 4877053 4638713 4877244 4593026 5161582 5688451 4061167 2838485 
3301217 3845089 5021540 4629431 4603799 4794333 5358343 4912563 4443449 3229189 
3232913 4261395 4986602 4575581 4178275 4226751 5226925 5336139 3951567 3963544 
3833640 4208830 5652661 4688361 5027268 4660468 5431850 5115259 4626545 2977427 
3479874 4893351 4885427 4741218 4858515 4752237 4334232 5634173 3156931 3161425 
3291751 4801959 5243400 5300420 4117600 5535319 5466317 5274291 4231003 2975127 
3906586 4919998 5066103 4927206 5909652 4847683 5397895 5500831 5053017 2500189 
3851730 4881147 4882364 5887209 4706068 5214714 4416524 5229232 3975740 2779489 
3704645 4670075 5577668 5370444 4964455 4972062 5790513 4701384 4278853 2699319 
4157245 5109858 5379230 5051826 5318907 5610994 4455244 5074031 3464971 2525018 
3248583 4383045 5065427 5184414 5016232 4747767 5340013 4869182 3794658 2979699 
4636690 4232703 6041537 5109307 4972273 5357791 4596967 5173087 3832206 2096474 
3378535 4667336 5291891 5170473 4573442 5410757 5728963 5067491 3959154 3587045 
4349482 4903822 6589303 4978617 4816346 5513935 5349317 5191728 3993081 2857317 
3752905 4415719 5177928 5434027 4485653 5350882 5740903 5228469 4683636 2573094 
3749951 5176798 6471473 4556819 4882613 5239168 5050310 5039038 3284744 2882843 
3137195 4710099 4987828 5413816 4768974 5988807 6149180 5691940 3988661 2686628 
3935651 3804816 5305480 5005386 4993087 5148378 5183650 4719978 4175312 2020732 
2968537 3225636 5046378 4498473 5090594 5369439 4835987 5949755 3997497 2751887 
3604483 4391851 5683144 5506482 5260232 5209639 4951793 4039645 3031689 2147272 
3661014 3901440 5042513 5453691 5121913 5635806 4318823 5463748 4616377 2279867 
4008042 4220968 5895808 5388678 5878867 4861843 4820011 4794625 3394569 2525505 
3271598 4656868 4450676 4910283 5129081 4349058 4440316 4525317 3516566 2561558 
3902034 4354850 5960078 5435609 4866357 5158983 5725054 4760026 3876310 2556595 
3055592 3670657 4635637 5129391 5688017 5193996 5892457 5862913 3841945 3274413 
3716914 4122706 5015977 5982922 5313900 5081521 5731975 4826073 4139623 3249581 
2563421 4021467 4534809 5236706 6245775 6028175 6193971 5652502 4109517 2916814 
3168833 4433226 5379678 6382016 5299895 5320469 5930201 4823887 3896926 3522953 
2408191 3837504 4401229 5842086 6008593 6004520 6666935 6168412 4699528 2917572 
3372013 4721159 5740469 4443974 5872960 4943925 4621027 5019354 3490232 2246868 
2813530 4277373 4472686 5588216 4532157 5731372 6352691 5467546 3488340 2719753 
3223053 4765896 5847992 4186253 5646711 5129316 4496054 5268981 3283450 1899829 
2880514 3930044 5253466 5443099 5034578 5439746 5207687 4075984 3402953 2395981 
2570778 4228536 4376611 5402702 5847548 4460955 5102150 4991053 2990549 2336343 
3478280 4018244 4975845 5414711 5767517 4775110 4679690 4637888 3033330 2658233 
2891984 3829300 5459030 5466918 5414122 5352738 5790286 4759637 4172173 2930364 
4158596 5485007 4880383 5767145 5548110 4908492 4909139 4313273 3105313 1840364 
3298621 4669515 5590327 5625328 5659960 5790130 5006618 5630065 3413666 2656834 
3565014 4838430 4810264 5503204 4588278 4335062 4890496 3580371 3524284 1456081 
3419356 4733514 5644746 5753943 6113789 4390348 5067790 4397640 2475769 2179442 
3908808 3899085 5160801 4773773 4695445 4226197 2679644 3684827 1838483 1269403 
3317779 4182075 4550063 4824440 4920663 4834969 4863499 3205833 2493543 1750133 
3677013 4140005 3928164 4099777 3554706 3111768 3465422 3725424 2235395 1726206 
3023787 3932859 4478636 5158592 5206413 4379229 4504518 4237128 2778332 1875590 
2590650 3762421 3619568 4862130 3652212 3671532 4849132 4444059 3176761 2744200 
2231126 3370388 4070090 4605220 5425311 4133334 5108973 5192434 3668547 2781526 
2938448 3455053 4039783 3771846 4339826 3854229 4170777 4771547 4061834 2956784 
2727161 4621332 4711323 4165365 4781392 4744002 4970309 4847372 3930264 3430273 
3105185 3657325 4980480 4197564 3204114 3991843 3881366 5020572 3492951 2872169 
3106895 4171032 5277587 4000900 4795806 3554375 5600742 4442779 4022389 3133970 
2944105 4477385 5078036 5175503 3874603 4024831 4369099 4654917 3189345 2631020 
3431140 4846941 5767512 4871762 4225879 4371103 4355498 4631772 3297836 2381383 
3208833 4778558 4870574 4965987 5760031 4297527 4448199 4913874 3198068 2516994 
3071585 5392601 5346351 5085315 5344690 4849488 4635035 4916708 3679094 2145884 
3489916 4341267 5469253 5569356 5011674 6107839 5812346 5202425 4161112 3002884 
3739710 5052845 5690257 5044601 6086798 6458312 5697847 6355034 4804990 3026191 
3771132 5091728 5496921 6199468 5503855 6532021 6707361 6402136 5696455 3473066 
3885026 4877139 6012407 6196536 6303588 6741521 6594709 6342737 5238712 3804551 
3455485 5134435 5848988 6275985 6122194 7273006 5573552 6876499 4947869 3200181 
3411224 5559072 6759385 6583282 7009227 6818200 7493501 5319398 5134896 3498134 
3598091 5708393 6529139 7058046 6337433 7702594 6498867 6221626 4284362 3913519 
3038361 4538348 6978412 6545221 6265542 7329814 6532686 5676410 4978096 3173206 
2721531 5208630 5979979 6372198 6347800 6062483 6099053 6683186 4551809 3860135 
3524085 5077540 6086332 6942936 5695916 6111437 6204320 5042180 4042371 3546122 
4184911 5164624 7026528 6262478 6381541 5970444 5410582 5576834 4231757 3372002 
3235072 4784639 5307396 5822964 6086951 5622196 5034515 5306261 3925616 2871110 
3309223 5027852 5932420 5606589 5600757 5398811 5050839 4505930 3962867 3207593 
3532688 3865561 5807355 6057326 4910891 5709797 5250583 5942082 4137306 3235241 
3341844 5083203 5227351 5935072 6223195 5299953 5545749 4850422 4733395 2486328 
3291694 3986274 5203312 5566608 5021312 4615195 5513573 5448237 4424733 3286748 
3693131 5277396 5015456 6502978 6193143 6592940 5356244 6340447 3899330 1932963 
3839301 5054663 6051514 5189352 6240890 5839418 5675952 5064475 4101803 3235833 
4749899 5688544 5857870 6400703 6549766 6527521 6477354 5777364 4297497 2383618 
4066852 4888721 6272794 6202483 5280362 5161383 5139618 4617117 3583979 2307931 
3791920 5553839 6101791 6374143 6011057 7260481 6138068 6490703 4031402 3052057 
2892938 5059168 5762538 6273744 6037896 5635159 4962972 4925476 4039065 2236132 
3185088 5163463 5551613 5668938 6472039 6292264 5792396 6044207 4565028 3100632 
2532093 3852471 5028987 5141518 5664893 6325191 5539495 4759115 4491935 2415235 
2862412 5268661 5246967 5065755 4752900 6031879 5648693 6239543 4422376 3995967 
2932166 4243138 5135908 4920280 4970796 5122612 5463582 5700220 3893895 3180660 
3532197 4759286 5668716 4956618 4781841 4538916 4179393 5835062 4151124 2794322 
3531782 4816410 5183838 5742451 4877456 5089756 4921182 5729985 3800216 3305693 
4133368 4409491 5331884 5428083 5376210 5113985 4440897 4853333 4922213 2873857 
3161893 4608404 5024234 6079530 5465692 6313628 5726230 5767461 4794135 3348276 
2523148 4219813 4701621 4771052 6369896 5750249 5732023 6534063 4096860 3242689 
3307843 4494205 4827664 6258232 5656310 6203620 6530993 5551992 5256654 2655877 
3079959 4631750 6087812 5599248 6543301 6561807 5055023 5509367 4439033 2938285 
4036023 5391932 5460897 6048066 6710078 6388261 6044072 5868693 4534800 3312907 
3553495 4980182 5918009 6309777 6190498 6199902 6843862 4876257 4159043 2971734 
4088921 4862766 6117804 6503827 5758043 7112725 6510904 6778798 4895371 3528176 
3833217 4897789 6081721 6228092 6486419 5777446 7071271 6472235 4549102 3781084 
3622991 3710611 5356301 5950614 5330669 5186072 6270607 6816016 5132826 3527351 
3848005 5227999 5385959 6188806 5261953 4803162 5373864 5230169 3722394 3131613 
4067466 5131441 6115148 5959997 5202494 5104501 4362424 5227749 3506546 2815472 
4856210 5601882 7096415 6760428 5533442 4693552 4550162 4281042 3543955 1984659 
4420459 6166282 6283291 6263762 4802105 4878465 3174967 4276903 3665203 2646922 
4724773 7031496 6752686 6943914 6328553 5212080 3998615 4530081 3962067 2319356 
4708643 5724687 6636995 5767359 5116446 4498562 3587674 4759770 3317137 2614070 
4254944 6951608 6911811 5800883 5613482 5698115 4495574 4479268 4169356 3019646 
3999437 5664866 6456088 5064256 4733471 4421595 4160992 4619656 3684219 2683062 
4463030 5899359 6469734 6196998 5196927 5239064 4164385 5973815 3922050 2838591 
3769174 5240837 6875000 5819937 5853598 5364528 4241196 4357431 4023221 2931430 
4024613 4839057 5929578 6275328 6123304 5148052 5645593 5028712 4113866 2896983 
3676120 5529017 5275269 6695795 5708420 6241349 5008661 5523475 3894301 2246093 
3818282 3812101 5317454 4179370 5397905 5397001 5435801 5112596 3875672 3174454 
3201182 5177361 4293089 5676201 5668401 4646688 5568656 5533268 3573862 2306546 
3345115 4563739 4701961 3360358 3974300 4955920 5773839 5275545 4474388 2788416 
3645555 3815061 4874663 3918365 3723237 4812845 4973321 5078404 3511773 3728565 
3820944 4165149 5031104 3617424 3833635 3699934 5493570 5197417 4253544 3176167 
2689709 4185687 5141427 4518669 4224716 4982525 4462502 5132207 4230770 2800368 
3206068 3782703 4267737 4469078 3214286 4533185 4553148 4554455 4092284 3067733 
3268772 3710388 4707457 4459852 4302310 4490796 4351206 4857186 3472804 2755269 
3555584 4246618 5079556 4404140 4804118 4355039 5086978 4858490 3925063 2497567 
3733710 5374763 4968148 5273761 4877946 4936508 5010117 4608593 3684740 3356140 
4151671 4817455 4939683 4375106 4683039 3935044 4062805 5343774 3833082 2677259 
3541053 5110165 6379558 5343544 6216752 4489336 5207461 5753904 4094452 3111188 
3657510 4830216 5584875 4911718 4854674 5215744 5792565 4999621 4260179 3205759 
3976980 4611778 5464285 6035590 5330707 5449295 5366374 5452335 4015203 2555362 
3741224 4216302 5644938 4790954 5488657 5093246 5925859 5850479 3666537 2649340 
3962868 4966996 4910020 4638528 5533838 5482486 6055251 6686383 4905536 3294391 
3388314 4593170 4557059 5872618 5636440 5342591 6295177 6745117 4689171 3755806 
2788642 4293875 5403628 5044069 5299516 6141886 4849286 6618053 4729647 3332799 
2100836 4318378 5764574 5286374 6244874 5679512 5624384 5612911 5380329 3044710 
2254856 4173671 4972505 5710268 6175373 5598757 5800768 5630045 3726294 3657428 
2938740 4704744 5724488 5925125 6042809 6074643 5085324 5531644 4602290 2852952 
3227606 3352202 5876713 4613234 5941699 5498254 6284172 4655049 4274520 3120573 
2517911 6088786 5403421 5449018 5639528 6400281 5649415 5581449 3992064 3782096 
2888348 4107230 4638020 4749316 4895766 5303390 5174096 5847631 4169267 3150373 
3333831 4471499 5997090 4613530 4860552 4919869 5145806 4727372 4495808 2779776 
2050327 4081119 4263383 3847722 4713009 4302439 5130844 5316691 3972746 3456842 
3484431 4688467 4586945 4553478 4019350 5048842 4255130 4890989 5049739 2496912 
3230774 4410327 4508511 4165324 5368307 4622373 5626888 5900214 4600862 3565287 
3251169 4652176 5668325 3874836 5435583 5913339 4119280 5609416 3544512 2590601 
3006168 5006267 5349181 5456058 5408733 6498296 5802076 5786687 5344465 2852060 
2874553 4502370 6198254 5549861 5853342 5932805 5044586 5344699 3724575 2877941 
4159512 4838248 5709366 5602088 5854868 6277428 5458943 4897046 4576213 2898085 
3590256 5556717 6377109 7025268 5455624 5735277 5676799 3830213 3375526 2684562 
4553821 5566038 5939649 5836396 5507737 4999245 5109351 5537172 3197521 2493719 
3669443 4296132 5773949 6074192 4891581 4753897 5238907 3754109 3744871 2176255 
3790348 4861386 5257297 5386478 4624399 5015275 4481375 5713289 3773806 2690027 
3570857 4986685 4813276 4906455 5407584 5717239 4668348 5228463 4473189 2529106 
3757555 3478845 5239012 5266689 5354085 4746900 6042337 5524171 4740643 3531342 
2880773 4045982 5087186 5846345 4777827 5918382 4414381 5691166 4325808 2822856 
2446731 4303872 4646174 5674635 5414080 5180100 5433497 5344417 4360221 3307984 
3256225 3533594 4188046 4541735 4739110 3752533 4246365 4710000 3035371 3082882 
2539873 4531282 3973362 4204387 4825446 3988399 4132452 4588947 3643408 2757160 
2659692 4839189 5036359 4084059 5003544 4023917 3632354 4520828 3308846 2058554 
3089353 4022131 4876969 3747543 4795823 4670915 4256643 5627720 3892116 2953979 
2761125 3691748 5707364 4258421 4493099 4512833 4675385 4062439 3570619 2391052 
2540781 3441788 4753031 4995493 4967950 5553587 4770915 5732672 4290694 2288823 
3135160 4064784 3642325 5439707 4473300 4675657 5033165 3792847 2886305 2335573 
2687197 4061392 4061688 4460107 5378156 4681418 5031625 4921985 3496062 2703976 
3436515 5081754 5052275 4899327 5060173 5120129 4833526 4190327 3114113 2196137 
3303355 4794652 5033050 5458300 5243905 4646158 4896911 5197409 3876513 2881328 
3767318 4626798 6677355 5285089 5962812 5920337 5333734 4600448 3641086 2071162 
4084254 5099073 5693342 5721206 4949135 5583292 5208952 4904972 3193014 3035884 
3846251 5470134 5581902 6541492 5909377 5667849 5349054 4417855 3437147 1420093 
2767888 3670810 6647846 6059142 5096328 4932263 4177851 4398777 2361891 2222541 
2559406 5583769 5494709 5763403 5791035 5267967 4369908 4618047 2914762 2164845 
2492398 3743777 4930278 5633047 5664095 4916656 5198687 3723543 3906599 2569096 
4192829 4051147 6051750 6203451 4188480 5577515 4586731 4427796 3233937 2889771 
2325320 3798200 4288402 5290599 4063701 4453610 4835498 4568702 3389679 2613309 
3870316 4200264 4892024 5057458 4773797 3988235 4494312 4089242 3293776 2081471 
3276761 3759909 3595099 4395677 4786155 3655576 3322544 3951675 2826229 2288506 
3135382 4338200 4230739 4106862 4022685 4845240 3956985 4138969 2701524 2189853 
3189377 4052547 4520082 4076432 4548048 4567262 4131697 3994146 3179747 2311893 
2979304 4054473 5192730 4737953 5366940 4046501 4740245 5214016 4115124 2951256 
2123511 4768392 4652183 5516192 4763334 5185997 5210923 4978689 4043513 2419688 
2972588 5162324 5446047 4471430 5646232 4771029 5012725 5651827 4169129 3616160 
2652592 3854619 5601608 4417773 4888697 4942112 4248928 4230090 4231361 2142778 
3339487 5300426 5773970 5328514 4431184 5344612 5730900 4449933 4275510 3177225 
3455975 4704717 4773932 4676026 4186160 5214640 4535980 5120559 3313590 3174812 
4248267 4610333 6582995 5448739 4394287 5189683 5741256 5459926 4408401 3718690 
2986891 5023605 5253878 5032915 5442199 4924222 5705823 5639655 3902432 3543972 
2940899 5755513 5803425 6223416 6071019 6083026 5718744 6666927 4998019 3947608 
3294260 4483396 5950847 5814190 5363418 5638134 5368611 6388062 4702436 3451565 
2711828 4451809 5604790 5857462 6171828 4807558 6534113 6253621 4822447 4109947 
3283546 4207789 5793523 6592473 5335348 5736513 5349139 5344066 4598246 3228041 
3201574 4866138 5292786 5976860 6571366 6184400 6467289 6179884 5057494 3600227 
3379782 4400681 6160133 5862461 6091087 5404631 5728510 6191722 4111238 3281575 
2603145 4154322 4642981 5417024 6005774 5989733 6452979 6419218 5016105 3787861 
3289262 3547227 5026578 5055048 5679007 6235098 5578841 6307896 4498089 3420591 
2992165 4265962 4783509 4983866 5010064 5811265 6021336 6080200 4928117 3263467 
3586709 4514199 4763907 4670131 4519824 4659098 5386470 6017254 4890094 4174798 
4210079 5650705 5863543 6048245 4416467 4482272 4246103 4722628 3986203 2832184 
4561207 5911214 6433024 5336176 5277742 4130679 5146123 4887516 3478442 3548444 
4538442 6468891 6306505 5402539 4905816 3988267 4671688 3912349 2860719 2342117 
4509877 5412474 6729547 5323573 4504153 4423857 4887767 4520266 3534946 2978013 
3497436 5054751 5941678 5627604 5982993 4782511 5167235 4759566 2565360 2459668 
2970748 4906279 5868335 5231237 5900914 4500743 4330645 4780765 3249788 2034440 
2561964 3141333 4767741 6102276 5391237 5172748 5250957 4295398 3274132 2210462 
2887246 3471041 4687904 5787776 5978458 5427836 4875360 5399538 3803483 2148113 
2536657 3350302 3890285 5894459 5519741 5457328 5071638 5160891 3497486 2653169 
2929225 4537693 4822344 4714087 5183375 5363505 5406164 5127433 4446173 2444136 
2812688 4052385 5117647 5006889 4761190 4916528 4941692 5187298 4194616 3181065 
3413335 4307278 5526659 5433025 4437404 5694511 4762763 5686275 4449017 3635195 
4007727 5435946 6632897 6114777 6051208 4842027 4878917 4463009 4048114 3030126 
4572349 6437939 7310077 6099548 5587834 6357240 4962242 5161041 4333138 3113306 
4933959 6869734 7363123 7269676 6166322 6265466 4581358 4891995 3474788 2900737 
3922244 5979724 6905779 5849761 5099296 5870024 5468113 5126727 4529262 3570082 
3542229 5697589 6292041 6285521 5639487 4495789 5930384 5230132 4244589 3444262 
3662055 4224465 5274986 5332935 4526303 4647801 4791342 6263461 4549439 3736233 
3256990 4107109 4364443 5105041 5367308 4314143 5408942 5042036 4567009 3979249 
3267646 3559305 4906263 4092604 4183873 5149067 4515775 5540393 4400995 3453995 
3676162 4174213 5032775 5942596 4894445 5368194 5285897 4715213 4086762 3145653 
3269016 3978350 5066916 5562848 5015801 4438086 5025362 3905030 3239205 2406083 
3546543 4076254 5482952 5402938 4601226 5357754 4941857 4705550 3738314 2085735 
3134741 3990266 4686746 4860858 3867475 3712221 4380654 3438871 2482655 2298623 
3546624 5179749 4460600 4098762 4111052 3751055 4651142 3851045 2802510 2213288 
3895743 4576642 5592136 4272378 3880621 3337336 3919443 2484437 2122651 1514717 
4285181 4926263 4951500 5224635 3492320 2989799 4534109 3782244 2083861 2786494 
3357703 4520893 6029806 4463836 4072236 3572640 3310279 3597016 2175298 1866639 
3072710 4020429 4933182 4584528 4307291 3545757 4253676 4494526 3134292 2867290 
2790895 5047459 4011774 5033734 4890349 3669567 3911662 4912934 3267973 2549840 
3736259 3529011 4657579 4332460 4650655 4979974 4677104 5833067 4995075 2528945 
3478914 4980794 5035475 4443075 4903487 4103247 4150313 5201020 3543798 3112554 
3520977 4771853 4663270 4007598 4541371 4763056 5352561 5342104 4619664 3128691 
4641135 5181653 5551888 5695649 4483683 4387400 4684348 4589519 3398729 2312053 
3073616 4438681 6008689 4645395 5134249 5021804 4420597 6214481 4548541 2964722 
4232343 5314688 4645187 5393448 4949492 4140843 4266881 4695538 4238892 3177483 
2793708 4211732 4400601 5412118 4199481 5511131 5593588 4633269 4712176 3549354 
3576303 4257550 5983698 5114883 4565338 5101357 5362312 4268011 4098241 2986726 
2299128 4345234 3871329 5113822 5252173 5389917 5607915 5810822 4161257 3156622 
2220389 3317579 4351990 5277586 5074558 5288869 5741399 4959230 3637347 3375952 
2283656 4430329 4475747 3719798 4739724 5005593 5336067 5520706 4604126 3593483 
2715597 3933662 4520536 4342392 5143404 5280582 5363406 5176309 4212104 3110668 
3199442 4167312 5682179 3816065 4694777 4997636 5665501 6912285 4701079 4343538 
3086467 4312121 5114815 5099227 5231487 5563524 6502003 5781289 4761123 3753734 
3735069 4948948 5408202 6094554 4239979 5552163 5757439 6105540 4715279 3724891 
3819502 3580558 6159377 5775727 5384604 5120619 6457450 5425609 4449649 3052139 
3395820 4321380 5373655 6183343 5126442 4523786 6441679 5795829 4200055 3796400 
3974039 3972764 5233977 6268280 4617369 5151302 5363483 5685988 4105126 2774221 
4139810 4636665 4807132 5813815 4861437 4281776 5351003 5609633 4656476 3452363 
4218838 4978897 5284340 5670983 5072257 5063938 4999032 5638713 4719660 3118563 
3625919 4920977 4850666 5760070 4801160 5487648 5529280 6001779 5226216 3618352 
4005623 6407937 6209408 6310667 5960693 5612640 5187546 5119594 4429140 3030149 
4093012 5383903 6145767 5846955 5362942 5488330 5940185 5672662 3883385 3740737 
3969867 5572387 6906560 6168087 5618215 4740278 5584074 4562246 3805015 3152709 
3250913 5851677 5571414 5956242 4808971 5404004 4455941 5668945 3668175 2643488 
3548857 4886235 5038353 5158368 5080302 4443756 4666412 5238338 2824251 3410556 
4560889 5568875 6012992 4708613 5360615 4255641 5110895 4858346 4215715 2678849 
2986389 5005566 4806462 4757595 5042858 5352380 4763399 5386114 3665633 2669929 
3577784 5697617 5901606 5320621 5362804 5159660 4315707 5220293 3902489 3355004 
2290406 4528860 5253552 4891454 4812008 5433788 4670323 4028965 4445041 2418371 
3868684 4687096 6265961 5535702 5804167 5410965 4728434 5589317 3683274 2948626 
3303368 4777393 5751681 5752641 5713286 5355471 5498487 4116958 3947212 2853035 
2619502 5809142 6250652 6303470 6208194 6841926 5790331 5205272 4290226 2586208 
3878696 5006316 5997611 6575240 5300435 6668712 5011156 5206694 3665416 2340021 
2941617 4348338 6422625 6258998 6499224 6167146 6494881 5735032 3783999 2966986 
3780425 4487977 5236170 5751302 4663414 4934144 4867647 5093908 3583838 2885520 
3298240 4829728 4372274 5740596 5376892 5748201 4879096 4749807 4442901 2994747 
3876065 4088823 5120010 4243983 4210056 3304191 4365521 4365457 3320233 3412096 
3487972 4952461 5183259 4474047 5003882 4892442 5421510 6035489 4050062 3478266 
4110507 4439771 5780238 4644233 4365810 4942408 4621147 5308791 4660625 3448899 
4185923 5285123 5405992 5238946 5193979 5533479 6600122 6114191 4918700 3392984 
3969914 4153281 5190205 4249582 5124958 5583227 5829115 6416388 5077583 3587325 
3974758 4988272 4909937 5206896 4197362 6350953 5720250 5422018 5320531 3243113 
3420568 4927547 4521300 4579204 5716029 5002765 6699968 6162722 4828146 3428797 
3637412 5080989 5032288 5542784 4470550 5448681 5186884 5393366 4010667 3237777 
3108449 4220072 5142204 5246088 5003133 5838001 5427805 5770585 5258305 2942183 
3242506 5456001 5168462 5192602 5968246 4689819 5883062 5501029 4616801 3850792 
3064082 4154914 5026210 5137548 5932465 5858781 5794028 6305260 4596968 3431685 
3901382 4646160 5620464 6079175 4100180 5469563 5123923 5945495 4294351 3491069 
3828849 4840167 5759826 5182234 6158408 5429237 5711372 6129257 4062783 2947714 
4609679 6058430 5859021 5928091 6064010 4943497 5258964 5700622 4627491 3330022 
3970276 5307895 5553525 5364578 5608457 5461826 5487819 6418465 4654479 3194936 
4141159 5244956 5932145 5538532 5599124 5481241 5925818 6041382 4739167 3718456 
3354925 5085726 6296019 5575748 6478315 6127379 6349151 6431504 5075624 3822516 
4356878 5116392 5259319 6207782 5176237 5692163 6117928 5767101 4618494 3458029 
3624396 5440429 6645757 6402229 6218372 5860818 6056307 5904774 3628685 2662790 
3974020 4818061 5187763 6148669 5872630 5421273 5872793 4871826 3897740 2688660 
3891989 5790459 5780395 6602974 6772571 5282165 5058200 5093172 3365409 2114416 
3523808 3391548 5507142 4887050 4970691 5167889 5188672 4714633 2988546 2307284 
3927395 4776878 4957798 5840574 5784873 4716048 4607930 5145039 3080234 2335189 
3300001 4505690 5104828 4910181 5170438 4377306 3383587 5733235 4444129 2269056 
3046701 4674541 4669866 5054200 5223176 4432651 4307403 4969828 3367894 3319879 
3249360 4042278 4428919 3717647 3915896 4267785 3840648 4957408 4535940 2550190 
2449007 3688861 4754450 4170672 3954647 4638381 4620435 5541095 4522619 2705582 
3536420 3789554 5154618 3462382 3408219 3513519 3939611 5918752 3831971 3459218 
3372713 3202099 4287608 5370275 3743731 4163150 5090328 4609864 4587947 2911469 
3610546 4518980 4035249 4529141 4865516 3992921 4438688 6157966 4380612 3423648 
4311399 5104869 4916047 5105027 4980694 4922252 4396075 5178403 4616179 3209717 
4147833 4471658 4936063 4959702 5198374 4761686 5099371 5931865 4931272 3497058 
3765720 4869770 5449911 5652291 4997396 5644717 4626953 5757464 4669846 3031690 
3684510 4744937 4609654 5550519 5633496 5492185 6602286 5778186 5080079 3393037 
3677016 5303631 5005918 6490423 5811250 6464206 5212261 6379065 4010872 2825845 
3655064 5267778 5250503 5399887 6408809 5769926 5781008 6819258 4863086 3107837 
3545220 4645229 5996048 6053333 6991401 6073107 5999926 5902141 4766925 3579588 
2820272 5726819 5179912 5111200 5824777 5553292 4949861 6127533 4713052 3847446 
3099183 4726459 5614369 5275620 5304768 5858165 5516449 5537619 4440857 3038952 
2868334 4152695 5178580 4882499 4889848 4706946 5599199 6575706 4496831 3923300 
3157045 5229940 5890889 5344437 6067655 5237498 5795668 6497531 4678987 3663577 
3256242 4323628 4974440 4748191 4697071 5203408 5475698 5485794 5263253 3209426 
3817631 4921146 5631360 5457025 5190732 4750035 5415584 6114351 4068643 3717884 
3219201 4529993 5422907 4531812 4695785 5083401 4783286 5308095 4775908 3289747 
3332262 3591807 5174702 5173627 4597249 4574593 6004066 4971118 4199385 3246709 
2963463 3962971 4262372 3753832 4327947 5102964 4965082 5848058 3543647 3193561 
2669530 3921566 3532691 3961518 3801184 4193925 4560114 4258204 4079680 2866653 
2989503 4407659 5051013 4793891 4099286 5072504 5614477 5085664 4446888 3489435 
2662401 3544123 4356013 4755350 4011275 4794583 4966037 4056081 3878040 3131223 
2779805 4877422 5476331 5267849 5547826 5255003 5582154 6165709 3791895 3102289 
3744825 5010096 4805022 5591276 4742921 4514281 5423780 4951534 3035026 2835473 
4731660 4853719 6125495 5678909 5666457 5588733 5040405 4915209 4402244 2776334 
3761142 5325667 6104501 5989011 4778106 5220485 4906041 5104417 3375757 2374515 
4700753 5547394 6262030 5805973 5502535 4627450 5334956 5538153 3107710 3103691 
4082145 4710901 5660133 5986308 5948263 4542321 4836797 4795512 3861442 1987493 
3454370 5706585 5936729 6103992 5456861 5428921 5634621 4760746 4117730 2766996 
3582368 4432918 5080942 6124667 5952761 6449437 5266480 5538818 3654100 2487371 
3463748 5045103 5860979 6144103 6984289 5547528 6578073 5609322 4601340 2774050 
2537483 5355092 4847246 5355059 6276294 5726798 6737021 5663868 3675019 3118038 
3822838 5067317 5526479 5623568 5568846 7119626 5200496 6231928 4598543 2511360 
3094757 4313836 4621743 3877446 5248321 5104094 5315090 5308910 4462163 3098302 
3600218 4524681 5842298 5048424 4985845 6209996 5653574 5121136 3790576 3359459 
2752678 4904456 3874692 4894183 4113568 4782318 5301042 4520008 4095858 2467338 
2945770 3725652 4810296 4796435 5473780 5511368 6065302 5350815 3919332 3050331 
2315720 3936206 3497719 4546180 5188807 5018455 5513976 6467892 4186810 3499870 
3055218 4015286 4804391 4439565 6322050 6162515 6715080 6244605 4906676 3279984 
3349421 4297200 3833839 5632781 4911978 5894956 6753789 6510141 5321898 3618062 
3223158 4896263 4875031 5612965 5849937 5421371 6219051 6825091 4433477 3695966 
3192821 4209917 4884760 5136074 5026845 5857620 6252365 6360292 4768911 3457456 
3414646 5146004 5581243 5505887 6362325 5036671 6485983 5308427 4731304 3139882 
2927124 4509757 5251989 4774882 5130454 5681792 4723974 5757458 3975589 3529566 
3596282 4072706 5791519 5428898 4669551 4740222 4768850 4741306 3750725 2676388 
2724668 4017459 5053308 4269751 4931960 5310459 4758674 5347015 4179706 2799398 
3207143 4294139 5662706 4840090 4271926 4592454 4886331 4464340 3807435 3292281 
3262356 3996319 4298017 4731207 4817694 4972373 4719761 5458551 4555064 2985198 
2847668 4558470 4428046 4163355 4873844 4035329 4494215 4473928 3613979 2595799 
3789803 4123817 5617795 4999072 4858198 5348819 5248827 5351275 3625210 2942522 
3012435 4529665 4743566 4364203 5814185 4856282 3982450 5059330 3249026 1830311 
2817445 4793611 4950802 4638956 5186194 4757976 4722159 4225283 3367832 2417629 
1888799 4299588 3878994 4320351 5226114 5171086 3843706 4324659 3461847 1595329 
2586690 4928402 6005337 5285933 5459004 5391010 4666527 4051654 3223113 2624612 
1945202 4051783 5732551 4289993 5395752 5372929 5318828 4906539 3238140 2641476 
3369253 4580512 5826299 5488553 5979504 4685725 5427152 4575809 3499115 2620010 
3125826 3990918 5892501 5046423 4330706 5293948 4606930 4944162 3299738 3025883 
3849600 4129276 6062632 6370734 4434019 5883387 5564141 4521648 3793532 2614931 
3189206 3919624 4801712 4848054 4896696 4776568 5171079 4792465 3759280 3294688 
2827926 4065012 4803159 5328933 5346531 5338644 5388450 5766682 4100709 2566128 
2054798 4825267 4838295 5478543 6225226 5453269 6007618 5465829 4329952 2698643 
2974547 4034731 6118273 5877830 5744508 6225110 6196901 5686964 4232686 3372459 
2453633 3179614 4824717 5644585 6468254 5990621 6017759 6080023 3988040 2833559 
3420081 5443026 4430690 5755187 6290349 5113550 5342725 5277557 3108522 2547970 
3660423 3914905 4141170 5289677 5633853 5368371 5277012 5627354 3570326 2143284 
3830381 4981300 5115219 5101013 5909516 4432845 4913608 5133769 3411706 2574767 
3179889 4594312 4180131 4497236 4959215 4330641 4833321 4521526 3407909 1964210 
3274584 5006168 6017980 4967675 5738494 5662292 4323468 4310145 3236623 2013890 
2730492 5098030 4874309 4984113 5884502 4830212 4580074 4429303 2680536 1807722 
2806514 4264212 6241247 4651806 5212300 5877847 5393011 4100854 3531484 2377595 
2729917 4013115 5395617 5366657 4829287 4930750 5726528 5261533 3277427 2841766 
2868187 5325719 5351040 4485517 5351277 4670948 4847602 5469581 4419992 2622855 
3331195 4287490 4389734 4213820 4123338 4727783 4894584 5532132 3959040 3875611 
3319785 5219341 5114191 4367775 4464025 4795427 4606999 5609298 4301692 2571625 
3304940 4038257 4877225 4454627 4412817 4852852 5022295 6210476 4599016 3498344 
2874926 4406400 4448339 4933292 5147321 5535246 5914000 4644057 4529320 3196145 
2130358 3674401 4526232 4721329 5075378 5241671 5598824 6036568 4574174 3178849 
2746275 3972044 4709679 5386222 4807852 6583598 5908561 6105948 4164176 3298619 
3088178 2965420 5434991 4657665 5246548 5026560 6584803 5167534 4602289 3628911 
3134397 3853740 4557700 5452419 4364354 5778633 5016619 5796097 4473169 2809490 
3825907 4743893 5158257 5905374 5392302 5622187 5573267 6225309 3862026 3380000 
3234654 3511748 4814260 4694933 5104125 4509843 5552218 5565844 4258819 3071581 
3063881 4533840 6084432 5207274 5524993 5832726 5014679 5570199 4180820 3075874 
2787663 3545807 4428921 5157259 4783231 4746959 4301828 4997656 4180804 2809537 
2699600 3855997 4652312 4123343 5661668 4280700 4288977 5138968 3401718 2713635 
3168220 3773034 4168204 4801158 4674979 5036312 3670422 4142657 3808660 2070656 
2882958 4790327 4287140 4812587 4823286 4908063 5254516 3987840 3370030 2764653 
2669271 4291506 5769630 4435362 5555740 5108214 4506240 4914399 3062043 1803316 
3118987 3965695 4665415 6154655 5124520 3807842 5437372 4140048 3100584 2656818 
3455329 4398642 5236788 6607662 6068670 5243653 5430454 5018668 2780566 2861293 
4104011 4133835 5299036 5318749 5636000 4167304 5114951 4401886 3471339 1620746 
4198081 4858940 4988889 6393721 6067877 4945571 4959908 5651938 2613058 2257386 
2965637 4350200 4631381 4842738 5309668 5104145 5232141 5447095 3789148 2477775 
4210689 5026341 4681814 4805300 6371975 5532415 5906336 5356668 4488798 2034862 
3434439 4445810 5201231 3873000 4673990 4854215 4684472 5763833 3775127 2945171 
4310300 4720325 5516051 5186769 3931398 4988758 5161250 5409293 3977460 2966347 
3310012 5345788 5223421 5346208 4650927 4066848 4544393 4324844 4760285 3395379 
4318966 5307340 6294234 5717259 4414882 4233597 5033307 3726183 3794189 3422497 
3601015 5402923 6419673 5790047 4212661 3885593 4049494 3991176 2287574 2825859 
3784230 5573155 6176212 5248992 4527319 4099673 4743026 4007538 2723072 2073181 
3970455 4385502 5956568 5245394 5074456 4777781 4719437 5137039 3531803 2818399 
3458543 4155128 5384516 4647642 4431945 4777224 4194967 4775206 3568797 2385305 
2902054 4072602 4089428 4670261 3899646 4867624 5284279 4589194 3999493 2686152 
2713323 3835283 4042650 4458306 4628804 5051319 4277892 5481426 4382744 2833713 
2082607 3652253 4575673 4041573 5107596 5086197 6041243 5133127 4851245 3579350 
1577090 4293464 3762581 4525778 5471139 4788320 4991797 5689386 4100379 2943646 
3074903 3593990 5134139 5241008 5220859 6522287 6042661 5499388 4680667 3351134 
2633652 3804142 5900431 6089096 5959365 6262053 5925325 5764333 3708743 3762404 
2544044 4984502 4990943 6328735 5644626 6294040 6075586 6414598 4549846 2797327 
2769241 4069034 5023540 6086294 5450898 4501963 5114597 4815719 3773737 3047591 
3037450 4720267 5540563 4872689 5841921 5775016 5306559 5319842 4353872 3311113 
2134727 3599433 4469672 4308758 4440674 5192937 4523827 4185211 3792020 2587858 
3490044 4283953 4611137 3906998 4246834 4291513 3863272 4710508 3247996 2356952 
2397096 3710172 4624159 4052124 4168154 4107393 4301150 3807636 2667638 2655188 
3581444 4966036 4319657 5104981 4775710 4009033 4632150 4017117 3912084 2222068 
2541035 4918003 5390014 4239000 5342392 4461508 4909771 5284186 3908653 2998901 
3842692 4810008 5818750 5129122 5439171 4808249 4667684 5296190 3112614 3115510 
3532563 5252709 5276248 6285932 6557461 5732983 5699305 5419105 4304900 2713914 
4093344 5412389 5731035 6279463 5614103 6211348 6549891 6410309 4648495 3358876 
3249595 5805437 5503994 5763521 6023112 5852809 6525959 6256449 5293180 3936796 
3685627 6384336 6659741 6058170 6132377 5691534 5820745 6660831 4888066 4292944 
2446883 4654376 6063801 5816963 6085679 5418952 5834157 6076479 4857171 3312597 
3693069 5481149 7144142 6051277 6211704 6569767 5721028 6971643 4987443 3790320 
3332544 4694918 5575913 5675694 5370378 5590792 4785598 5715282 3927694 3387603 
4302638 4475884 6008710 6593463 6253668 5674166 6361424 5469781 4417439 3050516 
3319206 4136697 4717815 5063324 4612166 5017360 4759118 5350078 4085540 2937369 
2703500 5220731 4841212 5309568 6016212 4801052 5481844 5358541 3508803 2793415 
3126329 4738977 4251488 5092839 4956656 5017686 4616748 5410420 3964006 3123170 
2441107 3742804 4975870 3897031 5613829 4513180 4280291 4341727 3758145 2187945 
2769911 4194135 5246422 4098737 4737303 4537888 4962740 4207167 4390368 3209667 
2968645 5501336 5760492 5591437 4665372 5073964 3462565 3993107 2960732 2379453 
3683612 3671139 5294548 4590145 4281172 4640161 4722867 5266081 3945423 2999602 
2941541 5499390 5470818 5340845 5021285 4229916 4619453 4068559 2955826 2481842 
2846486 4384489 5240824 4686426 4522722 4717947 5365217 5224783 3901259 2821500 
3721741 4844579 5801474 6645763 5403191 5683796 4728390 5200334 3808266 3096168 
2687587 4330617 5066155 4418640 5404657 5396879 5190126 4791933 4370410 2946915 
3138310 5101394 5218491 5682294 5643492 5455999 5224987 5323403 4045337 3214178 
2755362 4668693 5111897 5535486 4836942 5642339 5246337 5317194 4173018 3335916 
2737887 4969139 5403062 6155125 6042374 5705245 6236547 5514330 4584232 3746695 
2758876 5067270 5883632 4741114 5876516 5157877 5228939 5245771 4421937 3179768 
3373454 5302925 6319600 6395952 5620355 6436258 5228882 6483086 3989125 3536047 
3373172 5645558 6090717 6686250 5736392 5429458 5803969 4628073 3764589 3440076 
3647280 5717331 6793472 5967049 6187803 6006303 5469902 5159822 4423586 2847910 
3305760 4904627 6462562 6214247 6184651 5668870 5192095 5105647 3729427 2529225 
2555736 4697226 5024982 5549950 5797239 4924530 4479947 5025804 3255632 2808560 
3415851 4190093 5213917 5891649 5477214 5921189 4984658 4842467 3337962 1862594 
3118089 3699214 5473963 4903688 5521685 4726111 5161313 5192147 3319733 2543768 
3172706 4031222 5725415 5838553 5895585 6023811 4628097 5601763 3834479 2237330 
2854870 4289011 3419229 5648223 5285008 5152203 5527177 5859609 4579890 2934776 
3514872 4124970 5685744 5033935 6013120 5256946 4510161 5151748 3493537 2772488 
3934655 5100352 4750834 5647632 5726189 5592025 5403780 5686328 4935001 2748008 
2605959 5616583 5309834 4901691 6677362 4885982 4571997 4489400 3911441 2127941 
4250011 6129903 6425771 5327817 5533895 6450090 4207862 5858997 3335529 2482623 
3872347 4742467 5668614 4817003 5180151 5008545 4314169 4405584 3198632 1537915 
4426382 5211305 6324000 4480092 5234470 4951132 5003737 5021526 3741037 2684395 
2816645 4106526 4829110 4745804 4022313 5549276 4135080 5291695 4565866 2599957 
3284844 4895248 4771134 4003355 4438591 4691722 5030235 4921419 4447249 3070004 
2323528 2722797 4103296 3498859 4076496 4956617 4247473 5547636 3897458 3553904 
3057373 4373966 4588181 4772775 4612188 4059109 5521878 5796070 4790453 3059015 
2220082 3908434 4407191 4364281 4571556 5261210 5040381 6331768 5160507 3353271 
3643742 3890569 4683021 5458579 5522214 5190005 5962685 6466180 4971940 4255587 
2751175 3724015 4165652 3734376 4565686 5649199 4983543 6047565 5258910 3537243 
2833550 4651888 5167155 5480539 5242646 6216142 6633976 6571509 4821870 3188209 
3331390 4348851 5622105 4186291 5592548 4672168 5094177 6087566 4397151 2991416 
2955550 4197866 4796721 5362675 6019001 6229045 6070412 5418909 4274490 3145029 
3476712 5279661 5906219 5289266 4903737 5977539 5140880 4327335 3819982 2775301 
3030513 4181613 5530816 5140892 5525590 6202995 6376411 5183983 3797856 2821607 
2719527 5273432 5251995 6035736 4966557 5639492 5907774 5872573 4149755 3151438 
2749336 4008520 4680151 6477674 6250148 5815362 6324252 5738042 5105678 3455043 
3400963 3740988 5073368 5679385 5831491 5362746 5843173 6189810 4466864 3527559 
2917118 3477187 4579586 5837549 5920273 6764058 6386712 6158482 4715055 3027192 
3102983 4039342 4253619 4369296 5073577 5407310 4984127 5757718 4458249 3287583 
2453351 3875760 4416706 5488637 5477066 6753012 5698972 6927412 4711874 2680976 
3012229 3984385 4401390 5378942 4290076 4432922 5433376 4613598 4368531 3107606 
3281497 3582371 4412579 5022643 6302370 5584243 5945609 5657485 4512860 2975149 
3437416 4068761 4641506 5130543 4209299 4512808 5223269 5088146 3402572 2786529 
3892770 4307310 4559558 4621557 5514625 5111382 5181431 5896555 3196856 3000479 
3140084 4614965 4333887 4797737 4048977 3872190 4491588 5351815 4270980 2782018 
4650099 4532931 5291292 4516547 4905815 5011185 5063063 5021273 4355152 2720506 
2976246 4987009 3903480 3679575 3913114 4128924 3490285 5565168 4729538 3512643 
3479861 4956712 5186286 5105836 4507856 4321409 4669388 5045253 4524746 2593282 
2839318 3942296 5467679 3540223 4914583 4852471 5036801 4962555 4915434 3265522 
3033275 4728050 5385896 5443878 5170108 6651362 5379707 5446960 4335410 3348844 
3060150 3679874 4657115 4685045 5351596 5159159 5808086 5963412 3662799 3281516 
3431916 4395886 5625401 4450512 4667241 4856065 5161505 5583157 4768577 2647577 
2544033 4403990 4813772 5496666 4711354 5611191 5490624 5499766 4085060 3548506 
3705486 4815985 4429553 4812316 4473690 4176934 4658418 5170637 4258750 3963704 
2806146 4950842 4728172 3832923 4951438 4338089 4949665 4765345 4577679 2888179 
3853630 5004782 5571412 4410112 3953794 4630408 4747449 5430703 3698211 3553376 
2867810 4406735 5626188 5403234 4697656 5409727 4978653 5931766 4694547 3302123 
3081955 4075188 5440303 4729679 4692743 4742790 4787194 5197738 4582652 2964030 
2638668 4121524 5057243 4583577 5301227 5077950 4411139 4583391 3962148 2970561 
2706250 4243895 5182617 5614514 5279752 5502063 5552480 4045871 3589047 2761176 
3601679 3921453 5370454 4761316 5366753 5111766 5092028 5081820 3042206 2852666 
3185954 3690423 6007742 5524319 5280039 6074107 4659811 5405793 3437183 2340255 
3396270 5524860 4921572 5059791 4855586 3688286 5194050 5134784 4023516 3137757 
3225655 4713484 5118815 5037537 5098657 4876750 4913426 5240901 4715739 3122668 
4160770 5583365 6029494 5634919 4672943 4506438 4372518 4837575 4403048 3006553 
3263179 4636425 5557034 4625003 5076549 4058855 4690810 4963054 3670499 2972561 
4156301 5046131 5744313 6423793 5217881 4882262 4311135 4787662 3564755 2563417 
2929487 3923549 4932307 5561483 5300502 5353325 5354170 4048786 3835504 2507005 
2987580 3966255 5100911 5052913 5269835 5755092 5325384 5603162 3570162 2528022 
3621991 4554799 5011351 5658746 5002265 5785165 5416274 5165082 3616546 2236040 
3861579 4063729 5793672 5854621 5165636 5507872 6474430 5699821 4068944 3385370 
4286573 4303384 6410280 5401035 5404098 5905694 5355959 5019990 4087432 2437321 
3323832 5103835 5605192 5196037 5756917 5151712 5579089 5147397 3749649 3108543 
3632201 3982590 5270806 5401068 5188047 4911134 4463698 5310150 2821169 2622106 
2811978 3577845 5613589 4854495 5674959 5860715 4887231 5362937 4221950 1971127 
3446866 3943901 4088467 4191210 4239885 4708513 5255281 4997246 3814962 2763969 
3913603 4184768 5482129 5580323 4717380 4913439 5105599 4509001 3711698 2529062 
4004251 5095791 5534297 4697103 4835532 4895572 4432399 5227909 4579920 2301262 
3790606 5816099 5329015 5516615 5016802 4569148 5333030 4464834 3699872 3441427 
4129178 4368082 6396809 5090846 5113661 4785431 5529722 5711515 3915370 3712715 
4210972 5648279 6470131 6398110 5303847 4926697 5169863 6315297 4582564 3004607 
3666092 4667823 5294607 5627787 5746767 5194905 6016751 6165445 4941629 4051312 
3783281 4832896 5477654 5422141 5662641 4889076 5368562 6363238 4991951 4183786 
3369752 4269783 5139103 4683309 5000305 4494005 4730926 5184694 4227455 3145742 
2673867 4225003 4544812 5618323 5226415 4650716 5211850 5919113 4485898 3207498 
2787669 4727382 4939928 4581652 5025042 4507975 4616395 4754312 3917567 2911109 
3455501 3467795 5139274 5309526 4854189 5185018 5415764 5190272 4132299 3089472 
2901805 4379747 5425815 6223097 6343873 5874314 6188015 5743711 4111500 2598485 
3854172 4540104 6088940 6571928 6440615 6410915 6105572 6256998 3995304 2905355 
3600023 4921240 5883903 6367204 7252018 7379434 6778840 7017156 4733064 2657260 
4074216 5768189 6054738 7167943 7315311 5782513 6272340 5930847 3883595 3252019 
3888149 4388110 5439829 6360291 5741536 6992291 6365975 6134767 4994210 2716146 
3715093 5392947 6029156 6673064 7232876 5471696 6526458 5684268 4009706 2842731 
2956363 4927664 4361679 5800057 6222076 5283697 5744602 6077378 4166460 3153878 
3644058 4762327 5174893 6853557 5485606 5762158 5877319 4839229 3804803 2464606 
2603292 5041562 5745090 5205867 6089598 5463572 4397118 5781784 3861896 2563666 
3588857 5373519 6027200 5646184 5830248 5572288 5193067 4684293 4065507 2705749 
3817275 4385619 5551797 6026114 5113976 6269505 5703294 5801978 3991586 3636243 
3962021 5569761 6700262 5460725 5723175 6019569 5508605 5713794 4518080 2864015 
3738929 5102032 5735964 6178373 5747760 6268243 5877596 5650471 4725188 3672628 
3979978 5269855 6416588 6544357 6071985 5480209 6213883 5020825 3673497 3476526 
2518529 4422205 4902213 5205841 5125702 5961706 5787306 5431918 4443552 2924165 
3317541 5251359 6316686 5739872 5493393 4634316 4817823 5316071 3607000 2701935 
2470063 3498417 3953374 4445304 4477008 4221478 5129600 5772367 4025574 3521011 
2838215 3918565 4596683 4299439 4163937 3669139 4202134 4777159 4188338 3013883 
2044622 3445670 3757967 3892385 3508733 4882611 3805539 5009992 4065088 2840975 
2446361 4177057 4005709 3405458 4373986 3223358 4211912 5037592 3665141 3565302 
1933809 2413122 4524054 3427000 3961532 4825688 3889494 4663973 3922484 2810390 
1736327 3108015 3562858 4163861 3561153 4079381 5097704 4058262 4270058 3566065 
1761591 2439238 4071705 3187272 3968521 5483039 4798036 5064225 4199849 3299382 
2932238 3419912 4272982 5314894 3642177 5523070 6163088 5294359 4189239 3868068 
2522150 3580244 4254475 3490394 4757220 3956236 6228240 5461200 4143853 3377090 
3521703 4264924 4982078 5372456 4559493 5573245 5705404 6131193 4172144 3357387 
3844177 4835815 4742302 4346564 3968727 3962074 5166032 4812193 3682719 3529540 
3327987 4341518 5959607 4269323 5654554 3934075 5052284 5377288 4242116 3279664 
4128411 5850420 5063471 5213479 3622755 3704193 4176976 3770434 4014370 3117152 
3458896 4548230 5401861 5608116 4782573 4617259 4880574 5410199 4221157 3341444 
5085283 5448114 7315394 4719212 4598120 3841118 4088167 4557806 3450919 2777801 
3565560 5844410 5036858 4699454 5527021 4942018 5454025 5375609 4625428 3023500 
5168187 6865217 6536880 6363959 5445810 5248832 4408632 5260035 4791208 2773641 
3274038 4927660 5747881 4884392 4795105 6277291 5707356 5874524 4809802 3723645 
3327227 5335839 6069669 4467187 5422112 5134440 5158968 5075072 4874214 3213673 
2647689 4083259 4248656 4439632 4184841 4655034 4488822 5441172 4234635 2872236 
3491945 3921967 5599042 4192526 3902428 5155083 4759161 4785703 3507114 2930381 
3999406 3918946 4880145 4177421 4050147 4584321 4294495 4944249 4304454 2984737 
3817220 4419249 5186986 5141809 3789955 4735980 5039608 4648317 4052798 3119993 
3472558 5077690 5772290 6071655 4799210 4572911 4958971 5130388 3394660 3282847 
3278726 4164329 4786506 6594528 5149559 4294888 5684668 5318856 4439884 2862671 
3708824 5011517 6435474 6187134 6340250 4848421 5621197 5341660 4344532 3224024 
3573754 4860401 5861751 6051779 5846786 5844514 4703249 5131980 3810179 2648373 
3718940 5978190 5290817 6255083 5595328 4802755 4121180 4577300 3094922 2012637 
3280317 5270742 6067574 5590240 5742240 5262275 5104516 4250296 3342970 2872775 
2728650 4907862 5963028 5146967 5209515 4919867 4137030 4555088 4227118 2385938 
2976671 4518424 5319208 5085912 4428909 4961985 4279340 4553634 3020999 3199017 
3451131 4798094 4326259 5010318 4763664 4401398 4621908 4351634 3222588 3057043 
3566866 4509251 5071765 4529288 4436083 4607381 4672625 4730150 4046787 2048025 
3273935 5105449 5170208 4756371 4321482 4837027 4704483 4805138 2939584 2885189 
3321100 5469937 4764171 4987424 4879251 5017134 5295185 4465578 3493722 1864656 
3904830 4159920 6373593 4814914 4773404 5558762 5161731 5670004 3377529 2680239 
3877884 5199151 5227277 5263174 5441304 4775780 4316783 4955367 3654357 2217852 
3131705 4759573 5512517 4666261 5737335 5239691 4542489 5080389 4427604 2361596 
3899802 4838729 5695874 5579278 4520996 5224570 3977638 4595886 3377892 2912185 
3622373 5323541 5470906 4777111 5283437 4390776 5210315 4178329 4408817 2925567 
4086147 5140224 5648697 5691437 4828045 4499256 4026327 4691818 2929588 2468996 
3863962 5471659 5661660 5292777 5346012 5082105 5436941 4321912 3784103 2722818 
3254183 5028055 6502160 6178133 5967765 5762137 5172342 5101918 3274808 2846730 
2728962 4593561 4878149 6239791 4930294 5630049 6221272 5004414 3821363 2727450 
2770185 3871335 4621465 5100811 6251811 5549861 6361668 5194928 3353182 2325310 
2389559 3580922 3864390 4183569 4877117 5919327 5073298 6197122 4122272 2428395 
2764445 4882968 5040975 4494100 6233105 5466000 4865865 5210766 3706587 2604692 
3243831 4059872 4466169 4832302 4359501 5166859 5137880 4427012 4541270 2342446 
3773177 5359699 5566184 5529975 5284346 5838832 4130418 4354684 3510851 2040534 
4280877 4976279 5787508 5665845 5030910 6249169 4869847 4669695 3623709 2894385 
4334148 5035783 5832703 4848520 5507024 4737224 5700375 3857143 2797641 2252197 
3352090 4995288 5442084 5122062 5352179 5480794 5314068 5538539 3818144 2156368 
4251994 5583896 5535784 5232625 4253709 4597289 4824091 5143420 3786620 2289310 
3353166 4174365 5416226 5173584 6447626 5587827 6067990 5780909 4340068 3305786 
3438873 5464217 5434728 5770665 5196682 4684664 4404435 4441896 3810188 2359913 
2771125 3936950 4977949 5375419 5760162 6088303 5437838 5432762 4343284 2485071 
3014968 4079754 5585246 4731955 5698445 4298281 4134701 4815675 2899247 3011103 
1884835 4501370 4744786 5005117 4975774 5592603 4890827 5329146 3911132 3180073 
3357559 4304510 4917817 5090604 4459859 4481050 4993985 4698107 3909302 2963267 
2272769 3818661 6045516 4945802 4945148 5140272 3997604 5561080 3526372 3154186 
2823187 4382947 6053373 4968317 4499975 4490648 4908409 5291681 3853082 3343950 
3489003 4438958 5596662 5634622 4924590 4661506 4197908 4303159 3832491 2398650 
3542249 4179413 5828045 5514720 4666859 5348741 4420154 4797621 3331951 2914917 
3364308 4111135 5394650 5009000 4470543 4311952 4430429 4752850 3153092 2523491 
2950594 5155590 5624908 5684435 5305213 4892514 4802186 4358462 4283266 2285477 
3673183 4230908 5792956 5114157 5878756 4942958 4348225 5348725 3207948 2879419 
3865545 4704843 6207617 5432180 6519578 6269228 4440019 5783364 4572734 2484071 
3757349 5105567 5927207 6218689 5581524 6065060 5916352 4625423 4827515 2703671 
4350630 5340664 6134166 6875032 5556348 5804122 5417341 6255767 4322533 3017736 
3704678 4258421 5699995 5725570 5042764 5424255 5615438 4854186 3944779 2830279 
3921291 5589528 4880151 6039860 6055817 4817841 5729685 5744721 3923602 3486171 
3142510 5636765 5309766 6053878 5328810 5138042 4384753 3975153 3525074 2209996 
4648113 5359329 6139052 5791525 5384072 5661454 5443442 4991183 3568314 3565433 
2753268 4218275 5816137 5583568 5646903 5413224 4517534 4165418 2770702 2100638 
3720796 5835269 5541767 6439254 5602086 5632873 6073454 5854079 4503408 2601229 
2878481 4011407 5356135 5101779 5267878 5234774 3750324 3832718 2653262 1976569 
3438504 3813433 4524723 5418005 5414658 5437914 5051506 4808992 3873286 2254643 
2123277 4075504 3736918 4107604 4919076 4709673 4506910 3470409 3513313 2060924 
3388188 4126077 5114997 4804393 5432965 4860773 4428028 4809892 2910207 2485609 
2685160 3710320 4232548 4129398 5124690 4455798 4173876 4758997 3055839 1737520 
2133515 4071006 4746919 4340871 5509619 4762557 4829854 5277846 3854916 2719248 
2158661 3013649 4564395 5002279 4165817 6230652 4809456 5056685 4539010 2622425 
2094310 3645831 3930038 5482341 5762144 5083735 6038296 5621949 4194673 3260784 
1938712 2483102 4285285 4491892 5284243 5974400 6010726 5139256 4449588 2705715 
2478286 2864305 3669822 5350659 5000945 5794419 6449459 6508966 4406471 3108890 
2527526 3257482 3125672 4157780 5066854 5554930 4957377 6255432 3617933 2235660 
3481355 2877551 4539173 4472684 4281854 5573612 5937269 5257301 4530621 2854043 
2675328 3652076 3659967 3887485 3471010 4378024 4601779 4950131 4238424 2185887 
3160358 4946952 4637211 5048742 4516207 4795635 4599520 4694291 3586407 2600505 
3601187 3686585 4738178 5315976 4676249 5402891 4854020 5401561 3668357 3112704 
3373431 4986288 5934635 4418955 5947680 4712008 4971036 4545546 3506219 1890653 
2993444 4402045 5276035 5637636 5341466 6245782 5751120 5550255 3905138 3139319 
2972378 4963709 5598787 5676866 5543532 5686141 5863100 6063258 4525708 3049622 
3285026 4487879 6101755 5307019 5919976 6391453 6642088 5915859 5081236 3868325 
2687058 4298356 4857404 5574412 4678902 6454339 6301961 5356915 4816066 3323383 
3590963 4959903 5581297 5499664 5747022 5612974 6133898 6619964 4475966 3165222 
3330554 3770685 5029328 5720787 5005771 5912963 6048423 5771636 4132772 3449824 
3692837 4977270 5187224 5505900 5416730 5976992 5904803 4577003 4038797 2798188 
3836764 3953052 5422922 4988613 5251140 6588145 5017098 5629262 3578043 2297273 
4163166 4948140 5232113 5730287 4924881 5548902 4832972 5995671 4569639 2786744 
3316758 5453209 6385678 5429105 5606585 5598337 5790459 4749755 4827884 2878825 
4104134 5069965 6119792 6062672 4865087 5387628 4617261 5489316 4191186 3303713 
3883786 5442127 6140669 5304061 5322266 5811735 5492908 4984196 4483462 2710635 
3973567 5578674 6805278 5685953 5411366 4481350 4946866 4544814 3729715 3751048 
3980892 6059999 6110103 5960499 4426538 6032139 5362415 4978888 4360358 3191531 
4189528 4889073 6327905 5940884 5551355 5025564 5364734 4626407 4113027 3419836 
3898641 4930781 6269611 6381665 5632090 5752463 5788573 4928552 3749380 3495692 
2811732 4616884 5215848 5411756 4474328 5262144 6049638 4790890 3933210 2950214 
2954659 5418423 5483652 5559042 5329589 5350267 4893205 4443781 3835307 2604583 
2326727 3572334 5310079 5919532 4338876 4514139 4614436 4052638 2674777 2945647 
2986532 3745250 5799704 5446002 5137489 5338479 5155798 4173806 2905667 2166365 
2597699 3594411 4073209 5436219 4844127 4616967 5083019 3732202 3474436 2516076 
3055409 4211090 4766075 5372598 4562069 5573473 5102960 4814707 2856282 2805107 
2710877 3482943 3967840 4953338 4613261 5317260 5962248 4650265 4014166 3164908 
2410575 4072768 4215211 4443479 5406288 4357750 6145003 5015406 3920801 2997428 
2281964 4813290 4795145 4527759 5081571 5629555 4869985 6182874 4278294 2948232 
3272979 4732806 4811525 5186196 6085090 4500200 5741224 5090572 4120144 3577418 
3658109 5210207 5087004 4795191 5907998 5746836 4616563 5431101 4480584 2319953 
3159481 5110936 5897176 4816363 5370160 6104646 5733931 5610694 4360039 3211236 
3942856 5124930 5866123 5817870 5000397 5631956 5668331 6266625 3593355 2782711 
3470483 5276782 4343845 4994990 5348696 5134398 5495067 5249439 4898656 2557586 
3332485 4338478 5479039 5010828 5261880 5093385 4017228 5244091 3628815 2606896 
3222243 3983201 4968698 4736780 4004454 5196524 4779278 4383558 3723348 2668144 
2685648 4480819 5236125 5527878 5938338 4076107 4797080 4576706 3276445 3033953 
3287009 4395385 5054835 4614416 4455631 5154059 4772222 4033791 3652331 2373444 
3438257 5164776 6108948 5098224 4957611 5862446 4476439 5458617 3789600 3021386 
2949059 4566206 5591268 4982208 4702324 4644174 4990647 5156049 4243209 2779018 
2970424 4524056 5339957 5711834 4719363 4809261 5570705 5632037 4275366 3623164 
3094916 3994645 4497023 4137035 4292010 4571469 4799720 5128972 4322914 3228994 
2600308 3488779 4135505 3894866 4249657 4266782 4891120 5383681 4401123 3516761 
2566477 3408290 4362142 3937781 4103990 4839447 4548605 5568620 4504570 3648620 
2088779 3078106 3370375 3749746 3500211 4203445 5344406 6115184 4657140 3643242 
2704657 3108834 4915577 4138234 4211284 4808316 5052126 5057912 4772938 3260349 
3169627 4452239 4026241 4991568 4618410 5457883 6050342 5706540 4457466 3746454 
2800555 4595267 4989374 4182746 5350476 5199944 6296373 5857700 4582296 3656921 
4061760 4268174 5129753 5422340 5484043 6062277 6835991 6264502 5192514 3851560 
2300550 4625086 4647489 5413892 4718565 4466756 5796932 5559367 3861069 3845430 
3488827 3901706 6209825 5789146 5958785 6632201 7198025 6288163 4559991 3278447 
3505893 4591206 4774989 5298523 5531027 5364582 5176237 5114097 4186140 2778625 
3455522 4531689 5333552 5055881 6109865 5942741 5870784 5345537 4620681 2548379 
3535500 4649934 5361602 5753935 5076447 4863355 4704143 3879472 2941741 2909983 
2826164 5236179 4864842 5400019 5898013 5673639 5252152 4432833 3945479 1941678 
2818368 4384761 5082759 5138818 5335653 4604146 5290258 4898490 3517267 2787297 
2997385 5348436 5544402 5423988 5056011 4860415 4017237 5199780 2750990 2203603 
2689995 4180586 4351589 4649416 5537595 5116638 5525494 5675289 4677430 2478222 
3432940 4461700 4869561 5241428 5706797 5600131 5380046 5412299 4244059 2827267 
2950091 3477359 4491778 3917759 4460972 6194250 5531152 6029145 4743348 3381996 
3581971 4415604 5236138 4788018 4911038 5416795 6505728 4931695 3843720 2996653 
2244907 2929476 4153348 3738908 3655798 4525165 5937256 5062670 4402992 3107457 
2329408 3557242 4029793 4701817 4287073 5230669 5531394 5943125 4503055 2975651 
2424899 3231640 3017887 3642369 4571680 4286562 5042524 5441439 3979161 2836275 
2643917 3734595 4580774 4732135 4498924 4957887 5618298 4752447 3762850 3123496 
2601631 3548008 3492044 3872518 3665631 4402303 5019770 4764116 3442374 2046892 
2874234 4679950 4917497 4981222 5214626 5187126 5005444 6372730 3710202 3385501 
2607952 3310108 4298500 4236739 5219449 4460397 4649385 5072699 3425268 2376040 
3040143 3775058 5930742 5034481 5313448 5601678 6041836 5039664 4385279 3201758 
2905639 3680820 4583046 6001904 4957284 5451925 4674419 4980464 2755315 2229211 
3177443 3618120 5361538 6324195 6343474 6551691 6280001 5579125 4589086 3017289 
2807004 3957434 5156897 4743642 5660345 4601201 5267900 4277459 3224793 2699292 
2197265 3738152 4959010 6129831 5192527 5634395 6376211 5582500 4395218 3204225 
3428202 4489274 5446341 5115241 5226168 5610073 4645047 5723718 3822276 2718246 
3313266 3724016 5655087 4899267 5399597 6381199 6029983 6468992 4909062 3894799 
4139389 4376598 5267816 5553282 4387423 5577495 6106061 5124241 4868139 3289258 
3784332 4780426 5352722 5758198 4474368 5566566 6210650 5867898 5128839 3918939 
4266378 4893448 5234375 5571781 5373925 4697567 6049587 6615935 4722272 4018161 
3779792 4477131 4626731 5293133 4141072 4975762 5957099 5311996 5093579 4001766 
4113301 5955229 5931739 4589861 5184590 4581583 5006234 5688511 4270294 3232040 
4137422 5004283 5819271 5811132 4784430 5765759 5881735 5926020 4488267 3308994 
4433150 5053986 6146992 5504618 5728735 6038347 5940510 5763783 4875607 3313826 
3279767 5433212 5974605 5514785 6165389 5938832 6200385 5528621 4484163 3525910 
3914137 5732216 5807204 5968287 5565621 5367083 5371524 6192514 4189018 2948171 
4411504 5274257 6353019 4773292 5622928 4686210 5181232 4702781 4042539 3284539 
4016168 4538964 5729995 4789160 5190176 4032079 4104210 5573330 3575652 3267356 
3973111 6279322 6580381 5505927 5357725 4942135 3763231 3743562 4104869 1757842 
3583950 4696195 5525768 5741713 5603600 5037116 5070890 4688936 3515928 3079156 
2949447 4770611 5143329 5033560 5929838 4950524 4507418 4715895 3216974 1923799 
2615940 3393303 4729514 5081077 5838219 5805546 6460967 5447501 4133876 2086717 
1769478 4082758 4382581 5109334 5127945 5733723 5945522 5207006 3902736 2644804 
3163159 3787136 4426679 4643075 4845364 5123467 5033203 5781110 3782700 3039478 
3293363 3832475 4003975 4307795 4774011 4605994 5190497 4958578 3833253 2327256 
3629018 4034965 5460145 4837223 4284962 4774727 4876893 4986974 4130709 3141712 
3167181 5089294 4559619 3944796 3227303 5706276 4823984 5547616 4282551 3251115 
3338849 4204513 4592182 4487791 4432424 3799539 4937279 4678686 3580309 2816817 
3413008 4077338 5212915 3998432 4632445 4681811 5445955 5475915 5113114 2642362 
2563921 4267233 3900800 4038400 4351221 5016864 4461200 4945979 3447145 2610178 
3199351 4814441 4337450 4382009 4445020 4908853 4994196 5010654 3780438 3280025 
3655081 4928849 5002155 3690797 4192436 4102959 4643753 4593461 3916014 2384413 
3621081 5439549 5585276 4974990 5417352 5058723 4321757 4767978 3540316 2775639 
2915005 4979159 5447007 4572775 4383913 3786405 3090969 3948884 3131467 2841858 
2929314 4614420 5953542 5628400 5598354 5840662 4217810 4392867 3193139 1915124 
3312898 4047985 5339849 5105909 4535669 4428692 3561804 3406853 2631332 2047730 
3516283 3572559 4894409 5984638 5726432 5275690 5016152 4249464 2986189 1559293 
3441720 4559971 4576454 4239090 4725852 4310618 4042533 4413025 3056625 2300466 
2998519 3898406 4462057 4601646 5096449 4587654 4769190 4493846 3916196 2647071 
3517425 5047928 4619674 4522121 4157191 4379802 4307080 4706255 4171812 2352694 
3376913 3755851 5230994 4178738 4402317 5154362 4294614 5780554 3437759 2929281 
3740388 5288582 5164225 4484931 4934284 4091681 4789638 4447917 4214492 3239613 
3543229 4688615 4629673 4730183 4659979 4830860 4574674 5002754 4894571 2227207 
3973913 4941863 5932491 5242130 4175881 5763388 5101960 5530902 4184172 3827030 
3470895 5038993 6016960 5011948 4770980 5635855 5893820 6501722 4738268 4153394 
3213729 4042915 5285878 5544278 5520163 4929820 6643895 5749507 5771966 3469921 
2986658 4274447 4426203 6086644 5467558 5262891 6015521 6319844 5092847 3949348 
2728830 3302715 4546773 5542941 5715327 6378334 6052590 6571452 4721675 3561860 
3778098 3994562 4828174 5676935 6594226 5631165 6121471 5775275 3561942 3032166 
3041104 4122640 4239477 5568901 5611322 5306774 5824746 5509721 3485130 1667774 
3768921 4680285 5936365 6718611 6062286 5881329 5761168 5596745 3086487 2585204 
3171842 4817817 4109853 5664383 5820861 4862633 5160554 5402963 3126226 2852201 
3153508 4753650 6036817 5529264 6579140 5330893 6206437 5210146 4545186 2950558 
3539857 4261241 5170603 4429304 4475602 4807286 4967362 5647495 3838357 3640331 
3123028 4988308 5589126 6803948 5019242 5407114 5779520 5511339 4605901 3781213 
4044509 3836773 4878409 4231017 4651693 3714952 6059482 5225594 4626525 3778770 
3155835 4029191 4908285 5424956 5168624 4306307 4956504 5950271 4125024 3472814 
2784621 5058432 4398522 5642041 4978128 4194014 5507263 5971325 4017403 3339282 
3613531 3456674 5169939 5034955 5420900 4551671 4741952 6101907 4082633 2998525 
3566524 4062150 5827257 6148145 6504935 5912435 5103202 5899528 4853724 2739255 
2696506 5240948 3947822 4702786 5731927 5626854 5837793 5766553 4297858 3521002 
3985293 4194814 5069912 6103928 6180131 5849822 6144554 5472830 4741114 2828804 
3377685 4344946 4485304 5045708 5011946 5717186 5992436 6106331 4641831 3484184 
3258110 4456688 4855844 5427548 5484241 5550312 6027469 5995241 4245573 3460803 
3340965 5497120 4057324 4893772 5492489 4827826 6028088 6827632 4953794 3661189 
3564998 4061230 4435194 5132380 5711793 4818111 5663228 7004712 4710166 3127482 
3137509 5024124 5117715 5074544 5521369 4359554 6591874 6130782 5080055 4173715 
2901097 5325788 5286303 4868121 5487234 4903351 4003732 5980219 3928806 3016420 
3590170 4629367 5040429 4618382 4841641 4893985 5124224 4780972 4609438 3163292 
3131129 5120083 5818054 3671147 4722743 4448595 4649621 3857635 3055020 3209036 
4507455 4865573 5695764 5453429 3636403 5561654 5226387 5469044 4737162 2625267 
4065479 5145309 5933625 5878967 4441107 4290005 5460832 5625131 3903357 3213678 
4778734 5124853 5956649 5191594 5294193 4825749 5907793 6261346 4785499 4170847 
3856752 4882477 4977255 5564893 4357490 5109279 5230373 5194938 5031538 2582260 
4581016 6201101 6186419 6007173 5754574 4655594 5143125 6845309 3651236 3865175 
4010452 4976564 5982674 6245817 5527324 5430488 4962559 5162423 4123112 3358069 
3711452 5587110 6003571 5994971 5636232 4432446 5329508 4214968 4356235 2608748 
3525577 5538118 5114763 5909637 5594494 4523010 3869609 5325274 2550204 2844833 
4001923 4842403 5631676 5598889 4788962 4932273 4581946 4295979 3817206 2435599 
3371714 4915005 5107917 4072306 5754979 4342291 4224460 4351326 3603665 1916173 
2196279 4587800 3889373 4312795 4768573 5254419 4124370 5297352 3095914 2409410 
2854490 3569341 4655874 3753583 4264372 5104752 5179773 4201537 4018792 2794792 
2039099 3423125 4814688 3329206 4757804 5246516 4696139 5402175 4079496 2457218 
3149907 3790358 4146500 4493202 3816552 5219329 5368914 5250726 4187245 3388005 
2407163 2894188 4044516 3309484 4133193 3892619 4719573 5238644 3981113 3632459 
2557043 4363827 3737720 5389654 4321801 4600141 5455226 4468672 4149889 2854358 
2305455 3935944 3885860 4872360 4835156 4852024 5440186 5078410 4279459 3847122 
2324350 3535356 4747676 3990330 5296058 4368298 4661694 5283678 3855224 2932287 
2321095 4674505 5144491 4296852 4941356 4606636 5382987 5110681 4082457 3733679 
2931502 4248504 4447610 5286846 4156935 5486458 5548428 5309777 3969465 2952780 
4262141 4849818 5458054 4524887 4696827 4798459 4441342 6037912 4629881 2994406 
3014383 4278895 5552098 4778540 5217195 5601247 4668960 5112746 4719435 2859059 
3647179 5578178 5109669 5360557 4550805 5154913 5138766 4910648 4551717 2703685 
2477612 4667901 5974995 5613461 5601022 6227889 5017550 4416072 3804092 2737660 
3359418 4106647 6080870 4660125 4693252 5425026 4503502 4943814 3624459 2695222 
3446512 5599951 5644154 6222761 5677445 5061475 5386436 4122630 3315549 2526393 
3838169 4652224 6288387 5251573 5085504 5022385 5308596 4982349 3385235 3670301 
4741683 5155837 5934752 6881033 4959650 5431760 4544802 5317078 3917728 2671879 
2829589 4592357 4891635 5265927 5523141 5149443 6124285 5391869 4570783 3605486 
3652152 4937429 5408727 5313058 5336291 6101057 5956352 5749804 4599628 3435745 
2077415 3542512 4986069 5232390 4977889 6562508 6946428 6164429 4713169 3560581 
2248124 4129895 4404694 5054993 5480611 5522124 7145448 6355884 4331236 3626061 
2204204 3508182 4409349 4522883 5219962 5898049 6297777 6477067 4758209 3451308 
2886335 3405626 4316498 4646339 5565809 4976337 5838701 5842805 4219748 3582999 
2164939 4275484 3984605 3799526 5247886 4791490 5392066 5806814 4575653 3145978 
2950022 3209134 4377425 4889404 4939927 6047660 5394514 5816281 3777727 2917024 
2865100 3728287 5371073 4889554 5320370 5218889 5373826 4987503 4351357 3319034 
3471549 4525026 5104859 4990101 5928534 5570510 5554102 5424834 4145359 2185261 
3786607 5580853 6742682 6263409 4756008 6280444 4743788 4550588 3749375 3075226 
4506530 5639502 5813921 6653898 5539207 5494313 5937505 5232804 3771081 2713961 
4099724 5518333 6838354 6158872 5271024 5280831 4678042 4107915 3479789 2117002 
3974996 4869803 6352464 5320428 5376420 5159276 5321363 4278993 3420064 2850406 
3352784 5364988 5079278 5975945 4993170 4363850 4508173 3523953 3169441 2099836 
3713719 4811641 6043899 5343186 5416035 4750503 4137245 4859684 2404698 2731661 
3486316 4097820 5754607 5611946 4938992 4155197 3407453 3629881 2288391 1674097 
3121523 5577997 6221743 5017890 6254328 3879673 4202845 4011928 3436701 2424539 
3318297 4824428 6283619 5055803 5027646 5759319 3673172 4097677 3353820 1840220 
3868139 5473261 5242321 5398169 5038992 4319785 4543473 4438978 3067848 3111331 
3922608 4200637 5300830 4688983 5760807 4954631 4705574 4117180 3353943 1748040 
3623981 4483393 5530682 4971592 4506031 5223486 5039135 4256960 4004610 2732391 
3565900 4931889 5610000 4985029 5895059 4963623 4462268 5137776 2777521 2159226 
3234378 4159088 5542804 5433445 4572133 4679734 5203869 4213991 3543838 2086355 
4085658 5373363 6255966 6605562 5292962 5143697 5239536 4483294 2966099 2046020 
2641486 4715009 5762108 5133289 6226863 5325107 4668709 3962042 3276520 2249979 
3228061 5239460 5567789 5649788 5724217 5397732 5283846 4388077 3716161 2040102 
2290771 5085643 5033170 4879034 5704963 4829482 5157310 4388842 3189148 2713905 
3283216 4122713 5949814 4603901 4904248 4827458 4621485 4897084 3774852 2735736 
3349497 4505243 5014165 4991946 4859406 5140248 5001802 4584850 3798174 2523804 
2879269 3821601 4821547 4001088 4691369 4534449 4416212 5902741 2811723 3090195 
3275360 4232755 5235721 4958635 5037795 5680488 5189986 6126989 4646614 2259122 
3128646 3800345 3845586 4604244 3985068 5260440 4862694 5423809 4652316 2887008 
3505928 4025324 5664323 4524086 5372824 5951893 5271362 6230319 4578643 3471850 
3740927 4606835 5181064 5049402 5182745 4843641 5581379 5054885 4424609 2426381 
3696137 4474281 5242779 5025035 5527966 5548303 5623578 5988433 3709793 3135261 
4480316 5137018 6471204 5735982 5708771 5228150 4031057 5146526 3513439 2272037 
4274148 4132121 5938067 5143614 6000133 4753325 4994353 5176426 4199024 2414728 
4006938 4936547 4926637 5237981 5197825 5062103 3899214 4574037 3246484 2518393 
4095719 4947808 4858883 4770566 4588298 3961413 5287459 4781297 4219199 2727626 
3678456 4855538 4867638 4295953 4540579 4348768 4753430 4192521 3356643 2581374 
3626402 4788344 5844357 4557347 3624570 4463570 4976288 4796760 3933613 3236915 
3255756 3888472 4840909 4597678 4433606 2967276 4349214 5033151 3568326 2345667 
3255744 4542949 5357677 5531488 4039467 4190957 4604345 4151785 3743214 3005817 
3827656 4409476 4258411 5186133 4006928 4201545 3680554 4877633 3214902 2326920 
3538818 4384487 5641460 5076837 4949841 4836481 5167334 4581325 3745564 2727641 
3092652 4150243 4485445 4740452 4175070 4385411 5100425 5012282 4006901 2622415 
3386470 5252088 5324685 5235133 5532249 5829296 5867856 5898884 4640337 3426025 
4240472 4485327 4883603 5306027 4883578 5150635 6407087 5697027 4355983 3711917 
4184487 4895201 5625506 5610943 5928123 5703592 6968092 6386145 4591686 3686827 
3307759 4494749 5850274 4585460 4960784 5123811 5004462 5650470 3593789 2661409 
3389286 5889750 5319582 6351002 5920291 5737065 6415468 5614477 3157082 3219553 
3731770 4123426 5855397 5153825 5342031 4910608 4236230 5321611 3600862 2316242 
4674083 4711000 5156011 5301491 5696964 4969346 5320269 4543775 4198015 2386728 
3491002 5055759 6144146 4440793 5244743 4510556 4001636 5229377 3090713 3127801 
4689883 5284474 5599748 5765996 5137687 5676605 6060412 5266790 4638036 2672523 
3239730 5436409 6032094 5365262 4828687 5246679 5210535 4849653 4620796 3481495 
4071622 4667860 6830551 5622562 5471447 5673730 5244817 5390055 3686868 2498083 
3257749 5858861 4954893 7024532 6422526 4922417 6058383 5498249 3523706 3041725 
4236680 5332503 6564751 5935144 5767370 5344610 5059004 3701903 4195708 1989727 
4507337 6100429 6562136 6064836 6459198 5898663 4633944 5691335 3571204 3098949 
4648868 6570502 7495454 6297903 6688229 5614162 4632471 4490678 3286868 1722663 
4283118 6080523 6339231 7096936 6429886 5787217 6511311 5623505 4662617 3233883 
4303325 5866566 6552677 7063557 5938184 6883218 5563966 5615081 4015859 2854956 
3724747 4827206 5594694 5762371 6732539 6170103 7459654 5879858 4753666 3500922 
3074067 4441536 4451600 5270503 5862728 5755772 6334795 5986615 3867899 3168546 
2747855 4032343 3888347 4374340 5660138 5925882 6079916 6706413 3973570 3016641 
2264957 3673171 4969727 3921790 5327354 5872632 5793654 5946756 4165533 2383411 
3041318 4183791 5094054 5593707 5631455 5345607 5208347 5821862 4236697 2567999 
3424588 3706990 5215946 5864502 4919197 5749986 4795576 4419158 4044767 2475464 
3915535 5129519 6016999 6156490 6105700 5146888 5147871 4073729 3972148 2227911 
3270832 5644260 5775705 5133401 6400128 5027579 4246996 5166795 2809811 2646206 
3418655 5224480 5407144 5606577 4796910 5487251 5742348 4195412 3399381 2655558 
2974127 4515902 5084004 4936140 5188424 4336116 4871049 5129807 3692999 2462335 
3009677 3909364 5096535 5196616 4664645 5960759 5592350 5743912 4402058 3355169 
2603487 3940759 3677705 4547173 4747296 4889613 5661653 5485387 4489249 3407441 
2761402 3677622 4595024 4348164 5233519 5241686 5859577 5995157 4439452 3588233 
2361233 3823828 4416687 3866272 3911967 5367687 4968141 5860991 5051476 3493528 
3326460 4768498 5304219 5082610 4266250 4833035 5020869 6148856 4261630 3369831 
4362212 5340411 5938623 4505607 3991959 4090368 3894498 5672205 4183129 3542760 
4988203 5598729 7161299 5576320 5441861 5377051 4683327 4981632 4921325 2911012 
4247880 6360592 6269869 4857626 5155065 4501581 3744845 5963794 4858632 3568881 
4359081 5360750 6195057 6193743 5343736 5792349 4539258 5307778 5134511 3358118 
3718687 4407689 5582994 5435283 4456528 5472229 5006075 4822297 4936521 3481154 
2822013 4268564 5386684 5598267 6225862 5768973 5993731 5553609 4171025 3158524 
2543010 5075384 4055172 6375262 5807787 6326951 6016063 6041024 4413173 2870096 
3296167 4248364 5642900 5985076 5984717 6378277 7063393 5337906 4119846 3124865 
4128994 4901964 6408941 6269651 6941390 6708466 5870957 6067076 3713593 2901172 
3521009 5274369 5741483 6081578 5356727 6322057 6030386 5431597 4217188 2345196 
3350776 4696933 6394116 5908428 5567531 5122263 5568889 5229222 3735752 3252503 
3129805 4134787 4897069 5325795 4710975 5087471 4612650 3975573 3499352 2089127 
2686170 4397978 5110080 5293569 6053573 4922430 4946428 5080777 2962653 2109928 
2882003 4278090 4023196 4827752 5897143 5393730 4857114 5107212 3438740 1594968 
3238346 4754068 5079953 5222612 6038934 5720117 5375553 5056207 3604988 2339422 
3005546 4042778 5230661 4211842 6409239 6301342 4791446 6029475 4158860 1719156 
2396659 4550929 5003336 5321684 6330958 5942111 5768557 4614468 3882438 3066699 
2827618 4013244 3924496 5183468 5431710 5788563 5412632 6089980 3669004 3163664 
2553148 3574898 4614830 4920093 5244779 5449108 5253658 4157518 4189974 2586443 
3333641 4724262 4713805 5036026 5513638 4769843 4971777 5654566 3342218 3587691 
2737806 4507632 5225464 5821410 4789386 5812419 5201059 4669628 4005779 2675505 
3027602 4978213 4931405 5623896 5940299 5405870 6547087 5367842 4670781 3132768 
3349589 4020835 4696691 5581605 5066378 5584795 5383297 6055470 4203199 2912254 
3588241 4304263 5048662 5773170 6058755 6209053 6226626 6249842 5159538 3210519 
3234825 4370647 5166061 4506785 6066911 5201321 6067663 5610387 4547265 3105564 
3138868 3749063 5149295 5020750 5156756 6547633 5116403 6673254 4594403 2695279 
3021198 4301249 4529811 4932608 4592101 5561902 5424867 4187923 4205972 2947853 
3224298 2998289 5623675 4537754 4969942 6071320 5102314 5347905 4212926 2773644 
3343264 3436286 4974993 5733779 4343305 5317815 5880411 4969389 3625593 2616260 
2893246 4330214 4034911 5472430 5623040 4552783 6355641 4881398 3272934 3139896 
3807455 4513957 4684461 5465068 5935842 5462632 5245882 5070597 3943032 2627365 
2621904 4038411 5074038 4792368 4973703 5487119 5237731 5271802 3644620 2981799 
2612573 4406153 5380309 4429927 5592158 4882530 5459104 5274394 3972728 3439442 
2084193 3820384 5483132 5197794 4753302 5210058 5293349 5149185 4814957 2804303 
2872395 3353620 4894386 5690419 5150446 5056193 5299910 6272361 4287536 3157751 
2277093 3564974 5693713 4896627 5986332 6000462 5342377 5719372 4502347 3333708 
2537626 2666466 4545994 6005116 5932092 6013642 6191337 5374854 4313128 2777628 
2667245 4666097 5383939 5816627 6465232 6427479 5779363 6028634 3718717 2975712 
2907732 3969933 4984190 5342682 6329405 6187280 5883698 5598363 4121853 2939315 
2927781 5381405 5285026 5169314 6303504 5772613 5420331 5866666 4852732 3151206 
2777379 4487701 4935053 4131918 5348215 5792627 5725474 6059125 5007758 3442197 
3418287 5018096 5506215 5438520 4994250 5412460 5251075 5481765 5114200 3607494 
2977541 4440237 4949679 3543613 4613076 3904582 5260159 4979260 4403238 3533753 
3009727 4700204 5129007 4329359 4878266 5158219 3766803 4738417 3872506 2615600 
2469782 3849315 3705604 3735558 4169431 4795581 4615921 4523162 3816211 3000803 
2870705 3412389 5290191 4012479 4688111 5912318 4672150 4896364 3520632 2458005 
3124076 3605372 4658704 3849585 3539290 5044561 5528644 5194022 4865345 2599871 
3068639 3767031 5350389 4199475 4657930 5082725 5691310 5031037 3649038 3348607 
3607025 5377409 4931922 5474030 4045066 5079508 5183428 5480473 4728651 2983492 
3157612 4931203 5354334 6120777 5528140 4247863 4977284 5312980 4204705 2986929 
4401015 5309557 6301456 5458591 5909654 4316766 4369560 5431055 3681038 2997672 
2802965 4667426 5538307 4817854 6085453 4169904 4358680 4530292 3725873 2452444 
3791046 6061486 5882990 5074177 5396724 5150914 4335168 4707303 2757818 2795254 
3454787 5676671 5504496 4742672 5600875 4112976 4287538 4931550 3232280 2195665 
3955513 5550374 6230347 4705680 5850774 4808841 4766428 4828634 3570375 2678810 
3004677 5242106 5354823 5199378 5384210 5551838 4562604 5976678 3915565 2809105 
3357692 4824305 5652677 5415229 5082061 4513986 6136618 5711275 4660403 3476840 
2738594 3939434 5146373 4711191 5077994 4924674 5183039 5421996 4435674 3219445 
3108382 4375766 4762471 5540115 4416420 4395326 4889439 5248304 4446833 3141224 
2676420 3980108 4777574 4864378 5469698 4082767 4079221 4723813 2751371 2610117 
2882217 3891763 5686401 6000617 4846010 5156014 3765606 4472199 3284193 1959415 
2593262 5237173 4573172 5265064 5847582 4359300 4418178 3924570 2244557 1799861 
3133091 4799700 5854781 5357083 6185504 6013883 4889472 5181529 3381463 2615436 
3602295 4229209 5444264 5385851 5708520 4778403 5383539 4754634 3669436 2308528 
3464093 4517852 5728921 5896093 5858175 5863102 5490996 6338180 4125354 3062231 
3462798 4997314 4847259 4649050 5410106 5145243 5303546 6265493 4622345 3116431 
3928191 5325661 6034839 4770473 4956718 5063574 4471081 4572737 4243455 2788248 
3988547 4912843 5176180 5439404 4500859 4355953 5119983 4388505 3900668 2580314 
3671862 4292240 5907075 5646783 5145238 4473897 4616142 4549807 2769481 2532793 
3787622 4281356 4747944 5677011 4728890 4592291 4658899 4368293 3276574 2557835 
3298468 4587386 4557320 4884347 5295504 4212376 4024575 3800191 3019118 2205659 
3645606 3423045 5290601 5485031 4915379 5051068 4236217 4219071 2390238 1826899 
2786632 4569090 5285359 4660192 4085542 4045077 4254883 4167661 3302493 1784884 
3526638 4383043 6461138 5178796 5704763 4566229 3838536 3952577 2268217 1900914 
3469460 5225169 4079874 5209686 4224442 3497107 3132069 3247174 2588876 1986087 
3712095 5130069 6290852 5796566 5693533 4341420 4615761 3128475 2860085 1704633 
3715829 5575804 5058821 4705445 4619739 4455651 3242649 3995636 2366516 2752877 
2761773 5566253 6090190 6068413 6211859 5178229 4861682 4365110 3577968 2187756 
3111366 4770271 5217737 4678929 5317376 3918111 4916566 4293381 3314307 2283010 
2168891 4413557 5748389 6430607 5653236 6296497 5480230 5486274 4090835 3192874 
3059523 3904331 5062370 5758549 5605944 4767325 4539869 5697227 3697259 2303014 
3141804 4115759 5179547 5932788 5846823 6075167 5860220 6009079 4668364 3055557 
4262974 4659474 5613627 5826498 5133839 5113540 4642671 4889068 3538668 2615105 
4726342 4899663 5062263 6474862 4988963 5702153 5005132 5742593 4677548 2595438 
3917087 5825289 5738345 5879811 5695590 4821609 5822540 4582812 3324549 2891023 
4088214 5068816 5031335 5604171 5245841 5739543 5668321 6246607 3959670 3416276 
3358423 4733362 5427783 5449891 5906852 4612948 5069090 5699582 4160673 3031162 
3367078 4463486 4927904 5399654 5729314 4981408 5666167 6526399 4708159 3292827 
2838563 4908259 4000936 4549201 5467789 4626854 5067558 6014363 4619026 3944946 
3457518 4555575 5078779 5022015 4749720 5066823 4833005 5563485 4088930 3076751 
2868966 3894355 5135542 4553708 5077118 4542359 4660221 4126685 3486154 1963646 
2904548 4407668 5171902 5319470 5947948 5887406 4038833 5398374 3369592 2358463 
1980758 2708034 4564274 5082917 4984417 4965798 5175375 4811310 3371008 2503613 
2686766 4585133 3952257 4950321 6144894 4771410 6017031 4974141 3587593 2785645 
2648313 3316803 4029317 5108085 6044970 5239921 5191915 6315177 4098787 2557545 
3091942 3981426 5057686 4678069 5265881 5477852 5942762 6381535 4252775 3464407 
1959464 4027839 4168001 4079206 5854589 5055868 4750307 5542069 4092611 3055339 
3353135 4429394 4376237 5322456 4727527 4360410 5574283 5084508 4566479 2563779 
3873078 4323676 5246619 5195863 4631691 5702894 4762662 5215301 3919016 2650012 
4811486 5626770 5765775 5420603 5068067 4306065 4528837 4736158 3690028 2589792 
3964178 5031037 6079457 5579041 5614651 5991560 5549414 5011743 3770319 2684463 
4483308 6386521 5776616 6903960 5127041 5900204 6006855 4387044 4074099 2778844 
3022892 4543598 5943245 5097624 6281649 5383064 5866031 5479294 4035686 2930323 
4239519 4984579 6390749 6409138 5809270 6059137 5208901 6051534 3365765 3375667 
2149243 4782487 4782991 5232940 6105359 5465135 6185388 5127657 4244994 3059940 
3597698 4905320 5518952 5866377 5155893 5175790 5213751 5808309 4422091 3012173 
2746921 3990134 5900971 5919403 5186740 5826188 5328884 5119077 3635900 2791890 
3111981 4344845 4826175 5523212 6259454 5365142 5986827 5358458 4524940 3771620 
2976358 4907279 5639269 6252599 6937838 6166072 5433996 5756584 4402437 2454404 
3789827 4195605 5295867 4920960 4955216 5221561 5297715 5868124 3875685 3352404 
3420673 5835813 5776821 6214273 6788326 6249336 5576132 5563699 4429510 3432911 
3284487 4926483 5676436 4954738 5883784 5801269 5761267 5726408 4773193 2491236 
3282197 5517462 5547874 4912504 5667555 5725998 5010120 6334978 3604062 2709423 
2592597 3680470 5492606 5223946 5359345 4947586 6275966 4709568 3568800 2621660 
2703006 3957642 4444025 4406941 5022768 5146988 4785117 5132149 3002430 1736911 
2294992 2802569 3301220 4710690 4311738 4742507 5966920 4956650 3311198 2553986 
2826652 3369938 4615815 3601866 5286603 4751638 4852166 4675348 3527142 2386315 
2018504 3406733 3272269 4995719 4318218 5035681 5840818 4704648 3513150 3235853 
2963168 3596058 5094436 5059703 5488209 4846023 6024270 4740636 2956206 2818767 
2842649 3196793 4503323 5457685 5203285 5138981 5367563 4002926 3506975 2412359 
2992476 5349812 4758035 6106306 6087391 5598585 4995376 4931178 3200983 2456175 
3577644 4189926 5556559 5401122 5184786 4362399 4995316 4093481 2817568 2517416 
3690413 4615530 5814108 6556858 6078276 4805941 5080079 4784297 3375265 1594311 
3005609 4703604 4624762 5408137 5031717 5376350 5594000 5498273 3754056 2741001 
3477792 5180859 5033252 4790282 6534443 5291782 5887282 5821944 3550149 2930269 
3608236 4093310 4666811 5238921 5861095 5313671 6025704 6444636 5044429 2887253 
2350209 4615384 4723046 4189501 5784161 5853457 5699090 6622848 4083608 3432519 
2562368 4705792 4889419 3905758 5564593 5414888 6044284 6118274 4917103 3421640 
3120039 4462287 4806044 4823702 5361717 5005037 4816287 5852296 4365615 3009784 
2682349 4531802 5028625 5068020 5257533 5505879 5341729 5812402 4387083 2915356 
2902261 4581644 5213207 3849980 5643717 4573438 5296739 4533003 3412142 2969716 
3011745 5227950 4923061 5919580 5656102 6003696 5601637 5926809 3736731 2796947 
3408287 4408800 5254586 5565055 5532798 5001780 6716466 5394639 3882379 2753800 
2563278 4692004 5201761 5441191 6858493 5519851 5249248 6465219 3956084 3156758 
2994234 4485616 4743394 5136830 5632380 5275279 5314982 5639741 4586105 2535387 
2807984 3351234 4684578 4686814 5480542 4362212 5312504 4845081 3291665 3359578 
2549509 3375040 4936790 4384288 5009660 5528316 4783911 5132250 4005485 2454620 
2173227 3856038 3854410 5041184 4259131 4259659 4878181 4824400 3094297 2281189 
2626332 4246714 4675816 5266561 5902879 5223800 5584480 5577932 3565720 2955816 
3286269 4633481 5147538 5954785 6150508 6374097 5579436 5359786 4456467 2071871 
2870553 4955641 5686777 5552169 6911201 5756924 5491698 6182174 3903306 2930776 
3399375 5023455 5694715 6411878 6560451 6723721 6661265 5453796 4497042 2791024 
3575974 4625018 5815573 5543221 6238057 6686855 4806324 5484070 4071090 2692752 
3264261 3914139 6223650 4993967 6412865 7091221 6116204 6310847 5054823 3117466 
3723711 4365501 5689100 5926388 6032671 6329444 6420751 5185873 4272222 3066192 
3361660 3972700 5580569 6253854 4800671 7105909 6224453 6843000 4949399 3631202 
3760920 5091685 6966363 5256045 7206866 6199323 6742036 6047122 4056615 2872656 
3438179 3875969 5102321 5949291 5404487 5523922 5759343 6610976 4544073 3450248 
3319600 4689672 5140857 5844347 5501588 5238394 5540678 5413136 4719939 3485110 
3139749 4394773 5121539 4343002 5287409 4715164 5291673 6035621 4094618 3687691 
3173396 4649305 4963037 4852184 5407573 4644951 4560845 5259417 4357315 2465028 
2444259 4675076 4985156 4116281 5335327 5046053 4562324 4894109 4289925 3033012 
2623772 4371608 4593198 5614308 5667985 5406612 5588069 5053469 4048588 2856541 
2989004 3398708 5223765 4487963 5583967 4903404 5198800 4675665 3823319 2423700 
2827291 4135521 4424184 4577767 5440305 5625034 6410861 5171779 3783852 2777280 
3280111 4795716 4147232 4489628 5252322 4500189 3792953 5560418 2665224 2258928 
3639762 3701048 5847125 4526834 4561710 6089991 5637944 5289359 5343565 2884859 
3425961 4516350 5149092 5011485 4884581 4767979 6168481 4199749 4304208 3172456 
3585154 4400036 5062660 5480863 4204215 5447894 4881268 5351101 4203771 3371033 
3012542 4189249 6101617 5288055 5249087 4543771 5096348 4579136 3609109 2495262 
2965187 4789969 4865563 4965916 4834275 4045340 4718862 4798205 3419039 2864850 
2844189 3878695 4584995 4978131 4514552 5459971 4108652 4623907 3605748 2615628 
3827247 4485121 4978136 5434680 4826934 3392437 3922821 4372056 3277789 2609970 
2686937 4988190 4255319 4619144 4801879 4118054 4480360 4341717 3206458 2257289 
2773492 4727110 5428617 4959668 4590286 4123582 3985447 4653119 3837256 2904559 
2658053 4456762 4295017 3511636 5101074 3393324 3465046 4533914 3137063 2258830 
3469307 4559301 5161885 5436923 4933161 5455524 4719157 4688998 3479034 2694130 
3097206 3889144 5509886 4527165 5471513 4816494 4723410 4454557 3000817 1794283 
3112356 3917579 4319810 5262156 5173686 5344017 5393852 5349361 3595449 3097232 
2064351 4003134 4865563 4797160 6169519 6046895 5056188 4577997 3675386 1876384 
3376062 4452503 5451739 5226918 5964527 5952755 5869067 6019962 4078668 3075263 
2928307 4452934 5017675 5413847 6134803 6081061 5106075 4643867 4033907 2126108 
3283733 4176551 6233730 5824573 5426250 6436250 5957875 4698695 4628321 2603839 
3449582 4350739 5128504 5776284 5385524 6122316 5540967 5187905 3681814 2846490 
2912875 4749934 4882925 5398037 6281052 6006714 6340876 5320895 4461952 2856745 
2813410 4020636 5124693 4535323 4323227 4850333 5663250 4999828 3656252 3382805 
3028416 4360285 4042965 4640243 5012173 5668658 5816468 6711849 4788368 3243612 
2842781 4472173 5504869 3589293 5654793 4733341 5036949 5686792 4181675 3304936 
4108262 4008263 5464341 5203170 4189671 5750552 5743058 6017921 4998821 2987365 
3069416 4507663 5687855 5431493 5781092 5639413 5916652 5079359 4024677 3054660 
4027564 3971727 6327934 6075861 5326686 6246546 6219658 6241456 4677160 3376921 
3979199 4712594 5488711 5559058 6882857 5079574 6757864 5751491 4305584 2857626 
3269725 4733786 5361069 5422034 5901915 6556215 5213783 6489096 3941512 3151520 
3923117 4565351 5210166 5972830 5655906 5925079 5779377 5597308 4672057 2507048 
3405731 4098041 6000696 5310594 5706668 6146627 6187767 5983642 4170543 2922179 
3364428 4127917 5492617 5983993 4649284 4809756 4589604 4439281 3819960 2094262 
3841663 4446341 4333751 5870957 4262459 4833466 4528439 5207312 3791805 2610525 
3232607 4355275 4847365 5092254 4821513 3913128 4843806 4915775 3565227 2979952 
3670443 4983924 5320547 5100751 5271157 3546033 4434118 5279069 4536859 2905087 
3243238 4492138 4371315 5736506 5169414 5322609 4981516 5859970 3943985 3415699 
3597753 4163418 5139097 5154945 5984156 4968933 5049395 5366481 3974676 2948457 
3751987 4743135 5869377 5179016 6356986 6422886 6508535 6588606 4491891 3310557 
4107136 5453450 5919753 5939441 4988597 6000193 5555743 5243729 3675874 2306101 
4275272 5123359 6683611 5892907 6446659 6383507 7291844 6191903 5212498 3485498 
4019743 5180621 5628808 4882966 4513036 6061798 4077962 5484516 4052173 2505855 
4050241 5469174 6094087 6641930 5880984 5905041 6140689 5271711 4617600 3418368 
3150199 4172029 5643167 4936295 5455530 5350857 6291560 4638808 4075346 3220575 
3319321 4616860 5674139 6336155 4874957 6149387 6797722 6127105 5242794 3981858 
2854152 3425188 4645442 4698763 5718952 6070343 5921610 6799104 4526648 3554751 
3320852 4549394 5168531 5233518 5235864 5498573 5733044 6862467 4762538 3802356 
3296623 4643875 4663581 4961774 5460459 5419080 5974438 5804497 5351713 3317602 
3897299 4852476 5465712 5254377 4324552 4873013 4479284 5117650 4001192 3499541 
3126370 4795002 5365329 5067037 4199363 4889789 3776508 5202904 4260063 2756415 
4259662 5365285 5441575 4601618 4125166 3599543 3648573 4147961 3922963 2881755 
4018975 4614114 6182216 4862376 4362747 4846140 4000777 4597018 4393834 3757675 
3640448 3862553 5037191 4050759 3298783 4985296 5218352 4092054 4852982 3456976 
2993249 5162134 4747306 4444152 5076504 4814486 5328701 5999492 4489451 3636884 
2647378 4041547 4627179 4597046 4242239 4701203 5797956 5368329 4254676 3851041 
3564308 5365248 5960523 5843067 5437690 6005548 6224131 5411181 4772219 2742112 
2717817 4464659 5626792 4263687 5587272 5003416 4596279 5152058 3659710 2929735 
3766799 5651333 6000086 6047836 5821503 5352083 5562596 5135868 3419688 2600957 
3758481 5447972 5444293 5031816 5675570 5356643 4671970 4381557 3835300 1891916 
3771871 4754855 5205413 5177614 5583167 5328881 4778003 5075538 3092859 3308415 
3908930 5054491 4105002 4669784 4665716 4736943 5817151 4824485 3801873 2483493 
3061464 4856058 5317571 3735998 4764539 4188863 4297498 4956885 3550919 2570459 
3264095 5131402 5046720 4496970 4143970 4516873 4741778 5330969 4354909 2964727 
2853994 4648925 5999113 5672539 5208700 4161486 4739120 4385160 3367082 2848592 
3816860 3854318 4870946 5609671 4424813 4869473 4871394 5027838 4303847 2893182 
3270671 3857221 5323751 5387771 5019016 4883879 5623695 4124966 3306434 2821151 
3396540 4427225 4148129 4478703 5103287 4349181 4440984 5892926 3034135 2681705 
2664641 3884167 4348089 5532727 5807461 5076875 5062997 4472919 3642913 1942910 
2369775 3404080 4994683 5233088 4784182 4981791 4819755 4561424 2845775 2514227 
2208054 3193636 4116042 5439899 5314873 5180921 5011384 4460919 3334323 1634340 
2380004 2907446 4990575 4879287 4921080 5510181 5378124 4247036 3639295 2636186 
2187965 3426090 4260257 4862719 4722420 4974396 4936121 4781431 3362054 2369530 
2930526 4069370 4452162 5552854 4671328 4983374 5268579 5047667 3491535 2710877 
3651890 3306457 4730073 5039045 4067060 5051500 5716377 4950158 3814420 3246633 
3634363 4307061 5074833 4342010 4997849 4085977 4912597 4776445 3313599 2313298 
3881851 5222506 5126038 6544414 5007246 4296327 4619487 5788070 3306756 2940426 
3546363 4483321 4875520 5901169 5763018 4813174 4916540 4807123 3934219 2030762 
3807613 4675091 6403210 5889610 6779904 5656751 4639786 5862783 4215758 2983396 
2820382 4956821 5140302 5695516 6562679 5824842 4928639 4828797 4289043 2170132 
3231019 5156864 5922491 6595051 5828058 6716982 5458812 4775668 4611503 2892994 
3615458 4711723 6480604 5728626 5703261 6167015 5562535 4621095 3277568 2673132 
3437550 4734978 4960125 6069217 5748689 5815160 5165038 5231287 3589541 2682206 
3500877 5575750 5474547 5588495 6101413 5280201 4050481 4298638 3278676 1992700 
3583420 4598553 6347276 5897886 5561192 6023720 5901246 5187875 3905121 3089226 
2911322 4863173 5392387 5262964 5573803 5716551 4738027 4824429 3997770 2213917 
3077327 4261484 5760319 5276027 4975775 4890028 5728959 5752536 4441184 3527954 
3672565 3991329 4788304 5433362 4548994 5364318 5708379 5183431 3489488 3014131 
3928910 4299083 4877317 5412019 5064726 4659666 5170021 5889109 4498554 2899625 
3713510 4657788 4507006 4671457 4883247 4445872 4317257 5574467 4001818 2369613 
3557655 4335365 4584241 5088184 4809997 5574881 4712832 6110415 4258836 3630882 
3951718 4465375 4771722 4173156 5524103 5169647 5853985 5424258 5076963 2658899 
3612990 4166792 5659139 5429188 4884818 5934339 6231964 6146527 5193371 3692421 
3753598 4606091 4653036 4624090 3964367 4643527 4811003 5697352 4855740 3552483 
3541129 4638441 5399162 5536785 5235201 5502832 6312254 5872931 5190061 4132692 
3126816 4194004 5167764 5024343 4390797 4717405 6090994 6029811 4904842 3670073 
4295945 5249786 6765908 6106858 5373924 5855261 6036612 5510523 5180552 3820191 
3388301 4398028 5335107 5854573 5135873 6217389 6143966 5489775 4641927 3711298 
4759064 4321018 6964131 6240658 6092234 6727140 6581332 5659780 4612383 3658587 
3241721 3967248 5356366 5949279 5999446 6600745 7013084 6331618 4265940 2873622 
3408210 4837766 6629539 5755184 6368579 7032086 6791934 6774993 4294772 3274334 
3856634 4774403 6022008 6216907 6259203 6630941 6440212 6518894 4353209 3627639 
3083235 4291845 6481592 5389600 5844341 6040656 6381744 5391381 5498279 2776218 
4574791 5461143 6708608 6597674 4954683 5137102 5275310 5923586 4088293 4011185 
4125104 5939357 6532613 6399287 5980669 5200098 5435289 5611751 4465340 3249941 
5119202 6596107 6999210 5662570 6236423 3652900 5008787 5659493 4256046 3766594 
4310587 6638771 6580406 7565327 5555504 6074551 5093402 4734075 4539974 2530356 
4116185 6037146 6960466 5825593 6242022 5959644 5972981 6409128 4552529 3999890 
4184921 5301461 7032583 7125211 7060193 6458513 6118496 6041534 4532233 2732980 
3056732 5346831 5105158 5957216 5857090 5646234 5981755 5477142 4543132 3146091 
3721690 4350401 5555495 5605951 6189838 6342313 5452512 6368529 3459855 3036432 
3944248 4787854 4787017 5354888 5119477 5045687 5706682 4882690 4997183 2676585 
3412701 5058068 4325441 5368963 4972253 4595504 5453077 6182703 3966572 3043689 
3810106 5230416 4963077 4781442 4044354 4889450 3896288 5083274 3987386 2922170 
2910572 4648018 5318960 4952776 5456771 4834677 5416865 4771293 4513441 3090895 
3546412 4549141 4826631 4545843 5123687 4795553 4273787 5566723 3392581 2304333 
2952513 3473876 5204306 5018673 4489075 5106594 4737914 4655344 3875231 2496700 
3324416 3846648 4625534 5558703 4425615 4921987 5006594 5234712 3160163 3040009 
2766331 3501722 3935886 4861809 5163911 5379632 5388422 4660350 3376798 2118730 
2814892 4169619 4994017 4831632 4725236 4114590 4801764 4458543 3436900 2878305 
3021368 4244544 4576788 4864454 4622084 5189112 5300050 4832889 2958145 2290754 
2884393 3903116 5414013 5000733 5006428 5011282 4638350 5310440 3701255 2912881 
3728390 4000073 4972896 4911822 3906527 4951537 4683327 4496861 3220962 2655667 
3669238 4400774 5946502 5122237 4579872 4054855 4589781 4182694 3864257 2297696 
3844399 4457211 5387448 4896325 4726917 4131957 4073424 4685315 3089252 2670006 
2904120 5095401 4910431 5432984 4672875 4947394 4288989 4578797 3691074 2733098 
3946004 4650574 5244585 4476881 5249660 4299912 4028900 4083499 3818935 2224442 
2402464 4555514 5259243 4435166 5364694 5574023 4685776 5207140 3938783 3332747 
3701335 5325150 5241329 4858253 5110436 4894517 5945986 5565460 4466373 2931210 
2763121 4263812 5245894 5627358 5089339 5694030 5261879 5567913 4288871 3107846 
4345229 5209543 5417076 6419418 4464334 5969011 5856580 5996520 4742025 3132988 
3775657 4241607 5699287 5466150 5315014 5118533 5635003 4658608 3902215 3042499 
4186073 4190313 5732133 5985695 4675862 4846600 5195437 4655693 3439989 3114800 
3408610 5139471 5204574 6143503 5920099 5036006 5806803 4564677 2988539 2153605 
3237220 4675318 5601525 5327667 4413593 4995128 4268031 4718657 3031026 3111337 
4051803 4315602 6024992 5866539 6059419 5139023 5726239 4902396 3230764 2089311 
3151490 4758433 5485871 5037881 5524940 4121307 4555438 4606554 3236761 2297037 
3679185 5143488 5769235 5884912 5976141 5807752 4787052 5095849 3268225 1936131 
3385184 4042531 5050607 5907406 5027603 4213484 4836834 4543353 3345269 2911296 
2999592 5445029 5355252 6131663 5084517 4524980 4263071 3919102 3555077 2114165 
2972925 3136550 5017480 5257053 4519445 4784631 4113324 4457626 4023170 3138488 
2940989 4249702 3928205 4901225 4869178 4269635 4818556 4503999 3145662 2888697 
2384539 2855642 3952626 4342413 4193013 5075449 5725019 5267043 3859415 3413727 
2908287 3845131 4705850 5287163 4472456 4451720 4708472 4550625 3125399 2395058 
2511285 3464626 4348448 6253570 5534989 5277161 5714976 5492821 4517762 2847491 
2866902 4303707 4464933 5899248 5506121 4755336 4749847 4342301 3388723 3043214 
3129822 4073002 5740201 5265618 5546054 5629909 6047477 5395610 3704735 3414408 
2522983 4805714 4844781 5669823 4990139 5202222 4993955 4546998 3656075 2252491 
2579854 4216865 5760116 4625843 5848501 5447248 5047702 6614777 4668797 3458207 
2201127 3604209 4657125 5715699 4892336 6909724 5431369 5380233 4230884 2880232 
3382485 4585400 6032636 5127136 5076791 6169262 5400424 6174943 5025845 3018643 
3534498 3128446 5687071 5828624 5548173 6466405 6149108 5964604 4674069 2582544 
3638723 4723999 5040740 5357241 4596755 5845294 5652467 5816178 4766175 3901998 
3187703 4868928 4060920 4863035 5272779 5791603 4972881 5681221 4855844 2609272 
3948355 4439147 4913756 5341170 5144547 4361432 5831948 5095540 4009990 3839388 
2456559 4459924 3786039 4409264 4522400 5485808 5253476 5537684 4286884 2903983 
3148173 4366087 5020894 5355002 5549733 5609192 5808446 4688843 4497715 2779135 
3392083 4560882 4954120 5453964 5549900 6252719 5339366 5405982 3675940 3200801 
3345644 4629861 6910920 6525431 6960403 6003406 6258950 5077320 3595749 2397498 
3676834 4973885 4956565 6099419 5579583 6453397 5325597 5488579 4200894 2417799 
3368551 5240702 5533626 6556500 6565685 6468469 6401727 5907665 3779535 3499352 
4415814 4361606 5839339 5303744 5003542 5436369 6006670 5971639 4792822 3214594 
3198869 5261129 4567516 4661871 5643304 5868988 6676312 5986549 5271345 3340135 
3667996 3966843 3941076 4143867 3852577 4781445 6250127 6223744 4629886 4160835 
3868695 4921636 5683980 4768877 4532110 4861242 6338043 6621557 5243888 3543173 
2750572 3627026 4777506 4747805 4309997 4803850 5197786 5949001 4431137 3051625 
3273010 5085627 5379395 4964707 5324936 4654696 4993971 5873886 4573060 3623406 
2731904 2740168 4059556 3329618 3742296 4304410 4442760 4372653 3193985 2883861 
3805607 4760409 4376123 5033218 5241549 5143337 5400687 5234701 4116048 3117780 
1974310 4072447 3424262 3148219 3946951 4379782 4157445 4675009 4260923 2432952 
3118999 4461876 4741715 4795250 5493066 5205734 5428888 5648231 3215583 3081404 
1613075 4064764 3921458 3365889 5518352 4586258 4841670 5047960 3906755 2118304 
2433327 4504124 5045933 4722510 6363104 6607888 5717021 5137580 3622445 2548510 
2300408 3795493 4766949 4591023 5421942 5735884 5253537 5887185 3744412 2563807 
2477575 4156353 5666044 5068856 5966267 6127975 5269485 5386981 4189432 2179279 
2565586 3929538 5236310 5910085 5152798 6510332 5395684 6118913 4660638 3630434 
3245918 4387380 5875396 6380098 5924057 5992617 5698941 5460800 5424864 2846270 
2579976 4832956 5610434 6466956 6159469 6594249 6530756 6528724 5470127 4178672 
3437000 4746245 5609903 5763258 6054083 5587626 5820187 6779950 5184520 3803163 
3262489 3881989 5927058 6149275 5860924 6881606 7238415 7196168 6071598 4589754 
2916554 4304944 5428645 4653901 5687281 5900069 5855663 7368035 5002746 4331957 
3732429 4075416 4751950 5246184 5732417 6280575 6829390 6341626 6339889 3905809 
2750683 4406725 4329713 4230648 4366835 5157010 5321988 5938327 5007883 3697304 
3729216 4237690 4943236 4700905 4212988 4998684 4658992 5040572 3805382 3234810 
2790841 4033041 5025124 3968784 3699031 4751546 5223369 4409435 4473341 3133214 
2881152 4344959 5787093 4402528 4649143 4481534 4491300 4287237 3181066 3124940 
3301016 5301831 5323587 6193706 3605917 5368336 4540443 4768696 4304351 2791539 
3769845 4576927 6983451 6431874 5132067 5539901 5063824 4706568 3523251 2452609 
4145598 4342989 5770321 5562989 5687075 4736004 4624138 5949820 3696762 2779896 
4109610 5457162 5737266 6971459 6464632 6431273 6489881 4333013 4580424 2382695 
4295041 4692536 6077021 5983513 4917867 5713089 5207826 4293502 3538461 2532320 
3839637 5826665 6558408 5628881 6768307 5965277 5047738 5511649 2917610 2479550 
3757639 4544956 6237859 5400060 5104507 4695486 5132732 4319166 3077530 2466470 
3465216 4516189 6292058 6146282 5666545 5637570 5528495 4743451 3395722 2138606 
3264937 4223088 5296490 4687127 4405661 4606528 3561644 5071199 3024872 2191857 
2866060 3560638 4996125 4161017 4656522 4139826 3705321 4548559 3911522 1933994 
3014278 4177928 4280592 4492866 4284795 3982519 4372683 4069071 3388299 2587457 
2208788 3554930 4638873 3746741 3936933 4375991 4154756 4859443 3506125 3051145 
2702608 4255197 5069234 4350331 4495125 4563321 3824738 4415885 3844607 2284805 
2542822 3907051 4620222 4533752 4642925 4647472 4765766 5647243 4122008 3400692 
3420700 3776916 5498223 5399050 4718993 5882610 5922983 5054936 4627337 3289965 
3327876 4974476 4887096 4533040 5591447 5749747 5663680 5815441 4928765 3335290 
3305392 4402108 5415378 4967881 5825878 6246102 5711722 5923978 4608430 3108061 
2574269 4002662 4841819 5766435 5633569 5991316 6333174 5900316 3958230 2736122 
1930878 4115767 5134263 4073312 5580643 5710401 4726600 6311781 3886471 2508479 
3577880 3857947 4795810 4623279 4763111 4828925 4672475 4811745 3544246 2824608 
3122685 3728448 5296111 5168529 4662818 4067511 4849897 4419292 3759564 2833969 
3314829 4717825 4672689 4817008 3943941 4271570 4320044 4293503 4133008 3073208 
2973714 4485116 5461813 5902827 5326059 4607160 4517801 5256015 3083256 2963986 
3389799 4471356 5920686 5709463 5753427 4709669 5333909 5043786 3364846 2443434 
2639816 4141593 5719278 6222743 6546190 6478677 6410923 4739739 4113760 2775230 
3536744 4143114 4600809 6206913 5648300 6050894 4887659 4731773 3094453 2092863 
3263024 4460772 5584366 6596879 6374675 6238718 6057435 5153274 3275832 2541821 
2812226 4499858 5921431 5595681 5167607 5995127 5801463 4383675 3756855 2275940 
2759165 4179386 5700462 5989562 5299754 5361782 5121193 5383210 3470496 2653702 
3389971 4179809 5107399 5563926 4908978 5413441 5096075 5228555 3976830 2338360 
3934394 3537271 5693974 6276673 5976222 6443016 6710712 5384872 4802228 3380051 
4106276 4055492 5275437 6035083 5821655 5739831 6413147 7096012 5064054 3271156 
3123673 4155533 5065472 6018572 6113464 6860181 6582474 6949677 5301676 3497757 
4120109 4723330 4886855 5816881 5457806 6504826 6333820 6404789 5013675 3765084 
3779417 4710647 5975769 5272738 6008940 6018480 6064663 5551923 4752232 3429717 
3759045 5140121 4840953 5486144 4853905 5156143 4980650 4954270 3986938 2477437 
3893782 5655692 5480014 5637033 5071906 3891110 4882923 4002610 3517107 2830905 
3909061 4359876 5671226 4881167 4333483 4678827 3484568 3807537 2942850 2291939 
3666016 5520998 5625184 5865514 4911178 4227771 3872122 3904647 3123178 1954235 
3791123 5248099 5066678 5617497 5086637 4084247 4660135 3516352 2360509 2078174 
3915874 4657432 5575929 5016385 5154051 5123793 4230476 5067993 3360613 1814131 
3218855 5548286 5213569 5081540 5738990 4271375 4362400 4539575 2906417 2270010 
3318703 5767872 6225829 4586249 5704443 6051988 4530496 5516057 4042481 2620932 
3908405 4276036 5912726 5012007 4421864 4908714 4564336 3784021 3706282 2448793 
3572104 5005560 5536806 4326633 5234714 4896691 4831515 4843871 4171252 3243193 
3977776 4354634 4982918 4831994 3784641 4757290 4597821 4878908 4146672 2439089 
3537884 4089191 4572184 5050730 4402329 5085676 4699342 5720563 4499019 3138205 
2788213 3755598 3841912 3660822 4761876 4197464 5117381 5518170 4016317 2832570 
3010692 3753274 3888264 5152826 4678640 5065910 5314779 5515663 4529140 2352484 
2789434 3363812 3844694 5205747 4808279 5725282 6116732 5536537 4761475 3139408 
3058211 3135319 3763519 3361352 5672746 5488883 5889698 6623000 4331474 3116900 
2946982 3886263 4462476 4565065 5003706 6469628 6684491 5973919 4756577 3025985 
3180148 3848297 3708126 4642287 4183639 5596508 6331292 6275365 5107728 3129398 
2447543 3116138 4261199 4298162 4494963 5885313 5191739 6063991 4579710 2794101 
2949335 3587683 3948330 4460907 4352871 4745776 5771014 5133915 4372296 3207494 
2463143 3233920 3933931 4772602 4496127 5842672 5253390 4881865 4125987 2703118 
3048516 4233408 4726874 4490922 5094132 4285880 3636205 4708747 2631480 2279764 
2285433 3365302 3698426 4131346 4259241 4813833 4790166 4519876 3794858 2930336 
3625833 3749136 4841177 4996428 4157459 4306267 4927790 3426111 3496017 2326302 
2895370 3710059 4311707 2798730 3761479 3724107 4748154 5661794 3545128 3289448 
4093589 4602903 4485089 4847492 3060377 2898438 4692607 3872465 2923121 2572049 
3585878 4677871 4162553 4110476 4466994 3441193 4333640 5028214 3507032 2351354 
3883919 4502385 5014262 5136705 4533367 4116999 4645506 4861371 2985414 2475255 
3976064 5264880 5243879 5234219 5581668 4051540 4882029 4069799 3297813 2652123 
3814093 4620152 6091898 5623014 5283960 5388205 4547458 3871551 3221471 2524286 
3302472 4618773 5976202 5981062 5779121 4801285 5591383 4607073 2643836 2595527 
3397911 4595210 5838256 6158323 5559364 4855288 4984351 4586351 3693960 2500730 
2698758 4273294 5536190 6364795 6235878 5144304 5262803 4973564 2903070 2228134 
2815651 4607462 5232204 5697499 6037698 5526132 5662137 5731135 3412328 2386963 
2723883 3918683 5148426 5657633 5919110 5955372 5897338 4338183 3620486 2037235 
2753678 4023113 5564988 6054123 5966042 6624558 5568724 5361359 4053728 2949319 
1984661 4415004 5393299 5530779 5417631 5547954 5247166 4166158 3149328 2658312 
2460985 3665385 4874427 6000375 4962847 6037666 6019260 5317558 3803953 2923352 
2512925 4765223 5519177 5394854 5704558 4970464 4956714 4983553 3421612 2402857 
3231778 4043625 5316000 5225595 5922672 5431338 5673550 6271262 4008816 2715284 
3108891 5447885 4359525 6141038 6425521 5405922 5259295 4933315 4103342 2256692 
2428554 3448549 4935270 4787316 5878053 6263584 5160823 5841504 4216198 2815378 
3385688 4205583 4433057 5582665 6268592 6381341 5293383 5559743 4274214 2437742 
2488815 4137523 3796970 4360057 6208457 5204417 5112029 5453541 3758468 3008554 
3282324 3202684 4564613 5281200 5011036 6034308 5891890 5762448 4460182 2849039 
2872596 4653343 4248806 4223116 5064112 5107960 5517367 5296237 4034787 2967783 
3190764 4543673 4848562 5011336 5885021 5521696 5692885 5965105 3348371 2720030 
3486248 4587913 5109658 4847336 4987808 5110058 5757384 5049747 4099534 2378471 
2488789 3798885 4913117 4270729 4870714 4768348 5345044 5154000 3200611 2941327 
2189528 3043216 3958105 4620761 4553651 4837280 5088448 5229329 4139058 2397040 
2458836 2982828 4181886 4238319 3799689 4520046 4851275 4408408 4155216 2739662 
2602431 2530835 3681399 4393018 4289135 4969708 5375013 4812794 3801540 3683865 
2590928 3514864 3694020 5571617 4990048 5180546 5580164 5147915 4159636 3003950 
2616127 4155499 4250022 4735692 5238362 5466490 5617275 4880909 4260841 2883290 
3040180 4483705 4968815 5701159 5644168 5460942 6487249 5979786 4349168 3576457 
2916049 5649797 5845653 4926394 4768602 5056907 4623096 5492005 3801123 3155571 
2786130 4420860 5362502 5150356 5504063 5676520 6012575 5828307 4489984 3534964 
3105123 4739452 6052795 4568433 4541115 5090444 4291722 5203989 4469559 2746152 
3633599 4054392 5178714 5593181 5481522 5340924 5966045 5940075 4485348 3669691 
3315991 4107101 4366060 4735916 4138666 5072910 4258015 4939009 4111977 3131398 
2921581 3585430 5112287 4457775 4272292 5073279 6046578 4456715 4691076 3287412 
2214013 4607754 3501105 4478633 3953196 3452795 4657859 4279468 3310066 2687454 
2537662 3253706 4719817 4866428 3910827 4955512 4691360 5082185 3178137 2525802 
2705578 4105940 4761519 4776339 4816122 5054979 4994522 4562189 3902903 2648788 
2832960 3467472 4607834 5496592 5718463 5271921 5390289 5152624 4069592 2459755 
3094456 3948143 5661028 5950185 5384864 6990738 4698757 5244805 3814888 2606703 
2627095 3482772 5353744 4429864 4494386 6075779 5455685 4368451 4056716 2830861 
3909903 4168014 5481140 5235773 5779389 5578223 5690984 5343660 3446472 2422359 
3480312 4687289 3955580 4921800 4662072 5230570 4824049 4940900 4198718 2808235 
3941449 4170087 5254614 5286372 5132806 4494851 5621850 4746406 3333834 2208891 
3469341 4418375 5240755 4558877 4904050 5487004 4823767 5434397 3537192 2634270 
3343898 4928474 4299601 5331954 5588447 4464350 5826198 5187171 3662371 2608771 
4110574 4261227 4670897 4429607 4722295 5145193 4923480 5511695 4149987 2232912 
3768730 5408829 4657925 4723205 4986547 5290674 4953528 5886845 4298848 3196323 
3461861 4406002 5401822 4798469 4933537 5334203 6323063 5569932 4307819 3185839 
3814361 4782725 5846148 5612397 5326843 4899365 5117686 5960291 4418356 3198239 
3789236 4208836 5491379 5691449 6042606 5925982 5309286 6240401 5114607 3025899 
4387888 5464690 5378836 5738392 5831164 5014243 4949691 5283401 3979470 3216155 
3850686 4115873 5929302 5086013 5247908 5033365 5641907 5662089 4527389 3329589 
3835071 4744948 4990084 5787513 5243401 4052369 4805327 4620622 3918738 2402185 
2463465 4425167 4837781 4292015 4855832 4413955 4099754 4452815 3823402 2541983 
3824308 4642310 5491246 4864741 4899134 4259942 4125054 4232708 3057404 2705269 
3494763 3933127 4603240 5203221 4308521 4246032 4195879 3349560 3233491 2115777 
3023165 4746815 5456231 4628910 4847399 5296660 4595430 5403602 4123809 2729801 
3506252 4696304 4838869 5249181 4168674 4437117 5190695 4467688 3836682 3160258 
3495402 4830923 4978181 5370615 5465574 4817115 5327191 6542356 4479219 3563175 
4139227 4960149 5857059 5707068 5017008 5334513 5444193 5257110 4822226 2883376 
3343234 5806196 5933493 5313872 6501164 5521289 5251816 6637740 4608529 3461035 
3325651 5895499 6285028 6084752 6195057 6817448 5292822 5437004 4420648 2826524 
3365296 4959155 5185326 6313657 5421751 5711337 6482412 5583493 4355211 3453178 
3016380 4080935 5872535 6165275 5959358 5972983 5947269 5076238 3837180 2643144 
2857150 4779746 5208137 5263975 5144240 5601115 5530524 6059198 4129977 3516071 
2329194 4640983 5316073 6309599 6095781 5470603 5679016 4790358 3889136 3258997 
3616021 4052079 5886049 5900141 5489285 5897946 5414758 5180844 4420468 3923789 
2299946 4076575 5253821 6255478 6814290 5554351 5655730 5518707 3809345 2840355 
2497936 4823587 5612729 6429083 6087184 5971732 6004553 5851550 4052522 3878892 
2247507 3873655 5084687 6173482 5685842 5677600 6002316 4838283 4082726 2942641 
2269139 3812914 5245136 5409919 5930183 5858481 4862309 5621811 4023574 2784672 
3351075 4659518 4589228 5336009 5063513 4538697 5008117 4987397 2984661 2937914 
2973998 4262327 4869381 4233171 4893534 5050550 4796753 4853264 4362739 2170951 
3815155 4860887 5660985 4641997 3238435 4027408 3538269 4177212 3940725 2834017 
3271960 4397523 4940906 3993641 3888575 3393703 4435152 4800153 3532483 3524384 
3184242 4480139 6156398 5039997 4437437 4359821 3662856 3488565 3652850 2273088 
3160482 3774928 4672924 5845223 4037403 4833960 4410995 4781614 3799760 3323632 
2362761 4383996 4696056 5910791 6382034 4991662 5009820 4839735 3343433 2845449 
3626263 4485949 5727624 5676804 5971210 5437205 5655473 5665597 5115484 2820583 
3526637 4456177 5093485 6146317 5083078 6391051 5836762 5624811 4059395 3422466 
3614101 4785684 6072846 6144724 6073648 6135356 5660716 5256565 4458273 3390554 
3898346 4738894 5278807 5626458 4849728 5617211 5171504 4620101 4709865 2773092 
2772177 5617616 5907664 6350010 5184312 6110563 5507743 4763854 3074725 3308587 
3554977 4859907 6057412 4729948 5262143 4546734 4617283 4912695 3669910 2476586 
3150529 5222130 5815331 6268664 6242392 5422306 5035863 5009636 4090965 2163139 
3744926 5195066 6033234 5053454 5571227 5688149 3909314 5582666 3069699 2317854 
3967290 5346682 6030243 5329163 5175562 6213485 4995951 4103890 4501865 2547202 
3835046 5576260 6256226 4671828 5251913 5773618 5380909 4611587 4259843 2777187 
3749632 4472706 5256845 5348302 4011784 5621225 5799846 5222300 4220870 3487770 
3171245 4241702 4953695 4589601 4179939 5265348 5859536 5497437 4549916 4096794 
2966454 2951615 4350675 4065218 3758143 4003252 5535989 5905028 4540307 3109570 
2426899 2610554 4763963 4327709 4295556 4387700 5954116 6249988 4568885 4037867 
2543192 3577470 4148070 5332460 4552318 4931946 4486833 6288493 3808039 3310659 
3214667 3764914 4838719 5272332 5218093 5248751 5689661 5009899 5143951 3258355 
4196565 4562435 5403582 5814802 5676375 5399749 4865640 5382888 3991468 3009106 
3344510 5416737 5569458 5450663 5515953 5790781 5563568 6379169 4511181 3653311 
4523168 5374053 6113213 6481396 5334755 5595262 6903428 4760486 4746874 3577078 
4261922 5053325 6188964 6102766 6831187 6091289 6937061 7272363 5531092 3593175 
4173138 5010557 5624893 5806137 5353833 6594615 5188600 7128892 4793144 3332864 
4306020 6068480 6071426 6663771 6963602 5663337 7392110 6705488 5267185 3875085 
3803847 4387493 5864780 4852341 5107394 5674202 4581333 5907246 4443736 2563142 
3900722 5327226 6395986 6935079 5989837 6943796 5673501 6234883 4966399 3072258 
3037699 3999384 4445490 4166515 4674631 3787203 4224103 4737413 3199757 2544638 
3897854 5293713 5950040 5821711 5501662 5845652 5556137 5306289 4174409 2771350 
2921020 3922289 4164274 4775388 4103451 4336211 4122997 4407304 3627829 2519061 
2859636 4390673 5305088 4760043 5857723 5068781 5918536 6459088 4711141 2999548 
2791929 3942519 4514038 4488796 4563496 4612563 4544108 4662328 3363690 3573423 
3055834 4597411 4332718 5893146 5274224 6057091 5815174 6291625 4356538 3437582 
3135760 3236864 5198205 4921917 5693623 5521394 5754587 5636262 4906422 3039156 
2480774 4053072 4480551 5060068 4774557 5674238 6324193 5975357 4337259 4336853 
2488469 4163921 4925031 5311985 4846817 5322555 5116430 5584447 4147055 3006881 
3411181 4576407 6252074 5027631 5990930 5122936 5857977 4916488 4278952 3403286 
2759468 4546624 5756670 6027605 5537395 5142740 5629474 5456651 3241296 3562659 
3075710 5026882 5774068 5067913 5029500 4928492 4963018 4618171 4202610 3119730 
3579169 5183648 5922323 5391581 5391619 5421464 4337669 5126693 4295587 3316311 
3916084 5057228 6079235 5122466 5743406 4683155 4851371 5808165 4407131 3377747 
3713933 5175303 6369038 5894472 5563216 5673824 5405776 4713540 4046415 3022864 
2856439 4882507 5435506 5435943 4428475 5433068 4428138 4880188 4244712 2677021 
3604966 5172018 6555706 5652336 6140501 5545587 4737601 4742407 3712127 2719592 
3358486 4288715 6394289 6322225 5933225 5290851 5069862 5127302 4298570 2939429 
3593414 5059901 5967488 6797743 6681955 6512667 5419424 5588080 3892473 3028771 
2707699 4694452 5590892 6552092 7029809 6690590 6019674 6466872 4897440 3165636 
2869836 5084535 5364817 6847915 6741714 6599649 7414394 6162483 5055017 3386420 
3565869 4910730 6364304 5855465 7354393 6330105 6991398 6858524 4593352 3857169 
3638119 5495568 5730070 7013080 6717203 6528329 6660835 6153121 4872605 2772053 
3716721 4931342 5249681 6513554 6479325 5980770 6105713 5791848 3684530 3396615 
2915334 5187869 5808491 5952934 6400496 6423194 6074433 5996034 4497448 3159223 
2428062 4493629 4638319 5638675 5890704 5933084 6836698 5279434 4415736 2876691 
2646413 4207973 4793927 5351192 5684469 5074470 5851341 6657757 4672895 3631859 
3378476 3709012 4360489 4649210 4849672 4874516 5275351 6458457 4048108 3090456 
3337002 4494687 4109904 6093701 5165092 5078615 5363095 5422796 4670578 3807762 
3364605 4259720 4801278 5045933 4732629 4624519 4971186 4956273 4072754 2421680 
3288089 5036643 4473052 5948229 5791513 5684315 4692113 6212811 4021473 3399596 
2949929 5123793 4693747 5805872 6408914 4735477 5277773 4528066 3835656 2506712 
3101378 4697345 5715667 5511107 6401938 5970898 5153813 6239085 4086658 3027165 
2519091 4483913 5344751 4527360 5315513 5814347 3961254 3963313 2973603 1779737 
3008313 4376400 5211511 5089504 6419487 5594450 5534667 5918604 4595686 3219716 
3403943 3774769 5211283 5256085 5013492 5436630 5270362 3949186 3507295 2725587 
2235775 4037013 5560340 4816388 4869540 6011365 6390263 6426766 4625080 3750505 
3578222 4577592 5471834 5752520 6557837 4848184 5889898 5584423 4041372 2401532 
2837937 4235178 5634275 5318822 6104408 6509670 6067260 7018932 5214138 3627160 
3668107 4192791 5174442 6629636 5092503 6172121 5295012 5336598 3796441 2222316 
2517581 4264338 5306078 4328433 6468245 5103922 5301902 5340546 4938498 2870647 
2790518 3897414 4095443 5985148 4474805 4943832 4384509 4331516 3441676 2281990 
2061344 4196728 3668453 4590303 4269262 4600988 4610805 4894559 3131877 2640430 
3005093 3447137 4948978 3810974 4002843 4104595 4273714 3984003 3186225 2607992 
3194023 3599912 4138508 5164702 4462939 4942245 5055101 5266072 4083588 2771915 
3367906 4914955 4851983 4511242 4390464 5290462 4695173 4576298 3487768 2397539 
3734714 4254092 5698089 4806844 4750432 5068901 5496533 4760334 3251977 3121455 
4011103 4556010 5388620 6155420 5169462 5644442 5332565 5212679 4684805 2346838 
3139815 5270075 5930135 5400848 5674226 4506291 4885938 4470010 3883502 2692885 
4098499 5182384 5309583 5315364 5634506 6719635 4408750 5549062 3354931 2481834 
3757757 5337801 4740228 5703028 4977716 4544927 4647266 4554413 3665190 2206883 
3362787 5592691 5214891 4962825 6422569 5185700 6584335 6096121 4157863 2956786 
3378896 5232815 5245129 5181558 4715065 6166815 5320721 5621131 4535028 3240270 
3942820 4429999 4826536 5284049 5823595 5646417 6444460 6609197 4897034 4098989 
3637236 4647091 5709064 4413799 5371775 4692391 6048895 6549626 4977917 3813042 
4035143 4871956 5731211 5133513 4917244 5320201 6550969 6245120 5136388 3612613 
4307459 5157814 5695525 5743158 5373143 6194148 5061509 6623633 4240324 3378074 
3776299 4452518 5676282 5413322 6194989 5409786 5177563 6390982 4365899 2544507 
4466796 5218324 5938033 5767582 6370798 5545945 5550069 5701171 4380388 2252919 
3223602 5659948 5282228 6066330 5657009 5785462 4067103 4712365 4040241 2607166 
3699147 5044838 5784853 5253260 5509342 4811099 5092917 5223476 3685590 2471197 
3340357 5213606 5030177 5316907 5582162 3805162 3858900 4360183 2897107 2416671 
3846088 4943558 5290168 5313394 5566507 4742482 4791865 4608153 3841792 2309579 
2862210 4988168 5649757 5232849 5912185 5308622 4690472 5488067 3334540 2900181 
2927041 4998524 6299429 5116375 5529021 6021423 4649707 5581060 4658108 2988744 
2846670 4105610 6768293 6673121 6301421 5795523 6586446 5236893 5142305 3442675 
3607024 4852453 6263135 5953864 5529669 6528731 4695856 6600773 4432736 3576211 
3970407 4567576 6118927 6561524 6402347 6511675 5615720 5409106 5197213 3128152 
3799600 5149278 5416399 5388310 6096716 5444133 5546632 4952436 3785786 2932733 
3123836 4750984 5422370 6184115 5135958 5895232 4881578 4912750 3259073 2439465 
2698711 5135055 5819620 5170871 6550859 5125531 4832199 4922382 3240498 1857584 
3049034 4768090 5553600 5180368 6327383 4970850 5096332 5604662 3846000 2523753 
3542634 5511522 5406127 5401178 5526434 6094104 4021587 5389914 4443132 2332426 
3947822 5650158 5749573 4859758 5685818 5280018 5342908 4860163 4658629 3232121 
4160105 4833727 6145890 5360613 5580900 6428506 5646114 5515267 4817868 2987508 
3448720 5615202 4759080 6202910 4540819 6616980 6084911 4981363 4437655 3056809 
3579381 4503930 4906613 4124247 5569875 4489919 5807960 5300701 3035771 3058062 
3331726 4485445 5532472 5422372 4777138 5446311 5365836 4492473 3055597 2180648 
2513486 5465537 5034142 5369208 4826766 4348248 5353438 4506746 3809045 2475587 
3908444 4920597 6111039 6289251 6443928 4614266 4396847 5084391 2586857 2702130 
3519335 3921518 6100971 6077258 4870989 4935875 4509468 3909652 3447822 2150781 
3114027 5855294 5240913 6010324 6230727 5108434 5725489 5294167 2757950 2691570 
3083009 4025745 4922812 5629950 4949270 5385534 4244701 5760867 3179419 2423973 
3604396 4656511 4656158 5069325 4806418 4616526 5361703 4783828 4601215 2713302 
2860788 3875625 5050874 4429770 5029816 5392143 4441828 5182141 3595282 3116438 
4129490 4921673 5003751 5006884 3750114 4437350 4849778 4796187 4416453 2985682 
3858933 4780091 5586310 5584355 4346105 4436703 4505150 4424656 3358246 2562799 
4802913 5492832 5750013 5416651 4855777 4098678 4251247 4539626 3532474 3020191 
3218034 5186449 5071156 5345550 5330507 4439909 3938058 3455154 3593873 2570721 
3141430 5106957 5119178 4902552 4079327 5312196 4116782 3839117 3503434 2295867 
2315742 4759289 5623708 4097587 4411944 4077788 3696078 3278943 1978060 2749448 
3586817 4652360 6454688 4991672 4749576 4537356 4335240 3013698 2798702 1748812 
3464015 4665043 5088641 5469004 4577472 3939764 3739047 3051684 2297390 1955510 
4506196 4931645 6786253 5776140 4695039 4685218 3474230 3896213 2537004 2298739 
3936604 5439119 5334240 5180987 4953011 4029373 4221136 3699425 3208157 2022776 
4336999 5798376 6625948 6083339 4812585 4328397 4089127 4370734 3551971 2675633 
3293616 5017330 5281333 4454200 4717044 4820258 4379227 4650058 4417128 2313218 
3541989 5765627 5538825 4814406 5279481 4580004 4386000 4236621 3603404 2963139 
3680624 4888568 5613102 4514457 4202702 4958360 4389954 4396909 3188704 2047799 
4168163 5172309 6338401 5641946 4919516 5446552 5456375 4030670 2965273 2232838 
4459241 4963326 5929929 4988465 4351309 4618199 4332206 4368730 2465223 1908218 
3501448 4160040 5755211 5516796 5032021 5188391 4511331 4639568 3108302 1871005 
4295580 4888552 4924938 6265077 4638343 3842250 4396976 4029916 2507494 2109395 
2880188 3742568 5052731 4367843 4682150 5123429 4838730 5021931 3872622 2415462 
3120442 4048141 4617229 4778431 4827083 3524501 3815811 4610721 3625510 2818742 
2184050 3983869 3564570 3966488 4200201 3663679 4626861 4878394 4322330 2746201 
2396076 3770682 4479487 4022530 3763631 3975552 3358779 4427481 3505786 2698793 
3168904 4425147 4012773 3761284 4634453 3383818 3896817 4787137 3186059 2830954 
3345303 4817284 4506224 4055909 4609635 3866088 3253697 4049407 3083497 1936180 
3452848 4681447 5127226 4394952 4144213 4066322 4142252 4829458 3076000 2497054 
2700538 4460970 5542617 4171363 4583814 4589451 3330902 4349745 2884408 2567285 
2599613 4223861 4879584 5652507 4195629 4433037 4628179 4550424 3985536 2396618 
3147312 3711485 5146478 4710556 4853612 3989269 3686400 5053447 3195480 2233468 
4079438 4159211 5322832 6028758 5027753 4560616 4490657 4045185 2986363 2666025 
3440479 5789443 5090607 5358687 5265901 3998160 5069633 4454297 3543406 2681710 
4293182 4476313 6044360 6443618 5217559 5087379 4949565 4444395 3601853 2707111 
3069557 4819896 5070338 5171888 4529035 5010940 4507382 5408924 4284201 3275205 
4223834 3717998 4718546 5237173 4829652 4129641 5315307 5024061 3558501 2988441 
2889385 4739881 4871342 4814034 4861021 4383780 5002506 5362221 4104941 3668849 
2638425 4717042 3870689 4458142 4199013 4385298 4745730 4576971 4096644 2740496 
2351561 4472857 5151865 4662639 5058878 4229949 4626436 5197923 2934452 2933044 
3054110 3459246 4830693 4287173 4207049 4486801 4319042 5598761 3279217 2859889 
3092665 4944105 4931193 4450897 5027931 4128807 4720977 4299828 4242426 2702318 
3172901 4711593 5615223 4848193 4579947 4775296 4511483 4839572 3887369 3566843 
3264285 4742743 4884683 4881031 3617720 5093668 3851092 3708520 3807348 2484068 
3330524 5154276 5901996 5043848 5158693 4079168 4730649 4637361 3374990 3059150 
3026418 4779417 6177068 5193503 4536515 5437959 4547671 4714360 3614550 2561964 
3954454 5605288 6283467 6559989 5162734 5325828 5582121 4875282 4132708 3009702 
3980055 4527305 5484139 5728820 5835620 5008463 4932805 4933177 3442826 2146999 
4908064 5929796 7350361 6032799 5309686 5564178 4045988 4381439 4062096 2821004 
3945100 5984290 6384776 5872766 5571728 5460387 4814382 4528640 3093391 2467106 
4697878 6196779 6876511 6449112 5063504 4412210 4177303 3699044 3052736 2432675 
4369774 5675213 6285542 5889008 5150269 4419277 3122709 4352099 2568658 2128332 
4858156 6076163 7041930 6526874 5746418 4216239 3853397 4089480 2996618 2078895 
3711717 6193354 6205462 6263106 6108646 4862699 5178157 5050787 3737934 2919374 
4212937 6932395 7118732 7463199 6587420 6460499 5041982 5571284 4254182 2505052 
4234936 5664448 6132543 6397040 7138300 5958411 6875562 6389653 4665553 3661838 
4820624 6200625 6758647 6532622 6852276 6466292 5789945 5951159 4696290 3132004 
3340277 5539089 5920983 5952377 6106990 6409229 6665293 5993669 5081938 3940155 
3251171 5425376 5773411 5590935 5790351 4889480 4959948 6558106 3811341 3147236 
2646950 4530435 5129779 5836360 5107318 5681512 5501580 5428780 4910079 2993819 
3279869 4433400 5382264 5429814 5343783 5401317 5355683 5133164 4163857 3736348 
3804788 4745408 4895214 5092090 6257246 6437494 5480410 6190711 4600693 2578013 
2865893 5416160 4799872 5600752 5523189 4953480 6447021 5706396 4073928 3721509 
3437909 4901234 4857660 5111506 5357031 5577454 5642405 7198217 4336817 3341520 
2970321 5070827 5405713 4673895 4971879 4904941 5346001 5451273 5004786 3610451 
3943862 4505860 5493211 4512842 5231818 4316062 4551977 5746443 4505513 3223079 
3792350 4470637 5307658 5452554 4633359 5164810 4373759 5403591 3799777 2809483 
3508230 4847160 5462793 4905062 5345960 4423633 4884571 4873133 3617729 2917121 
4002917 5038832 5183199 6029317 5271013 6021536 5215478 4692267 4460809 2047394 
2902945 4548653 6030693 5757140 5892722 5797989 5609978 5536236 3696688 3171136 
3198793 4596116 4466553 6095508 5699944 5750395 6495643 6971423 4491189 3423538 
2748531 5296526 5923651 5876775 6016164 5884031 5810130 5216162 5386145 2676828 
3289777 4161941 4709613 4783794 5826625 5565047 5324907 6952284 4463017 3639226 
3304273 4538520 5616928 6855569 5012299 6046820 5435738 4965484 3898664 2822271 
3653652 4309019 5077116 5743090 5656016 6100256 6104668 4519117 4177484 2585922 
3564732 5150103 5019979 6345012 5720829 5780079 5006013 4659129 3008623 1738068 
3652795 4309146 5487883 5754973 5005980 5014683 5054117 3895263 2502434 2096653 
3050675 5018218 5162150 6320964 6397887 5756088 4845586 4710181 3523640 1774249 
3746530 4298344 5312880 5433562 5613542 5775726 4683840 3917131 3378651 1809965 
3678144 4254889 5264853 5411275 5464444 5383768 4987755 4782904 3546617 2678908 
3888089 5696576 5161557 5315167 5052623 5238477 4404595 4810713 3932698 2445006 
4021945 5948449 5822443 6692363 5993634 5759160 5764938 5308822 3243672 3261419 
3687917 5395229 6038594 5057414 5031260 5168707 5640555 5119575 4257325 2545731 
3256233 5524622 5346470 5669872 5373324 5702143 4543059 5773231 3989128 2436576 
3014939 4000739 5226219 5055166 4095537 5218241 4129773 5359763 3902422 2757893 
2350094 3229922 4792218 4124773 4709764 4930635 5359703 4120986 3997152 2484493 
1972073 3160645 3680225 4227528 3585689 4008955 4767560 4419800 3432447 3012862 
2456895 2690897 3776995 4496336 4040477 5123472 4241716 5211859 3643844 2775349 
2618470 3506134 4260443 5114889 4594103 4270476 4918667 4604170 2954463 2987510 
2684558 3154818 4691586 4182622 4878107 4130454 5004418 5487210 3397275 2924570 
3269370 4410618 4303578 5214201 5052350 4934846 3660731 4739133 4204932 1968740 
3116430 3965832 4036922 4037550 4502455 4022016 3965787 4192216 3443938 2661371 
3586382 3858853 5627366 4143665 4215998 4324714 3724296 3708890 2957983 2479150 
2759408 4588223 4791961 4276346 3912816 4214251 4953691 3548446 3225919 2246384 
3405392 3988475 4518154 4540640 3710741 3279561 5001197 4054130 2924023 3081649 
3878864 4548216 4610224 4647349 4621441 3613104 4529194 4885376 3159628 2810705 
3852827 4670642 5158065 4207710 4210164 3470402 3995356 5137276 3236130 3136249 
3869362 5082954 4829588 4703618 4323081 3973455 5255844 5330429 4809065 2937628 
3765868 4670059 4774950 4381415 3414427 4002044 4140262 5830353 4086479 3031382 
3360706 3681210 5146237 3812834 3557447 4824987 4592187 5820467 4877577 3800939 
2805240 3585171 3720148 4034255 3727017 3214678 5065457 3945748 4360859 2963607 
2754044 3141623 3585750 3936440 3730665 4757633 4801300 6226740 4321760 3557652 
3510264 3440356 4295712 4992549 4591051 4423824 5577021 4988190 4121704 3616835 
2721571 4077799 4427987 4062873 5182262 5160278 6014638 7057604 5211853 3794270 
4308924 4681607 5473458 4699350 4841625 5363178 5703683 6097117 4450597 2826312 
3876261 4087704 4807738 4707850 4338142 4983113 6169175 6699497 5178979 3936518 
5033864 5754247 6280871 6068624 5794820 5674103 5248265 6083138 4270971 2336541 
3724015 4595054 5098719 4362520 4524121 4809337 4298564 5533616 4673121 2654942 
4775482 6284244 6603399 5911837 5904975 5333381 4493601 4369330 3807493 2525296 
3252197 4604570 5855144 5124200 4289397 4900614 4915366 5014695 4023467 2881127 
4200273 5125613 6800351 5448055 4876277 5935364 5432103 5161382 4458994 2563156 
2683392 3935465 4845479 4815812 4770309 5128487 5065431 5235268 4422157 3375539 
2894852 4821985 4317695 5078047 5351431 4558520 4686634 5871948 3766584 2691156 
2620990 3576193 4425900 4712299 5524708 6299716 4897117 5357971 4376410 2323528 
2777559 4481341 5461305 4627507 6195900 5922225 4233837 5473489 3807709 2542448 
2635588 4909524 4726058 4902932 6475258 6027472 5279181 5233443 3660435 2454978 
3908028 5720707 5250617 6105352 5977351 5767225 5641392 5599577 3915952 2770157 
3776465 5356391 5813836 6151094 6142671 6015619 5586041 5361931 3951525 2204778 
3786470 5296636 6644827 5960559 6049302 5652441 5833823 5312985 3441570 3348900 
3644444 4970391 5462635 5977711 5355976 4628786 5234829 5284022 3872667 2479020 
4449398 5125375 6079075 6390726 6061754 5046527 4772224 4116857 3765783 2403775 
4679308 5863841 5611071 6131332 5816785 5875408 5047297 5599811 3746322 3250663 
4446655 6674240 6335331 6277878 5565188 5062427 4513803 3811197 3030805 1900024 
3708492 5871228 5894890 5354225 6213869 4911445 5333911 5628786 3790334 2305176 
3628707 5610188 7125475 6000602 5146843 5590601 5348717 4315951 3082271 2448080 
3037958 4270124 5516831 5440684 4960650 5115841 4779239 4737567 3293547 2126697 
3427167 3773314 4868459 5105128 5193028 4364207 4901149 4862599 3085545 2520807 
2802624 3480597 3825694 4701064 4395452 3943772 4684730 4664164 3071769 2699712 
2860772 4823909 5272613 4772742 5280188 5091872 4975000 5059066 4428166 3419957 
2649341 4217447 4554387 4198997 5017739 5447559 4214169 4897220 3440038 2559837 
3448934 4238689 5494021 4758696 4561136 5593847 4631536 5351050 4098396 2923774 
3402117 5129762 5524438 5051514 5370611 5086644 5199547 4697631 3815126 2325638 
4214414 5867068 6368227 5714790 4970796 5631270 5032233 4760177 4409007 2526765 
4299749 5155988 5596923 5758875 5367530 5104119 4725560 5002424 3469839 2475499 
3975744 5911620 7400650 5107145 6422721 5645462 4642506 5025691 4064066 2407419 
4589171 6386724 6322717 6650023 6126263 6173303 5027819 5342433 3986184 2194909 
4554066 5771557 7198139 6348317 6051203 6283148 5415204 5182658 4248982 2827758 
4121351 5660883 6667351 5280045 6563830 5782941 5168777 5106978 4115393 2678296 
3477870 5707398 5270877 6438320 5535420 5202961 5019099 5222528 3579323 2685513 
3724538 5279025 5688400 5941423 5144211 5143342 4245977 4878739 3620247 2289270 
3108614 4196646 5313053 4485879 5925549 5234872 4860467 5261728 4221497 2611950 
3925713 4966925 4486104 4892655 5049801 5399513 4696971 5214381 4400260 2660908 
4043256 4154942 4844826 5491097 4449713 5501951 5307465 5134351 4480714 3077287 
4128809 4238939 5123148 4287274 4605220 4545243 4944394 4487846 3335178 2526743 
3962637 4976922 4980835 6000250 4880473 4580259 5192622 5564868 3654949 3244454 
3489376 5128953 4396519 5175187 5172083 4192089 4209626 5229694 2966357 2803918 
3753119 5598412 4928813 4828039 5804683 4116132 4759823 5001416 3534876 2696839 
2598997 4646329 4989541 4743106 5293001 3957421 4987881 5504029 3590547 2668098 
2803202 4762483 5322223 5092131 5756271 5425527 4444005 5794932 3886030 3163238 
2378509 3905497 4585568 4562065 5655944 3775125 4271744 4132616 3943697 2199308 
2426908 2616519 4217205 4720052 5134139 5454943 4540097 5235185 3671150 1939040 
2108162 3784500 4044235 4127340 4403444 4665938 3885911 5131739 3127631 2810434 
2850322 4255431 4441235 4593561 5847426 5108399 4956744 4937398 3963833 2156319 
3548248 4080360 4611208 4410298 4494447 4249750 5222681 3901577 3495114 2444864 
3054692 5559180 5190864 5206491 4914951 5282734 4409244 5133498 3340177 2561435 
4281912 5421445 5485250 5067431 4491881 4600520 3878550 3880912 3343791 2065215 
4241251 6093339 6715602 5796715 6482573 5310017 4477051 3851628 2977144 2120704 
3712996 6200447 6109916 5489914 5026958 4190280 4658077 4177379 3153235 1832912 
4279617 5739038 6526287 6282965 5036717 6245328 5304578 5185883 3671803 2761747 
3402197 4816777 5970688 5011669 5452584 5238287 4727618 4841320 3450833 3016726 
3229834 4811883 5350207 4948752 5031640 4487769 5975871 5017033 4490818 3477429 
3271427 4758087 4580888 5339948 4753605 4247164 4403871 5207159 3103250 2993346 
3263416 4013916 5454600 4085494 5038620 4944619 5112955 5558251 4429615 3463079 
3309357 5136581 6140560 5757889 5728490 5389215 5796741 5578245 4139963 3268003 
2941768 4782586 5493165 6022796 5568885 6151372 6209081 5961370 4892384 3529168 
3100217 4626303 6150803 7494236 5998156 6847194 7300805 6294125 4918372 3576842 
2618759 3614845 5671212 5667101 7097375 7163483 7289015 5980058 4973699 3840242 
2586114 4487855 5943530 6380444 6954823 7248987 6411437 6441630 4416684 3360181 
3010411 4021112 4850750 6171522 6168831 5842333 6614167 6368029 3916725 2983069 
3431886 4494816 5622443 5337791 5573020 5227818 6228925 5605670 4260465 3326176 
3618924 4075156 4584044 5765986 4519822 5273481 5817001 5360793 4700375 2868102 
4111794 6186526 5580153 5321945 5726373 4597842 4062680 5720004 4030212 2943458 
4475329 4737126 5962007 5695510 5925102 5134523 5530909 5083059 4271621 2348778 
4206235 5721930 6247048 5605268 6091999 5445042 5174328 5016224 3424146 2879467 
4205885 5449685 6888465 6832862 6529156 7339913 5741638 6193380 3667335 2484256 
3457093 4867056 6555897 5551041 6096415 6431704 6261958 5357559 5030326 2393095 
3728974 4073325 6082538 5808445 5800315 6847137 6647988 6308214 4945369 4043398 
2602524 3911320 4346729 5656909 4416558 5417840 5896462 6324279 4931167 3562598 
3236178 3887880 5731775 4937604 6136354 5450579 6524031 5608605 4790582 2998583 
2692463 3757522 4623542 5980902 4549674 5874453 6011745 5737856 4125170 3561700 
1958136 3651439 4738945 5060553 5062537 5619478 5180774 5243561 3949282 2838794 
2989704 3746955 4786312 5137465 4659968 4654954 5155332 4539578 3232917 2463990 
2292262 4605890 3997714 5594260 4639975 3985939 4353130 4387878 2721721 2116566 
3690341 4253503 5203687 4760019 4845910 4413408 3819929 4628398 2956381 1981563 
3562118 4397241 4627899 5326281 4303474 4182900 4566015 3468613 3450437 2734842 
3863912 4839744 5613911 5993023 6484790 4911013 4928930 4931394 3393947 2466232 
4026553 4842050 4822871 6105177 5540254 5442064 5218912 5523622 3712871 2615348 
2742379 4530880 5032304 6191543 6098626 5988106 6597934 6549769 4319733 3258242 
3678672 5228982 5054841 5460731 6042348 5673533 5460949 6679695 4842612 3177668 
3561252 3790726 4938933 5465428 5239802 6244793 6528859 6794458 5059962 3702154 
3960220 4202823 4632839 5701583 4645496 5502785 5481973 5870209 4853625 3104863 
3569947 4990328 5394291 4870535 4647136 5402774 5988901 6640422 5096229 4103788 
3772899 4391091 5921272 6170851 4561711 5015075 5168185 5205866 3884281 3309293 
3811477 4967683 6101086 5754706 4933653 5035808 4723282 4836940 4531903 3257760 
3991229 4416381 5893423 6014869 5776408 5244519 5184711 3939975 3299312 2846232 
3590055 6091884 5505165 6156254 5901920 5137425 5521371 4640011 3095726 2692657 
4109622 6250649 6173953 7241938 6253407 6967143 6198168 6130152 3965346 2513944 
3678021 5577287 6294768 4896780 6408798 5188050 5453114 5110899 3897560 2652091 
3508308 5239098 7078664 6434992 7243927 6938451 6454381 6275609 4516184 3048552 
3311194 4763972 4439121 4978701 5073382 6179537 5980388 5901521 4904755 2798100 
3317055 4568908 6140857 5652145 6638324 6806960 6435263 6014042 4457214 3708223 
3006129 4156510 4306345 4501896 5190184 4785192 6139055 6198239 4239942 2980270 
2943057 4852951 4591162 4790929 5094507 4773119 4423749 5114386 3819365 2169334 
2988656 4254613 4968871 4746356 4575395 3846413 4054541 4502784 3304075 2949249 
3397270 4711931 5056123 5305303 4719929 3962532 3566088 3469574 3684467 1689984 
2797539 5145538 4790040 5525644 4374640 5206877 3610090 3631120 3236596 2644389 
3430066 4434193 5908288 5188135 4301257 4250016 4331092 3862490 2652553 2219620 
3203515 4915507 4889723 5806623 4956959 4659007 5064943 4773878 3216221 2689618 
2949730 4423616 4852348 5043611 4967708 5139520 4357245 4708477 3388227 2264071 
3813230 4217813 5481836 5019339 4997865 4788430 4906943 4885260 3317606 3109151 
2768174 4064829 4442801 4275701 4805156 4728555 4824783 4258233 2736853 2212786 
3740924 4161193 4897515 4605539 4819773 4638944 4888561 5263847 4015281 2044385 
3179479 4344609 5724534 5156337 4562155 4451856 4163558 4997324 2962182 2770137 
3811465 5222938 6113740 4546424 5368390 5239184 5739236 4148321 3793249 2755650 
3505426 5035149 6082771 6371648 5673898 5132268 4478776 4939665 4436743 2474884 
4341419 5668859 5600241 6099283 5416901 5640226 5475674 5234837 4045612 3208865 
2789303 5150675 6454332 6631264 6497004 6485324 5409486 5487833 3987314 3187625 
3759885 5257446 5160863 6502119 6252927 5863355 5697536 4971678 4260891 2182585 
2007071 4695209 5456822 4832375 7152575 6962801 5891496 5429933 4297479 2654280 
3584880 4480398 6053301 6125604 6323408 7143299 5938581 5270250 4044425 2891370 
2916379 4923026 5362619 5494279 6867814 6739466 5659812 5978608 3870005 2221151 
4115210 4641151 7002018 6098331 6496548 7580892 5833593 6343917 4232011 2177467 
3968984 6042470 6574488 6333511 6171951 6750301 5351751 5077720 4618142 2965003 
4315893 6271286 7208664 6453116 6393063 6800182 5713967 5574888 5350139 2848556 
3772348 5413824 6038691 5804477 5311651 5593672 5061196 4880778 4162910 3338282 
3428698 6371675 6606095 5132199 5690380 4171534 4556077 4663912 4101208 3169787 
3170592 5033073 5820118 5047809 4977385 5363710 4016207 4899892 4221492 2919477 
3685735 5569079 6594459 4732389 5167286 5097551 3821715 4660551 3527330 3186192 
3493949 5222808 5623420 5282416 5558346 4749136 5035512 5103257 3514466 2529403 
4023333 5782297 6375489 6823989 4671365 5612440 4581793 5063506 3853628 2269439 
4366674 4952153 6986274 5977410 5986360 5342882 4980177 5433638 4146644 2818881 
3222338 4461417 5545054 6238091 6094352 4661834 4671010 5208006 3861633 2648670 
3426177 4216490 5126818 5590742 4891126 5224737 4628454 4523512 3697886 2461071 
2921154 3879013 3966764 4618822 4700678 5067203 4232089 4242918 3796461 2509919 
3386433 4682112 5084817 4180729 5037877 4181996 4227806 4443429 3000776 2349144 
3890733 3836360 4955428 5193514 4071803 4993281 5409804 4494738 3643655 3012987 
3925829 6121215 5376782 5114377 4785992 4014704 4493343 3951594 3440147 2196497 
4498131 4489884 5368769 5832128 4028459 5012853 4764808 5372293 3232640 2420876 
3987989 4606581 5171010 6406853 4845362 4520749 5549277 3934925 3573053 2926195 
2539183 4408532 4505552 4752443 5770269 4546307 4690383 5289935 3634122 2691415 
2726046 3972685 3742369 5863753 4709041 5292240 5017317 3872275 3260208 1867370 
2025638 2893604 3842491 3623521 5088815 4611609 4287310 4910220 3108497 3196544 
1572847 3314355 3833993 3169821 5411907 5525040 4687067 4929294 3664047 2516275 
1229112 3920511 4438536 3922971 4877569 5630408 5624621 5439106 4349178 2908448 
2521182 3775749 5165381 4692562 4430365 5482352 5072146 5820292 3926431 2618135 
2503023 3672279 5576666 4907226 4938882 5303988 5716460 5312737 4467552 3270985 
3981877 5454304 5698736 6664639 5274026 5071911 5332582 4744548 4388477 2600385 
4318180 5899661 5999457 5963101 5908032 4653637 4365212 4517150 3088715 2264230 
4982558 6129292 6679104 5942166 5489001 6075334 4230506 3850802 2707468 2133901 
3775981 6248149 5955167 5030777 5069403 4533257 3741498 3954437 2567560 2287674 
4546431 6214168 6890538 6184194 5729023 4703147 4312323 4796358 3453675 1864851 
3385060 4961166 6032782 5735497 4365712 5309294 3966697 3917239 3512832 2826657 
4358510 5102557 6924655 5315703 5290622 5155310 4080994 4893685 3192369 2880444 
3444976 5370975 5061743 5050198 5847768 4544779 4535728 4808929 4001346 2265363 
4121663 6341518 5924197 5619016 5114141 4298824 4790056 4832543 3973129 2635629 
3565634 4670324 5167166 5435232 5462161 4940425 5007981 4853309 3617254 3365523 
3800187 5654097 5322999 5507492 4992704 4524189 4681712 4300277 4195074 2174280 
3066473 4165739 5291569 4944999 5588888 5155034 4899980 4750021 3161525 2581293 
3779613 4662636 5214408 5311748 4387865 5404173 4820659 3941300 3544586 2579591 
2404741 4073799 5080100 5966166 5375129 5196971 5404926 4788492 3794437 2521699 
3955589 3543064 6100742 6036763 5348722 6052357 5113739 5326206 2989066 2953472 
2396309 3632358 5193686 6228482 6287719 5262874 6322085 5352907 3924479 3307338 
2080389 4135627 4290253 5232209 5282675 5490080 4935976 5697707 4134451 2693073 
2721925 3787501 4733024 5312083 5844656 5126323 4991130 5925423 3854363 3445973 
2571939 3429685 4365043 4060581 4725241 4416040 4854973 5275047 4321859 2935973 
2972523 5105355 5312029 4699063 5869544 4337890 5207704 5357180 4305358 3315355 
2868132 4359323 4301992 4410636 3820131 3960554 4675392 5326181 4271182 3209093 
3514061 5292944 5448285 5421572 5313414 4800471 4603041 5265140 4655815 3275199 
3904122 4114432 5381045 4883872 4881680 4710157 5399684 5817721 4364270 3556784 
3651563 4905330 5363119 5176655 4808335 5149718 5547370 5005731 3972196 2616242 
3843921 4605726 5313238 4941553 4324852 5594158 5484101 4843526 4311391 3038381 
3263246 4519012 5242741 5761687 5772610 5667112 5752739 5210958 3236444 2499251 
3065018 3912461 5692036 5713574 6128716 6539455 7118550 6125762 4258831 3226873 
2794589 2773247 4785257 5533127 5741222 7032445 7122018 5373806 4187312 3257301 
2669976 3868923 4545839 5704940 6727797 7365910 6871746 6789592 4700704 3336940 
2524531 3540315 4265900 5564897 6202527 6220506 6654408 6213946 4693456 2993829 
2206384 3969842 4275551 4602788 5096749 5035653 5658016 5481156 3897508 2715884 
2263204 4265865 4159394 4765987 5618173 5201028 4311568 5245413 3961823 2078447 
2095152 4519763 4144033 4009360 5281633 4816863 3803082 4870144 4051280 2050685 
2854483 3937152 5560367 4547986 5074352 6038860 4826249 4596922 4030104 3094287 
3005329 5038369 4638156 4655101 5589097 4834987 5153669 5279315 3855171 2506268 
3476252 3995411 5627315 4482665 5311287 5692912 5428615 6936406 4633755 3218146 
3803985 4168705 5206398 6447863 4813911 5858814 5240530 4920868 4294201 3083679 
2404984 3867386 4434166 4620240 4691318 5314153 4880065 5650632 4271891 2480025 
3371520 3781931 4629879 5157977 4520999 4998360 4966239 5056299 3031766 2588550 
2771100 4404312 3767625 4361019 5262007 3264772 4804340 4569478 3786448 2375121 
3820354 4470489 5103946 5599253 4779826 4649594 5256432 5063637 3836051 2990339 
3859635 3953920 4404217 4794861 4941352 4824954 4729877 5307952 3528315 3186903 
4200113 4720258 4957056 4048221 6073623 5005666 5793403 5365480 4585863 3374075 
3628257 4972966 4631309 5237739 5589108 5443760 5743204 5859472 4189003 2621150 
3504461 4421580 5075063 5509631 5119885 5592072 6374227 5872473 4506489 2950609 
3472869 5077040 5470371 5172032 5791073 6617651 5670376 5597940 4443976 3440955 
3824628 4305559 6361115 5453610 6339678 6468843 6438203 5785386 5076524 2385439 
3166756 5062411 6447880 7025895 6254371 7009568 5992918 6384273 4517840 3120520 
3249712 4617128 5722003 6646594 5816394 6443549 6571310 5820304 4195921 3660422 
3291968 4314644 6445395 6705587 7436727 7054713 6997026 6093910 5131297 2996780 
2789054 4613510 5785886 6374307 6631890 5930306 6832484 6198693 4186063 3750699 
3287701 5440521 5425460 6232044 6773226 6470638 6250147 7244307 4850438 2878547 
4407649 4052681 5545378 5436016 5888675 5699685 6059190 5310040 4215172 3281254 
3438183 5503984 5257648 5392679 5466400 5696261 6055552 6137198 4363139 3465446 
2979303 5329468 4819238 5448184 5581828 4644153 5564959 5053590 4400549 2242860 
3885654 5310348 5771306 6363369 5700666 5475820 5458423 6077674 3968931 3501540 
3349687 5294270 5339100 6053291 6658591 4901117 5469520 6161920 4406339 3109553 
3714376 5563519 6220942 5854184 6087104 5819779 5411249 5412891 4447596 2837192 
3608646 5434060 4971843 6054066 6022362 6538037 6003636 6872737 4690434 3713350 
2653811 4665604 5567827 5504457 5473957 5212345 5580469 5322127 4162437 3364466 
2950366 4553626 5793436 5181471 5233596 5430958 5213523 5442856 4234053 3040963 
2459601 3638183 4699636 4203986 4369200 5035979 4300664 5401403 3826965 2818160 
3496017 3998938 5120997 5256879 5159266 4597289 4293863 5232293 3694394 2893136 
3875373 4450955 5127323 5024678 4614489 5553371 4665869 4147636 3686018 2294565 
4413967 4789297 5298324 5003039 4702685 5538365 5644688 5657701 3923337 2663443 
4114994 5080992 5293002 6212930 5119619 4702456 5659879 5695215 3957558 3114103 
3943919 5964721 5565907 5019679 5678409 5003558 5472782 5946121 4801450 3384778 
3715047 4146507 5585725 6182144 5023069 5370121 4734392 5009086 4048117 2729350 
3624498 5392932 5853585 5613151 5559930 4846627 4971753 4755708 3740103 3034307 
3413592 4097139 5393962 5836178 5668017 5184281 4775364 4987090 3596479 1996406 
4219925 4942880 5362810 5824512 5335766 5065132 4845247 4094636 3306104 2524852 
3797465 5064416 5724977 5090239 5763063 4689351 5136141 4198815 2715476 2839343 
4213644 4422935 5622227 4948956 4584860 5131034 4852455 4477581 3732609 1742085 
3819530 4694650 4522068 4979439 4072544 3804632 4734756 4598650 3383569 2861264 
4641574 4328015 5949559 4430727 3781196 4516920 4044502 4574418 3400000 2362250 
3372478 4601337 5148758 4928817 3436087 4210765 3398404 2465025 2741055 1708966 
3933467 4964095 5555191 5076940 4391953 4351130 4805449 4105637 3433060 2007946 
3293715 3390925 4511446 4417895 3651633 4254070 3435336 3471177 2851612 1741252 
3811693 3573892 4768965 5316213 5230682 4758220 5742196 5566333 3514447 3335730 
3142838 3819134 3979656 4472010 5023102 4723463 4850572 4717424 3116279 1955176 
2520360 4171961 3850226 3888962 5017538 5683761 5125040 5559827 4785470 2809508 
3528516 4630853 4116107 4606449 4517185 5203477 5814283 5825167 3901340 3008361 
2636253 3354855 4924119 4265473 4308104 4877724 5857229 6096023 4648465 3572190 
3886845 4290874 5444462 5490008 5624020 5498126 6391593 6069742 5308589 3069570 
2607312 3929221 3188158 5186952 4590058 4503621 5704847 6118822 4344641 4108463 
3801781 4038283 4717498 4046195 5332151 5614064 5903369 6665402 4750212 3835653 
3028920 4144648 4828050 3795616 4804034 4427171 5292095 5491885 4474340 3135081 
2979108 4295259 4641742 4883762 4221901 4140450 5733750 5828364 3698223 3383034 
3999078 4320971 5542530 4689831 3535053 4136312 4399577 4513635 3668831 2821271 
3697880 4534865 5454525 4347570 5292588 3707640 4848295 4590132 3465916 2311332 
4690377 5750575 5566857 5676557 4583888 4197463 4302563 4631480 3253200 2937091 
3643215 5837631 5726623 5706191 6029819 4950632 5008479 4308303 3223630 2825065 
4747227 5723256 6422241 5246738 5509452 4837490 4743214 5621335 4129586 2203244 
3370137 4924200 5551558 6355607 5926367 6785232 5695888 5686786 4060735 2771217 
3365329 4486789 6671620 5247056 5953778 5758848 5540118 6189447 4249148 2751257 
3220936 4363809 4349951 6247166 5955792 6954921 6709476 5440621 4656802 2084171 
3239250 4565094 5931565 5705545 6246214 6348329 5277047 4901958 3690471 2592711 
2911029 3623632 4593048 4142251 5891532 5876935 5908116 5679946 3484966 2575248 
2245635 4356603 4297764 4987225 5151567 4750846 5595354 4137036 3072140 2916376 
2301225 3750134 4995333 3455270 4567449 5393882 5459075 5122838 4068423 2878296 
2661607 4117808 5383243 3904683 4668970 5281667 4520459 4944103 3554137 2930882 
2717903 3400503 4735178 4050610 4419748 4709792 5400405 5251940 4356567 3307297 
3492910 4676771 5220426 5398147 4133383 5187945 4912573 4212666 4099471 2566375 
3212369 4565907 6043583 5334243 5247011 5920582 5277625 4441050 4279943 3053033 
3321749 5280973 5178542 5191476 5780246 5517515 5936379 4846096 3864532 2584281 
3200206 5073647 6371609 5838410 5688080 5884626 5144570 4706917 3877774 2862249 
3416171 4894171 5972800 5585805 6018498 6042576 5793081 5220535 3278124 2253603 
3411492 4972290 5879038 5938626 6180952 5769709 5615149 5152975 3878370 2300404 
2809986 4770540 5284237 6441792 5971628 6118109 5355815 5171602 3797455 2572732 
2910345 4805172 5069578 6094681 6153845 5769080 5529447 5132048 3296432 2028841 
2489474 4156319 5297908 4693640 6492012 5369885 5132480 5127474 3674266 2150057 
2826677 4230707 4869155 4688934 5299555 6341173 5564637 5633971 4217020 2869722 
2994409 4678712 4082533 4645748 5277033 5422024 5939305 5424447 3877530 2672990 
3239454 3219342 4789127 4695491 4240855 6032849 5490769 5173249 4640417 2732398 
2882520 4504442 4383837 4370181 5217689 5274037 5784357 5684745 4562081 3056531 
2664672 3700592 4121733 5077138 5734965 4971019 5707655 5803412 3778451 3462930 
3020934 3650171 4668807 5076820 5247793 5508860 5771558 5632299 4252751 2575463 
2688873 3625980 4842272 4604410 5358052 5449233 5535596 6580125 4441728 3240155 
2626790 3697605 4294601 4472333 4921379 5652099 5683800 6797433 4750268 3389323 
3394853 3665806 3191281 4325681 3970852 4417606 6428567 5678156 4601104 3961428 
2481393 3881546 2869291 3604091 3920278 4082464 5118899 5844881 4224280 2762811 
2910983 4175271 4067668 3319182 4081583 3492499 4427947 5630422 4154649 3000498 
1998413 4305618 3782604 3626854 4815175 3821057 3947128 4564725 2960355 2695141 
2598656 4171340 4234366 3451815 4180207 4825017 3730427 4611253 3860008 1779438 
2754577 3797080 4122548 3364184 4209057 4984130 4175206 4253357 3651472 1956915 
2671728 4496050 4492561 3747282 4717931 5827335 4606577 5253429 3794325 2502310 
2959009 3571720 3425665 3936794 3797198 4949998 5406864 4488854 4379623 2659060 
2467368 3161445 4282389 3437885 4830312 4959932 5133440 5208450 3788494 3088688 
3072756 4059797 4013932 4420125 3709645 4333746 4901194 5154003 4122830 3136436 
2734611 3609549 4195916 4499862 4920223 4634218 4317707 5597209 3928767 3059190 
3562076 4525935 5758204 4862755 5026800 4593962 4556788 4947739 4277815 2646929 
2955481 3882265 4717347 5845143 4864234 4390367 5235610 4596794 4363260 3227674 
2953579 5211513 5003039 6246659 4960566 5447219 5087360 5004753 3540284 2663108 
3027817 3477718 5187702 4812578 4491462 4415357 4589047 4924384 3008242 2709671 
2867687 3779597 4788221 4739554 5089288 5076361 4984927 4722729 3899254 2767076 
2731010 4457391 4643207 4283423 4457108 4737163 4253712 5370062 4697059 3410709 
3293482 3634229 4650394 4660132 4076083 4803919 4675147 4608427 3590604 3614560 
3042540 4105582 5885453 4792876 5196428 4188925 5667797 5497478 4141000 3521213 
2492728 5095584 5977535 5110398 5201474 5061503 5188380 5316654 4265366 2897562 
2988952 4492279 5205701 5470948 5605767 5117443 4485464 5185641 3703353 3354377 
2505111 4406453 6003809 5376804 5117997 5490206 5327819 4367183 4417023 2994987 
2025073 4340933 5207580 5041679 4966327 5124607 4570179 4002935 3227000 2719227 
3137160 5213900 5180972 5814379 5453883 5110798 4962989 4989617 3959184 2703197 
2981376 3933881 5858926 5520305 4900271 4665848 4359736 4265632 3055600 2293667 
4261056 5622684 6598423 6712058 5400684 5420019 4846463 4812564 3138234 2831453 
3106316 4742891 6114107 5692910 5872146 5393163 4574182 4598224 3313243 1419886 
4440722 5188736 6467495 5497696 5932967 5495302 5015936 5495921 4134348 2792851 
4311513 5158060 6301319 5988502 5257843 5841004 5265111 4777624 3641615 3061137 
4755585 5424398 6004980 6115768 5267313 5268681 6078270 5518024 4299033 3000994 
5050809 5236084 6839804 5274661 4898605 5199049 5308587 5231136 3901834 3122029 
4772864 5868366 5521964 5677044 5240945 5218371 5291403 5704869 4534721 3158090 
4185801 5413920 6448560 5559652 5734014 5243028 4947551 5529319 4083731 2697449 
3899923 5051691 6128227 4966397 4562577 5528377 4882600 4805016 4618935 3105048 
2836831 4624808 4738478 5031809 5100714 5831279 5730698 4872790 4718203 3181741 
2618506 4102890 5141821 4386337 5267290 5345088 5315023 5094108 4346388 3435223 
2247299 3418361 4083922 3915931 4797012 5699978 5386995 5939297 4759978 3453756 
2163646 4182871 4616793 5307771 4273488 5531062 5453680 5310090 4741466 3199746 
2884092 3219771 4006460 4112891 5636520 5155506 6258483 5648085 4608374 4002727 
3076031 4306568 3884126 4257887 4224486 5188448 5252644 5942971 4847227 2928846 
3247524 4121145 4135348 5333912 5097428 5449422 6352116 5929717 4375044 3181926 
2859797 4169963 5143359 4000694 5766146 4069448 4570059 5990895 4112057 3538892 
2437335 4876541 4668758 5331820 5641751 5291428 5988285 4558254 4171947 2029276 
2888716 4143367 4166729 5081696 4697756 5035415 4575581 4572130 3059241 2720835 
3676252 4292637 6377647 4769822 6199731 5490241 4665555 4754332 2757383 1622324 
2382896 4489884 4962264 5247668 5353890 4842823 5801262 4466564 2906653 1749301 
3138055 4547318 4546859 6479316 5522929 5366126 4755261 4061763 2866002 2096470 
1872627 3010346 4966689 5166677 5247102 5356063 4636755 5348796 3566946 2348679 
2116363 4207542 4811633 5378507 5010800 5164946 4558470 4596046 3465552 1982691 
2351084 3424084 3377784 5401702 5100384 4165582 4649658 5872137 3585663 3403210 
3459043 4271540 3961527 4822899 4138670 4329197 4386733 4909411 4569893 2623529 
3451924 4302553 5056398 4736198 4907677 5338399 5147390 5750910 5021885 3268446 
3255895 5243121 4377806 5150634 5636907 4964921 5147612 6932030 4453067 4164981 
3123418 5128442 5534307 4578363 5341110 4610487 5795888 5542073 4854622 3671244 
3292371 4494332 4782601 5440523 4972654 5614861 5391394 6239859 5024505 3644525 
3136697 5582709 5564834 4472522 5675041 5367204 4076228 5608078 4034315 3531181 
3405570 4295585 4962942 5170754 4567474 4414658 5762850 5947718 4266382 3707878 
3822834 5495270 5583144 5872332 4792080 4768124 3748200 4442566 3964127 2096836 
4025558 3844757 5733024 5418779 5090421 5289576 4383282 4682434 3717435 2920612 
3534161 5293724 5423235 5329296 5642035 4821368 3975032 3990721 3095255 1896556 
3405158 4483229 5674808 5621762 4901527 5183009 5349089 4416360 3448350 2343851 
4195114 5288612 6171737 5707394 5054866 4751022 4653771 4301271 3205973 2386536 
3809783 4588102 5219884 4654454 4764310 4024422 4264624 4645285 3642412 2198296 
4964538 5883160 5163357 5299913 4703357 5094000 4387157 5536439 3989001 2431238 
3746753 4569792 4556610 3873118 4261764 4466917 4767917 5082711 4685512 3553865 
4143566 5957519 5381511 4317638 4361556 4792544 4618386 4924463 4366749 2416567 
3090930 4449917 4349926 3374648 3709308 3806727 4386136 4769722 3673222 3295430 
4363324 4850696 5357635 5233026 4487943 4932736 5533021 5238351 4237803 3480495 
3899017 4811309 6016857 4186612 5046171 4964396 5179708 5432506 4482432 3388999 
3660555 4380268 5995791 5401701 5015581 6269789 5706554 5697449 4037435 3264434 
4212989 6353598 5812236 6274566 5998711 5987081 6644143 6632029 4589311 3490956 
4082083 4310911 5839237 5940511 5875437 5970894 6251889 6147655 5082347 3008042 
4258545 5136087 6377604 6722638 6231467 5957020 6219357 6306834 5170379 2751898 
2696493 4307768 4620577 5726590 4991600 5402780 5406557 5085250 3672668 3113723 
3095147 3685524 5176928 5464333 6006978 5030273 5422864 5061266 3835370 2553599 
3259285 3765434 4364399 4576054 4383126 4508751 4882711 5136068 3873924 2070090 
3798329 4462093 4775243 4380932 4122294 4046880 4361017 4398814 2979037 3613444 
4374856 4451628 5348797 4820689 4161003 4595423 4569790 4258472 3778049 2754237 
3509319 4901888 5227385 4468878 3598299 3560703 3814593 4355717 3504226 2468803 
3411583 4795500 5779543 6243423 5231946 4547145 4291357 4966409 2691861 3184710 
3122207 3981368 4843168 4252013 4195366 3902537 4522923 4132345 4128672 2842987 
3273386 3730613 5239985 5329749 5591217 4670885 4730978 4813493 3397474 2881609 
2735167 4469301 4298715 4870720 4039613 4908361 4767277 5353568 4244768 3044325 
2658864 4122771 4185591 4922580 5319197 4674132 6284746 6159241 4078215 3178734 
3259986 3492348 4657300 4576368 4988850 5143685 5362242 6022553 4283289 3522013 
3023801 3626849 4197128 5017110 5402061 5959451 7383454 5861668 5509685 3084456 
3951222 3912469 5610376 5050897 6022769 5928905 6341416 6678880 3796188 3370613 
3207602 3305359 3560431 5264939 5359688 5647285 6043001 6847309 4482177 3349266 
2911028 4654592 5175639 5395259 5960562 4967554 6781375 5440187 4985188 2921158 
2934974 3719214 4807774 5047893 5970307 5849858 5843962 6164496 3767217 3337482 
3432534 3914490 3786563 4858461 4934605 4545295 5216158 5643831 3696883 2445287 
3149906 3533033 3937901 4321820 4633433 4735212 5155254 5221384 4267577 2275818 
3011640 4596098 4371816 3977492 4384507 4415513 3636807 4849004 3780390 2971318 
3131385 3957418 4094096 5386258 4973868 5063886 5114737 5279249 4711991 2392137 
2504035 4056415 4747639 3878680 4904305 3552333 3442099 4159324 3199316 2433673 
2976925 3522426 5235736 4453484 4957837 5858212 3945530 5691875 3422446 2456146 
2754455 3908133 4979486 5671980 5045090 4848708 4729067 4494778 3402535 1783555 
3065337 3757755 4490127 4446690 4935736 5628975 4903053 4801686 4104073 2601096 
2887450 4110356 4356865 5240974 5103427 4959972 4402760 4593360 3132500 2257908 
3073994 4260747 4091783 4417985 4667051 3967277 5812961 4552110 3559728 2849376 
2927739 5088738 4999952 4536654 5884825 4980880 4932898 4859598 3204268 2800899 
3074161 4320547 5042205 4205391 5257336 5106899 4743359 5210261 3025827 2661639 
2676181 4239380 5312650 4894287 5122680 5416151 5938415 4650926 4119033 2510639 
2493905 4232511 5709508 5425040 5360805 5899321 4726824 5486194 3889902 2255272 
3196448 4165515 5526625 5817473 5712427 5942958 5847490 4893935 3396646 2932183 
3469537 4096872 4816183 6025640 5314391 6255404 6018861 4621155 4021988 2277450 
3536872 4144690 6113518 6652489 5429103 6017154 5492168 5561567 4013815 2874507 
3877376 5364379 5314422 5900250 5578311 4777915 5309879 5156481 4089803 3784862 
3509150 4486956 5358376 6559172 6030235 4936535 5747496 5473818 3828283 2983387 
3794008 4019297 4808246 4982816 3951418 3473855 4885616 5875313 3875931 3425157 
4123792 5321326 5043945 4678192 6187028 4314201 5096253 5687067 3818604 2926120 
2967227 4841125 4631256 4678421 4575663 3307491 3913269 5040041 4069930 2465037 
4136807 5488914 5715620 5836827 4785052 5096636 5009021 3988129 3312709 2556535 
2788863 4554703 5021587 5469567 5034191 4629396 3989827 4481112 2856631 2248302 
4588360 5277018 7012715 6378831 6646314 5158816 4836844 4750799 3021814 1418399 
3174174 4877216 5511066 6243185 5989796 6252826 5752585 4332160 3311130 2918016 
3277741 4844852 6460836 6621057 6616295 6704866 5614618 5397056 3832566 2158252 
2958346 4415211 5118925 6832552 6813602 7676452 5963236 6081800 3866829 2681852 
3029332 3959562 5924725 5510248 6597996 6163787 6409652 4765812 3934915 3092608 
2757552 3957944 5804286 7120169 6932439 7682776 7396437 6313549 4786686 2917072 
2414600 4319042 4768585 5830120 5726218 6200392 6065624 5865784 4126400 3336478 
2518633 2885823 4982931 5525101 5667653 6725152 6624011 6002680 4826139 3557163 
1840832 3120450 3453332 4159575 4953044 4898255 5665480 5663431 4018100 2396484 
2514115 2604455 4221195 5155651 5443244 6113839 6443407 6839473 4789847 3749005 
1857403 3079088 3180753 3394228 4836264 5339869 5626567 5491319 4588176 3153725 
2870824 3833919 5351588 4136071 4954899 5100925 5355322 5013529 4187795 2832973 
2855534 3771387 4866026 4423136 5090528 5467531 4929298 5735547 3584074 2695011 
3554488 4982146 5560048 5797654 5233946 4763759 5325039 5084205 4249690 2466826 
4173965 4738448 6364220 5993445 4841296 5262578 4487385 4489615 3499701 2205370 
4408120 5243051 6041433 5711482 5379560 5042936 4083470 3815260 3243417 2325400 
3007995 5677726 5626272 5341047 5950186 3763175 4092284 4034905 3253740 1825903 
2779292 4924871 4801573 5655597 4239137 5392597 3517080 4523086 2739458 2073050 
3071339 3772172 5137766 4739554 4396329 4365693 3563508 3784729 3514212 2330216 
2924775 3612576 4004813 4478301 5178291 4950139 5060498 3966758 3566344 2485319 
2746687 4032824 4598582 4387174 3752385 5613842 4717115 4170857 3818831 2839741 
3677521 4662239 4779715 5152606 5140808 5527510 6465672 5613833 4375651 3191305 
3212566 5131966 5900006 4189926 5353793 4669224 5096826 5546813 3337195 3386341 
4456139 4535722 6099373 5649545 4441791 5661120 6352718 5532477 4400258 3531362 
3219883 5957749 5880843 5569249 6247848 5530434 5663005 5476454 4114648 2498780 
3990152 4163054 6132133 5371643 5035409 5364224 5209586 5770449 4059125 3211631 
2781412 4768041 4362493 5609813 5855473 5177822 5413437 4390202 3056816 2073354 
3185055 3401529 5000193 4264986 4554358 4729873 3994130 4296569 4057339 2079476 
2683183 3776138 4528840 5205781 5256520 4992911 4540944 3768128 2712126 1630933 
2091351 3913797 4981414 4402560 4169652 4925865 4240787 4767952 3251499 2707103 
2917237 4911305 4519592 5300897 4752791 3905754 4899544 3759727 2800681 2322991 
2972231 4332182 5114457 3798386 5101877 4791876 4480576 5653880 4003798 2995322 
3872900 4778567 5708233 6181937 4450612 4888076 4572579 4867253 3951397 2526394 
2863142 5111176 5242049 3888773 5023709 4654604 4522271 6275323 4531546 3738127 
4260162 6071035 5879316 5814090 4826389 4800367 5122585 4268589 4017479 2636886 
4292412 5774085 5839094 5185165 4642725 4245983 4485234 5355910 3709605 2934997 
4459996 6000700 6727128 5398542 5661420 5352440 4134184 5420630 4050302 2596327 
3835729 5994891 6418192 5225827 5905690 4769997 4295165 5309917 4610932 3106550 
3966183 4852712 5620491 5113258 4519044 5358354 4122478 5059542 3743064 2515496 
4100380 4735246 4556910 4417384 4924081 5630666 4814627 5956852 4656345 2872525 
3510833 4350278 4977858 3766790 3992376 4948928 5256217 4468296 4031328 2546695 
3220991 4739161 4184878 4057557 3692936 4904573 5459373 5717769 4645106 3050024 
2539070 4097277 4194690 4849748 4111885 4408344 4721474 4936043 3531908 2769988 
2980809 3831214 4310760 4474161 5061118 4354078 5521779 5290801 4261755 3085276 
2376844 3208162 4310644 4704000 5263968 5643775 5821585 5242311 4268648 3224819 
2658240 3519702 3403727 4186940 4083541 5155743 4660747 5283870 3006683 2905465 
2210109 3868021 4289832 4352428 5185198 5140496 5851581 5522616 4467609 3406863 
2623594 3630191 4228360 4129673 4288037 5310329 5449535 5073447 3967522 2578097 
2794478 4011146 4640000 4414276 5064279 4248177 4983396 6391266 4145458 3754739 
2776613 4799113 4771200 4959032 5160856 4747152 5555147 5059948 3719126 2699824 
3570846 4814243 5073900 5070282 4754649 4552042 4706848 4824642 3990798 2763272 
3549464 5230116 5905503 4996639 6139368 4884255 5121098 5624176 3296124 2986669 
3221744 5658757 5655956 4785889 4981912 4173522 3974071 3737656 3231910 2350033 
4473716 5586882 6399535 6083856 6104443 5087550 5502545 5428262 3742858 2998573 
3553972 4584204 6179781 4223920 5136657 5085491 3776347 5071514 3411074 2261350 
3928881 5533255 6032249 5175660 5010455 5393929 5865139 5910556 4945408 3541691 
3167293 4652336 5144365 5025609 4673555 5361205 6121154 4700915 4498707 2963641 
3199341 3564379 4833664 5478512 4465850 5525034 6465356 6564840 5059264 4200427 
2585862 3170258 3978572 4238042 3687649 4878170 5775386 5420130 4491301 3204465 
2280278 2885727 3607673 4336622 5225919 4643563 5841438 6268882 4495839 3611702 
3002849 3484407 3779225 4241919 3413350 5059503 4641585 6423719 4847152 3020547 
2753358 2559987 4071384 4535367 4129343 4981357 6194250 5281508 4352310 3579397 
3604850 4127836 4174240 4502540 3731984 3689990 4970351 4824599 4051214 3383780 
2667437 3582892 4211073 4936202 4996749 5296390 4948022 5763955 4311177 2940918 
3313460 4231548 5263094 4540509 4526681 4220608 4823091 5179635 3409819 3461940 
2618314 3513017 4176616 5131222 5781124 5262768 5859099 6079065 5088239 2903106 
3632699 3789249 5416565 5338084 5152633 5711833 5118689 5861281 4260635 3084381 
2554316 3916578 4736280 5487656 5917008 6316022 6823696 6804551 4538584 3676455 
3282196 5252136 6040704 6420115 6643870 5730479 5526019 5005225 4945205 2506760 
3839679 4539601 5598008 6162288 6155379 6142295 6017452 6205729 4416170 3296521 
3445888 5922542 7278638 6104983 6690538 6501182 5325591 4835455 3900735 3035543 
3593595 5736270 5782231 6578917 5203112 5339473 5457809 4891410 3852051 2620763 
3650717 5220901 6844055 6673839 6405913 5726989 4788475 4323488 3689523 1726020 
3003979 5249119 4764983 5574086 5252589 5020313 4294893 4286672 2626530 2962609 
2676030 4339511 5300372 5981004 6020061 5520778 5124944 4314602 3076871 2256864 
3116561 3783550 4408100 5284272 5474204 4925386 4921231 4750828 4016394 2248192 
1755984 3841348 4444257 4818266 5792153 5892320 5025821 4737871 3676653 2997902 
3098467 3356846 4911378 4927606 4218506 5064650 5399480 4407799 3055347 3280380 
1870745 3088088 4283211 4507152 3748584 5063650 5168413 4676806 3656798 1743748 
3378935 3378368 5118152 5709453 4523534 4988976 6198189 5217017 3591471 3187968 
3068144 3165303 4497756 5073557 5200767 4489682 4302841 5010450 3169493 2817414 
3799624 5927075 5193677 6235456 5287358 5531221 6383434 4572605 4185382 2773499 
4362815 4829618 6533357 5987959 5599252 5618163 5317988 4828571 3050879 3237965 
4483618 5948933 6255786 6183822 6190919 5153114 5703960 5311566 3788929 3241825 
3755351 5292376 6262219 6864226 6416320 4981448 5330989 4878961 3150776 2114770 
3494842 4870511 6378511 5765111 6013866 5911506 5354569 5487175 3896904 2946275 
1963795 5144296 5608963 5856341 6988183 5867990 6090927 4570228 3539323 2597649 
2890563 4203376 5251669 5545708 5781137 5268908 5974727 5912108 3915049 2653196 
2990788 3599732 6310664 5701594 6138341 6490744 5324571 5208940 3441929 2260787 
3398304 4387409 5798061 5835937 5617673 4860283 5917934 6283226 4196169 3430550 
3361937 3881084 5913531 6014600 5804120 5537395 5658088 5469235 4137868 3008467 
3157460 4171099 5285160 5355323 5199711 4775041 4962463 5979523 4613443 3074807 
2445223 4321020 4294882 5403687 5786294 5599315 5372020 5235306 3905532 2945222 
3113795 4078261 5150961 5477874 5657798 5267177 5234968 5279600 3659346 3051800 
2874951 4320803 4444847 4470180 5506596 5577268 5706184 4855855 4393966 2183565 
2400265 3840427 5133872 4580719 5184812 5045985 4428277 4525894 3076546 2508113 
3011083 4613344 4057194 5191321 5032181 5278616 5925864 6415223 4254136 3070738 
3246577 5100784 4993410 5365256 5724474 4862706 5123132 4909832 4344272 2491042 
3784170 4462739 5457631 5602697 5774034 5847245 5461986 5902827 4844255 3324904 
3541089 4693673 5899313 5428378 5484764 5656867 5368655 4816735 3898129 3276141 
2934019 4022505 5851057 6375421 6263336 6719121 6626332 5746318 4612535 3334868 
3884090 3928136 5736749 6611911 5367608 6465915 6093505 5450135 4023264 2749919 
2884353 3772308 4482642 6306962 6034388 6587535 6455072 6400014 4889466 3297302 
3729893 4273062 5126268 6237466 5950475 5825827 6233985 5122807 4430980 2670737 
2776648 4557831 4510544 5419915 6272945 5215755 5613638 5723616 3845082 2826045 
3624721 4206073 6575181 6130677 6549660 6215507 4404590 4666644 3202703 1796519 
3240485 4756183 5519533 6297468 6319586 5593027 5251009 4583317 3070239 2311420 
3875172 4898570 6005360 6063661 5526698 6588662 4796635 4981894 3606836 2107219 
4254110 4489278 5116232 5177811 4959738 4955253 5878633 4926566 3751563 2794629 
3698586 4686349 5808193 5847968 5508244 5577384 6787610 5792446 4336060 3349266 
2749817 3575946 3664803 4484720 4935293 5539006 5724351 6345716 4726760 2797825 
3114337 3779044 4986073 4988591 5923721 5185390 5580256 6026687 4537516 3163854 
2326637 2705415 3919669 4844072 4578925 5561608 6163600 5735476 3849024 3317890 
3266136 3970279 5497271 6310682 5406273 5615244 5944984 5416629 4335612 2779800 
2321828 3772707 4200472 4847369 5957008 5515478 5276778 6425165 4496872 2728478 
3518192 4638261 4874326 5673246 5979994 6012190 5253123 6497187 4741446 3854430 
2716764 3149678 4075831 4391905 5508248 5754898 6914196 5961170 5641848 3794910 
2155164 2983458 4875691 4243897 4667179 6212591 5933246 6478336 5495063 3832045 
2160990 2795040 3284597 4937729 4439214 6258646 7421616 6101724 5283200 4169813 
2369053 2942426 4213257 5598988 6085137 6669417 7241757 7207090 4936957 4299375 
2586955 3154152 4391636 4938729 4815739 5692146 6799796 5945004 4584483 3331236 
2254350 3834809 4790876 5697466 6257641 6308768 7305839 6430298 4988350 3920823 
2984201 3292013 4617915 5665310 4742205 5420862 5351681 5351401 4356199 3274860 
1647217 3195880 4153811 4641038 5420711 6170875 6195515 5846040 4499475 3465909 
2022335 2997932 3118952 3918856 4061380 3727676 5663134 5285760 3694521 2979413 
1814005 3647769 3254061 3627656 4278975 4389938 5662302 5645149 4420294 3120474 
2461244 3570720 3586366 3751097 4334128 5149686 4217239 5598179 4361931 2830899 
2401168 3735764 4616085 3425699 4423760 5123118 4814385 5367183 5080059 3267444 
3315840 3864907 4060960 4611457 4127215 5137606 5797888 5037799 4426782 3248999 
3888463 4933670 4938070 5677513 5506772 5720639 5509960 5414720 4669281 3262757 
3901724 3857548 4826997 4458002 4559429 5099873 6106605 4763164 3939341 3214573 
3709299 5258543 4629052 6387238 5958121 5613196 6140288 5398191 3772389 2733317 
2959353 4417942 5151933 4872359 5238583 5709839 5081330 5635062 3945632 2843688 
3411697 4901013 5287824 6316293 6120714 5547455 5614319 4999414 3472638 2448253 
3222806 4697950 5225479 5014171 5094549 4487273 5005362 4546619 4140578 2668990 
3516768 5083796 5884461 6134943 5797136 5395646 3858450 4560124 2725006 2264159 
4173687 5174817 5913869 5539005 4555828 5230608 4871016 4959480 4355050 3003492 
4422873 4876799 5757466 4771780 4413493 4692733 4283863 3365590 3596423 2405206 
3992446 4582374 5504201 4634681 4176410 4265010 4109326 5568189 3966705 3191405 
3499471 5424639 4547474 5639408 4828204 3727319 5276598 4237849 3810509 2467538 
3245918 4559544 4363425 4669041 4911239 4576191 4674157 4809222 3961376 2848224 
3400921 4403661 6023961 3835106 5054258 5204576 3650646 4729010 3225458 1624064 
3861637 4410699 4322259 4974470 5003985 3717818 4687465 3528599 2588397 1733630 
3208752 4785295 5127831 4427700 4696701 5915470 4433145 3416574 3309482 1257212 
3755274 4132933 4415552 4805501 3690142 4638750 4112884 3519068 2570739 1744225 
2613021 4979558 4390995 5095169 5150279 4367748 4737344 4145173 3007320 1707420 
3298812 3894765 4853374 4971181 4020714 4685113 4165246 4358645 2956849 2392001 
1938525 3974918 4474821 4532985 5533081 4231652 4127409 4865929 3595121 2257759 
2213865 4255916 4498941 4076825 4697965 5349949 4209190 4625254 3835557 3015440 
2722378 4764918 4878522 5682034 4929480 5040350 4356329 4357172 2521449 3185900 
3437953 3605974 5326898 5000062 4735759 4874038 5008680 4746825 3765637 1788532 
3683843 5676809 5920003 5670364 6135291 5473017 5021496 5350544 3150651 3236098 
3844367 4913466 5468822 6041520 6198133 5866985 5199520 5276182 4436024 2677203 
3894693 5877414 6520414 6301502 6965048 5919213 6552933 5110406 4537100 2895398 
4280752 4756665 5996221 5260980 5209683 6529694 4953651 5991652 3866521 2882847 
3863449 5491089 6549682 6818735 6522707 6114325 6603647 5379033 4992605 2905143 
3897987 5117854 6064093 5581353 5078952 5868932 5618478 5655031 3708269 2918823 
4182091 5366970 6412122 6157584 5933338 5539965 5263528 4897505 4298059 2447447 
3588601 5033561 5442466 5288250 6508740 4563401 5048136 4502363 3593804 2563938 
3148984 5197899 5524652 5516072 5619544 5230240 3809715 5083209 2574569 1987267 
2669893 3864114 4578857 5096509 5680888 4668998 4688695 4306478 2679021 1695665 
2157342 4118429 4138822 5129608 5226165 4834999 4930445 4488665 3330464 2364488 
2044775 3564390 3641929 4609645 5085834 4544108 4729336 4989979 3843031 2450662 
2549264 4051609 4153648 4251582 5305981 5295876 5920391 5525817 3840185 3018586 
2343447 4090488 5158653 4570597 4639430 4967866 5087200 5885301 3880505 3498933 
3496411 4568783 4643207 5257138 5834835 5459198 6255783 5401353 4443393 2937984 
2931771 4463266 4606837 4328080 4508739 5831710 4710906 5261279 3407691 2765647 
3961833 4959122 5296187 4421926 5289639 5863107 5568671 5818934 4456716 2464902 
3064227 4662223 4363671 4409618 5390865 4146002 5898611 4757158 3901118 2843198 
3815601 4769888 5284166 4724437 4358498 4751594 5384642 5421047 4321764 3367964 
2906557 4598185 4775157 4281110 5713747 4306313 5138706 5599744 3711595 2762842 
3186176 4779739 4959008 4568155 4962692 4490612 4948643 6637161 4199143 3295279 
3131842 4401513 5019161 4870483 5619375 5304899 5034322 6620643 4178866 2920031 
3560728 4829201 4437348 4814861 4814493 5478521 4364710 6275733 5043814 2454067 
3289607 4244471 4899890 4714639 5483130 5398171 5310885 6016485 4572196 3328417 
3234378 4558554 4283108 3942589 4850415 5286357 5539666 5200085 4897378 3025443 
3126420 4535521 4421633 5110230 5184861 5600710 5779700 5303726 4797262 3642848 
4200381 3799748 4197479 4517753 4563097 5086616 5568595 6774013 4247492 3459379 
3650179 4618941 5520878 4103454 5411021 5078709 6905252 5756973 5170139 3847636 
3072484 4426274 4555373 4138843 4728249 5366188 5859364 6167109 5569575 3268785 
2593100 5358125 4736768 5568656 5476824 6763592 5919236 6816115 4872440 3368404 
1946216 4209519 4558286 3935778 5506381 5196868 6184435 6504057 4807085 3559115 
2733157 4551266 5120059 4099441 6375999 5455763 6265918 6179034 4756875 3344139 
2928655 4224718 4837138 5676459 4925427 5801337 5497706 6348229 4237100 3206120 
3309856 4562557 5953200 5373549 5887854 6041029 6153785 7518830 5201646 3680061 
4452743 5412376 4730016 5589575 5198174 5142350 4811460 5942058 4669571 3416101 
3623741 4734192 5081924 4952748 4983598 5512837 4923789 4884120 4860208 2922439 
4491274 4859642 5183962 5123297 4902256 4504569 4980469 5228242 3815644 2957558 
2619414 4633800 3910666 3853715 4140515 4746169 4295411 4103549 4025488 2590574 
3646051 3842945 4591775 4104364 3173226 4020283 3707557 4199479 2926733 2688797 
3170845 3428452 3843388 3585243 3297392 3108513 4362680 3604883 3090607 2094987 
2483140 4319635 4234282 4295319 4063074 3250833 3879604 3724147 3058913 2796721 
3378609 4851843 4514768 3794281 3774036 4084179 4006712 3955540 2697656 2347177 
3526600 4134329 5778529 5299985 5246799 4382087 5227883 3819009 3386984 2807182 
3504045 4550915 5892163 5003686 4595143 5167917 5028826 5298620 3037579 2364162 
3557689 4823460 6436822 5832924 5384461 6329881 5251582 5207140 4429960 2395280 
3614764 5411830 5848141 5192288 5220434 5863984 5799988 4134148 4258802 3086973 
3619298 4881858 6519041 6702446 5450204 6023141 6039164 5002023 3565430 2744288 
3122950 4016781 4892744 5351347 4380588 4666941 5657743 4735652 3377512 2657471 
2609951 4119574 6201834 5607860 5572411 4935105 4963697 5005722 2939279 2816263 
3222552 4373454 4954689 6026576 4915676 4492517 5055069 4984224 3765520 2470635 
2804696 4688203 5177826 5474469 5947628 5224389 4960165 5409942 3539230 3084360 
4717107 4637524 5724204 5675575 5876010 4876068 5096965 4954104 3264079 2808586 
3517814 5234008 5966591 6368730 6040212 6006394 5919904 4660491 3814891 2682526 
4566530 5679925 6151827 6401185 5621431 5732081 5402981 5296269 3840198 2522185 
3765249 4994477 5617844 5641060 6064915 4764166 5169659 5630244 4058292 3072082 
3882995 4681308 5736588 5408254 5109306 4328769 4847166 5187573 3703287 2769081 
2672212 5193841 4467895 5925316 5772062 5209595 4771345 4707252 4329873 2113535 
3540981 4806348 4374562 4838738 4735567 4834823 4282150 5772802 4375525 3137806 
3276458 3856663 4616910 5165522 4662192 5321585 4776287 4431980 4188839 2687473 
2549838 4642627 5132738 5076554 4705524 4610382 6086817 4603629 3905510 3539791 
2770517 4210136 5092984 5192865 4390656 5341165 6441574 5121803 3768294 2784213 
3421292 3768188 4795679 5230267 4342609 4644819 5744775 5199334 3262121 3524199 
3871368 4585588 5169232 5214604 5405926 4197196 4725728 5379953 2886145 2530427 
3395400 4126687 5173762 4263903 4780581 4683161 4966659 3749382 3774126 2193832 
3664630 5563132 5090642 5479244 4947397 5081112 4040948 4086505 2967107 2692870 
3393262 5495145 5354174 4532427 4457375 5007136 3735712 3490189 3059899 1765815 
4239344 5316472 6501940 4997672 5723191 4350851 4975837 4011030 3245326 1867345 
3368849 5664219 5924561 5610868 4805953 4738196 4047441 4357927 2996831 2230698 
3176913 5199085 5931929 5816947 5520102 5353075 4250381 5020167 3297465 1914032 
3700623 4307033 5946008 5762170 5358096 5559154 5460428 3950477 3690397 2315471 
3617478 5448128 5851649 6299807 6230926 5792121 4998643 5734307 3421154 2241136 
3222975 5097526 5811621 5378760 5307567 5734044 5490483 4344231 3763659 2451706 
3340835 5486497 6114036 6386821 6072449 5597012 5782875 4775759 3076122 3017470 
2924128 4764463 6474214 5246857 5460239 6211027 4104706 4254959 3407160 1769896 
4314906 4526728 5636407 6804280 6083950 5254573 6281025 4137835 2310551 2632687 
3140437 3891458 5480701 5291149 4718700 5296315 4676916 4225753 3136117 2330503 
3777131 5092783 5257812 5269731 5304385 4745777 5444628 4390877 3599935 1961597 
3218526 4397965 4286252 4857877 5589799 4564966 5657513 5270442 2791066 2759189 
4251249 4161449 6025557 5649308 5179319 4924111 4921519 5753385 3720269 2742147 
3198982 4885066 5732159 6115997 6061629 5804276 5533222 5171719 4455781 2124889 
3626638 4614861 5731271 5753296 6033551 5353083 5367479 4679697 3885505 2654533 
3217890 4602731 5571936 5934255 5730142 6692576 5568621 6303146 3783002 2725658 
3729276 4381731 5555087 5097268 5009163 5051260 6350336 5039946 3793351 2656466 
3692962 4176065 6242793 5030333 5684951 5545282 6422121 5769405 4383537 2737226 
3719052 4701753 5723044 5853180 4083172 5451693 4974558 5369101 3482862 3293289 
3317774 4298059 5188959 5903823 5520063 4492611 5579128 5416185 3970349 3061003 
3164188 4923610 6204716 5966171 5803541 5012482 4716529 4405988 3633660 2588779 
3235810 4324073 5083788 5996657 5814002 5069764 5309976 5227117 2665002 3052426 
3507230 4708492 6133947 6781154 6713629 5699975 5098764 4698118 3584940 2019753 
3834830 5313166 4303022 5861127 5597749 5511258 5810610 5188001 3483703 2784319 
4312032 5692988 5921365 6123174 6704987 5726001 6321275 5727889 3581236 2914749 
4005994 5143689 6491124 5767743 5977804 5978534 6726643 6199781 4612420 3168826 
3750878 5915546 6152855 6257851 6941278 6742699 6483904 6628538 4592442 3056189 
3824145 4888102 5933852 6069623 5304305 6220966 6215964 5676534 5019699 3572173 
3781360 4467120 6195365 5618106 6367432 6279835 7545803 5783468 4583858 3474505 
3131604 4301119 5698690 6312425 5997947 6092217 5938301 5825484 4253076 3057371 
2881216 4838057 4561320 6570717 5036712 5696087 5885913 5335712 4067387 2570403 
3724471 4131625 5735278 5734062 5884338 5834363 5343315 4554006 2989011 2406003 
4326137 5130665 5311775 6055910 5382819 5539965 6730727 5779464 4983539 2977154 
3688248 5463774 4892750 5993697 6119078 5885388 6029391 5588719 4237980 2854983 
4119323 4936888 5680915 5549826 4988108 6011087 5013538 6752061 4719597 3605242 
3881820 5626485 5648116 4728762 6352767 5839692 6535791 6236124 5155144 3466016 
3856909 4774517 5500576 5594196 5273039 5774854 6190708 6357870 5112398 4152763 
3591773 4686551 6490901 6132536 5497640 5970766 6000160 5848696 4188133 3293428 
2825748 3963240 5697909 5079341 5829961 5692813 7047833 5691056 4366150 3350057 
4091975 5052206 6022292 6653050 6739933 5854464 6361615 5280939 3784362 2529351 
3435680 3453041 5243445 5526462 5504097 6539044 6578430 6318079 3992477 3039102 
3632550 5295969 5784957 6356683 6605036 5831867 6965672 5171731 3825456 2599086 
3156849 4718890 4769348 5639427 6179317 5655760 6284832 6067532 3899227 2432795 
4116029 4271591 5751387 5607867 5855802 6247699 5873686 6199607 3462506 2952372 
3286299 4460041 4968461 4374635 6316915 5749154 5305914 5553416 3749491 2216764 
2844538 4867658 4954450 5050326 5440271 5594461 5338217 5494443 4250717 2480572 
3591709 4774362 5641422 5552049 6092795 5176985 4472206 4990668 3103650 2092679 
2182492 3651883 4779509 4858593 5743183 5206231 5427415 3905696 3774197 2397495 
2698261 5399625 5013451 4922960 6326160 4381988 5440924 5149636 3158021 2447507 
3194202 4428582 3954755 4874234 4306812 5178457 4977076 5029890 3417432 2568966 
3671410 4711470 4931568 4712395 6184362 3869426 5987081 6002359 3772486 3365691 
3706368 4530952 4268886 4595131 4995563 4523280 5038227 6187247 4403887 2909252 
3098573 4877200 3689303 4721416 5315988 4685131 5160501 5841371 4424330 3224276 
4190200 4674857 6136306 4523747 4882007 5117756 5269757 5370420 4259860 3109423 
2916341 3942898 4678158 4432293 4667882 5659081 4834140 4732674 3672300 2612735 
4110591 4567418 6368585 6081017 4481347 5437716 6096272 4875773 4231569 2811235 
3107680 4111887 4289834 4874314 4045971 3804593 4735264 4007450 3108864 2118520 
3921890 4784191 6564165 6083457 4803713 5610737 5768237 4947277 4588363 3470404 
2977421 4182585 4441186 5317093 4608083 4137408 5150386 4268740 3390072 2412641 
2694995 3631946 4477166 4607566 5058932 5126743 5091770 5287529 3605394 2733827 
3343372 3698574 4221071 5360899 4883327 4876073 4384524 4017653 3232657 2129256 
1978903 3734199 3586256 4448423 5139985 5792014 5152726 5468971 3540599 2138168 
2869985 3846840 4904477 4404526 5151380 5596629 5076902 4626425 3666481 2421741 
2528430 2521533 3136446 3377557 4151282 4650768 4753684 4948480 3546140 2263438 
3305874 3632154 4099330 4958870 4476292 5826126 5946084 5224917 4051024 2929438 
3339123 3780875 4747186 4565776 4050503 5397534 5220411 4635789 4611089 2833760 
3768674 3806127 4540570 5710354 4426851 5413587 6604240 5880399 4337000 3453284 
3739200 4843341 5305041 5546393 5507753 4619024 4643928 4637994 3239614 2765312 
3274755 5203051 5234368 5767283 5760847 4988369 5784282 5296344 4206559 3134466 
4065808 5216395 5710841 6014540 5506502 5052274 4571006 3983211 2968367 2588566 
2879790 4542932 5063338 5088040 4822004 5355676 3955946 4857247 3596139 2626840 
3414106 4853494 5234255 4265572 5201144 3769452 3972577 3885004 2719495 1807144 
2948086 4097690 5393366 5345739 5091753 4339302 4754279 4297089 3510211 2595893 
2700531 4795182 5262462 5135509 5059046 5214419 3971461 4114756 3849024 1718677 
2515785 4118225 5925020 4344183 6184680 5132949 4466886 5464011 2732429 2989104 
3035398 4928777 6085712 5259089 4786256 5516199 4290227 4586878 3967705 2028784 
3734715 4662424 5449373 6222153 5451713 5879180 5265570 4485723 4359179 2761152 
3091622 4021966 6421011 5694675 5088278 4901300 4772460 5590162 3865507 3283661 
3354785 4929354 4497933 5512433 5537813 5260536 5018355 4019558 4270332 2165696 
2838180 4784526 4670103 5294051 5134296 5117169 5074279 4244545 3400129 3493319 
3448439 3240012 5900745 4182958 4744165 5118974 5361023 4194912 2496401 1793450 
2948088 4996382 4148869 5045861 4963079 4812520 4681213 4863445 3393252 2175814 
3701334 4681069 4463407 4967346 5697994 4425609 4425012 4947737 3069116 2151243 
3497003 5132007 5472834 4696073 5382472 4408577 4938538 4549219 3139841 2521195 
3050702 4910744 4925184 5650968 4868192 6139647 4694009 4913734 4061626 1933258 
3280355 4436715 5573556 5564274 5839093 4801786 5168506 5660407 4328499 3059760 
3061315 4139911 5896536 5694515 6114945 5798991 5430625 5215201 3958853 2765424 
3358419 4636942 4242673 6012930 5267967 5948983 5734271 5476275 4728331 3309984 
3061108 4058137 6244949 5606523 6479810 6415402 5344515 5032781 3727286 2465547 
2057420 4358267 4290314 5319191 4735846 4863286 5667598 5474324 3944958 3140640 
3304004 3973273 5488688 5556853 5068171 5175115 4897731 4296428 3210409 2437914 
2134131 2785815 4101074 4252783 4520259 3438886 4006025 4349687 3216499 2289481 
2810623 4502327 4709352 5090863 5406026 4406305 4440588 5046867 2709606 2530534 
3031472 4268874 3672439 5133451 4526079 5547896 4502444 4264931 3249871 2167674 
2971383 4131815 5407574 4824450 5604189 4791288 5027033 5143406 3667236 2732691 
3606756 3998264 4937878 5457411 5525985 5933435 5611064 6022490 4497534 3039743 
2989003 5121377 5151774 5836998 5783893 5401855 5188362 4825436 4993242 3155502 
3355846 4753733 6207160 4796288 6018917 6019052 6020795 6262502 4335097 4070478 
3884758 5329661 6014280 5329380 4105437 5155319 5251639 4983581 4013978 2901879 
3177001 4149561 6022513 5017075 4261493 5423504 5922016 4817980 4902711 3043867 
4567579 4844748 6920561 6190423 4622481 4455419 4839164 5016945 3261144 3483107 
2473002 4385665 4789257 5482560 5584567 4908170 5080795 4424234 3293744 2290913 
3463484 4185694 5724518 6380434 5536078 4814063 4690535 4593088 4010149 2470106 
2180295 3952560 4171444 5023840 5630803 5428769 4241262 4653212 3191827 2381291 
2527794 3899514 5292834 4633466 4618060 5175399 4629487 4438709 3232934 2824047 
3263391 4316793 3309499 4455893 4299599 4411777 5397721 4166057 3815603 1917520 
2694554 4494825 3938514 4713779 4595568 4291859 5126199 4652103 3037900 3205582 
3367464 3465188 4735845 4875955 4372303 4656395 5169307 5601038 3180154 2643549 
2331559 4849575 5539163 5347618 5746064 4858647 5877071 5055672 4178696 2773869 
3126520 4170140 5395988 6030700 6955054 5980534 5250733 5834595 4146799 3050377 
3097768 3686074 4718129 6092700 5815900 6511847 6056908 5975481 4550514 3091951 
3553632 4633548 4958525 5175961 6568868 6450728 5907443 5810009 4563527 2491893 
3071411 4889463 4834749 4341891 6136027 6317000 5249332 6083871 4798336 3032911 
3006162 4794593 5892805 4738759 4959093 5955809 5518128 5418036 4133911 2490161 
2337770 4115702 4210610 4213775 3867972 5102806 5495027 4939204 4040237 2902706 
3396621 4125202 5473439 5753051 5702257 5531057 5370736 5655981 4075981 3008163 
2537117 3476509 4350077 5398396 4603231 4460418 5233136 4165687 3322944 2692304 
2157015 4086375 3997650 6090178 5994921 5544827 5538787 5331589 3757160 2766867 
2087106 3773829 3749397 5535087 5474646 4730601 5424436 3873059 3062882 2836861 
2088758 4607255 4419443 4871294 6755945 5638451 6013109 5694040 3170163 2912754 
2355298 4486571 4871753 5345160 6269743 5174749 5330047 4504169 2979327 1814001 
2884682 4624181 5596606 5035991 6296640 6235670 5537048 5326985 3149735 3092731 
2422657 4229844 5818904 5910136 6747707 6999863 5435756 5001673 3575814 2471587 
3087606 4850987 5456099 5731705 6019253 5632933 5979771 4358112 3257646 2548683 
3108968 4848588 5399544 5671416 5390663 6152000 5633394 4882049 3972913 2204485 
3010874 5403971 6352569 5511633 5456852 5176254 5413410 4705719 4455888 2714112 
3414957 4055444 5813291 5061655 4562911 5356436 5229824 5576898 3590939 2898654 
3096582 3969421 5678909 5891650 5135498 5179521 4796200 5001623 4122087 2176085 
3397138 3767363 5721270 4713268 5055515 5329912 5665572 4469697 4114528 2949133 
3395516 3418352 5076521 5935732 5500354 7359445 5000399 5909725 4350769 3053103 
3260974 4469712 3866085 5415245 5160142 5229433 5638685 5555623 3981948 2729083 
3303839 3915765 5958359 4932359 5840835 5451772 5172015 4671153 4115301 2868876 
3585760 5375036 5273433 5975126 5555142 6110424 5775451 5291558 4049487 2989539 
3417527 5665256 5739168 5154079 6135287 4858687 4981399 4905328 3656397 2616395 
4261656 4640743 6216201 6198001 6008111 5964309 5697042 5195085 4150008 3286691 
3015096 4534506 4984593 5663702 5166864 4128302 4427019 5233342 3157243 2155171 
2905316 5008681 5640382 5257287 5353457 5060234 5279313 4543699 4265074 2377892 
3192465 4134597 4250018 5229870 5395134 4413066 4252492 5106269 2733847 2284117 
3540789 3843934 4369318 5383178 5672868 5472891 5036550 5234556 4323359 1571020 
2670921 3994020 4269576 4682633 5682230 4895700 4819769 4485141 3665184 2576923 
3651923 5160643 4975142 4910736 5802244 6350159 4580915 5566732 3895318 2351725 
2309023 4401537 4174901 5142791 4706908 4293779 5151020 3871250 3568457 2674637 
3456946 5471369 5539676 4021928 5198933 4894207 5007418 5229088 3886359 3185212 
2363199 4339808 4730122 4831503 4634198 3932639 4557679 4678606 3201773 2509926 
3225908 4813668 5695562 4174461 4960806 5381558 5433128 5854851 4035320 2850941 
2965959 4226441 4645510 4746277 4657719 5296446 4633400 4903639 4055703 2908298 
2842268 4283450 5025599 4467311 4874395 5471995 5296150 5064463 3973468 2866466 
3632871 3967239 5565659 5125077 4642308 5833330 5116439 4839821 4139532 2701343 
2772926 3784255 4527052 4814290 5623463 5172122 5739496 4487759 3585355 2795386 
2811898 3684551 5292864 5914705 4333967 5914861 4862998 5191837 3823493 2597149 
2206869 3224318 4321336 4798759 4583354 5810473 5932854 4451376 4275061 2628716 
2642329 3699028 5048039 4168451 5197296 4977664 6147764 4909867 3999284 3579719 
3031974 3255442 4813897 4994504 3807822 4311259 6018544 4949852 3524856 3250534 
2862231 4946995 5102371 4808466 4243461 3971127 4828312 5926264 3475443 3154476 
3508039 4570898 4523551 3985868 4186603 3088596 4484065 5250130 3869206 3586579 
3417258 4597557 5023330 3956771 4272978 3607194 3940045 4682269 3439117 2647246 
3257576 4108743 4568658 4001248 3587913 4088416 3646293 3999635 3613234 2002952 
3113179 4461799 4313797 4618633 3917071 4535519 4353144 3468870 3232676 2194311 
2738178 3137507 4821464 3745943 4020526 4863012 3820614 4021511 2713521 1554983 
2815968 3326455 4090329 4110515 3814407 4504496 5311994 3741709 3347089 1888789 
2289591 3744207 4491010 4357287 4345229 5020779 5049504 4439653 3025688 2363470 
2540964 3444054 4237291 4482218 4071867 5534250 4946904 5614102 3371672 2654388 
2733478 4073575 4845576 4981680 5420256 5245403 4845453 4753536 3974818 2746025 
1442419 2682277 4464300 4638465 4844389 5603905 4755207 5433913 3906752 3069514 
3401433 3705771 5906423 5366394 5064941 6385972 5167494 5406592 4684003 3273187 
2075746 3322025 3743855 5917003 5190350 5378266 5737222 5733152 4687614 3541476 
3095216 4204930 5353534 5389213 5430909 5335839 5798585 6012224 5359812 3653732 
3046516 4055863 4436039 4458913 4752575 5749648 5633795 5464937 5055430 3515049 
2474451 4003127 5134697 4418089 5410903 5620211 5306261 5475750 4136343 3045066 
3937880 3457691 4801980 4771506 4540281 5349578 6206902 5710252 3407885 3081737 
2068727 2656811 4024812 4443133 4306903 5294740 5818973 4901545 3602937 2428400 
3660834 3259132 4684777 5014475 4673530 5316097 5033454 5446255 3965736 2375163 
1705878 3024570 3746664 4484443 5579775 5189621 4577954 4698161 3806024 2510344 
2741517 3082909 4109023 4930258 4193925 6104992 5609639 4616209 4370861 2983595 
1973844 3073144 4090798 4095079 4354076 5212528 5758649 4674795 3863990 2294756 
2477299 3281408 4673189 4053914 4767077 4727718 5720742 5500231 3654681 3371783 
2599979 3622733 3520031 4867847 4003574 4821276 5962091 5382688 3893741 3024870 
2847190 3828981 4994602 5235715 4750339 4642180 5603458 5115406 4654449 3472047 
3244856 4724821 4033432 4342276 4783171 4906231 5155103 5951408 4033371 3669405 
2696168 4770945 5130735 4674010 4999378 3906963 5084360 5066879 4104283 2852716 
3248774 5011393 4557764 5315843 5130124 5151791 4820788 5922472 4589320 3238398 
3150976 4534688 4902084 5195272 4699338 4953860 4244188 5109672 4497224 2685668 
3659237 4088122 5971146 4620579 4790981 5921058 4511099 5422752 4478522 3123619 
2708723 4223534 3645822 4802665 4236322 4731016 4679423 5146929 3809091 3234943 
3052441 4103528 5405247 4320669 4851162 4894112 5907776 5467374 4680795 3055448 
3170716 3815733 5037423 4956580 3619527 5365668 4269915 5871437 4329086 3277235 
2856819 3680798 5651376 4136779 5441588 4517396 4203582 5611570 3864750 3101748 
3148038 4098169 4008455 5056440 5115963 4950485 5096356 4886199 4472769 2557274 
2179049 4890360 4578792 5204474 5073773 5857373 4933303 4815870 4537723 3102404 
3001416 4431713 5340213 4535078 5971759 6173546 5466591 5235819 4015906 3250174 
1858632 3989292 5372628 4952623 6393764 5523016 5946053 5062198 4033373 3216089 
2859709 4877089 4715599 5221943 4866543 5586194 5231075 5579372 4003615 2418441 
3799702 4241440 5340689 5519158 5357974 5544245 4843781 5803519 3267363 3080609 
3925318 5281298 5918178 5468942 4557418 4952826 4796294 4224224 4097905 2547275 
2887991 4662824 5808065 5926879 4755620 5686754 5549450 4106924 4262347 2575856 
4118139 5826145 5596901 6128806 4965189 5028562 4872480 4652732 3596300 3300140 
3051271 3557221 5721857 4787116 5457656 5771792 5803078 5170355 4272243 3077729 
3933958 5165886 4691275 5085855 4183513 5217058 5467524 5423160 4081209 3120396 
2228482 3410566 4047659 3526201 4387520 4332982 4039240 5084594 4051608 2857036 
3565461 4048270 4079136 3894956 3376286 4240526 4364642 3982658 4532075 2789963 
1795480 3207884 3373742 2783195 3700909 3642028 3856687 4182888 2815057 3218045 
2978897 3291931 4428196 3238087 2381712 3273546 4202630 4203892 3178034 2795021 
2237283 4121350 4867719 3724357 3973112 3280498 3679046 4286096 3608351 2397202 
3220532 3826659 4755134 4821417 3657799 4055843 4196204 4683913 4220471 3697031 
3456602 4052264 5130626 5044200 4561651 4646563 4936182 4668472 3191554 2993380 
3874998 4603147 5053364 5207889 4260976 4391552 5684739 4987911 4204487 2700322 
4548281 4942390 5216005 6082052 5144953 5200425 5461362 5395353 3320278 3011000 
3901278 4778196 5634514 4526019 4775280 4203891 5159207 5142823 3912184 3288210 
3890045 5476911 6251487 6245144 5664871 4483184 5123270 4926932 4272899 2571499 
2490667 4458265 5093065 5669876 4296821 4058568 3920162 4937763 3397217 2933485 
3891298 4297031 6256052 5829339 5538486 5167962 5188235 4580898 3668905 3223354 
2326463 3575185 5139320 5363212 5569281 5086553 5874291 4628031 3589900 2693398 
3633812 4965798 6029371 5322276 6178703 6194874 5418305 6312637 4055855 2434009 
3163018 4027102 4924089 5938313 6395448 6538843 6209632 5888774 4146221 3510667 
3474761 4316075 5924954 5353685 5726831 6066800 6569589 5217518 4422501 3248497 
3356706 5078666 6127164 5817243 6489192 7326772 5937347 5407776 5112023 2401827 
3207916 4306705 6301822 6451070 6105342 5931255 6063285 5692668 3452394 3432526 
2618754 4472908 5409663 5905716 5956773 5452238 5849331 4456925 3723395 2149100 
2711687 3743747 4621095 5621461 4886832 6005347 4103954 4692878 4023454 1865631 
2849767 3801116 4874466 4394506 5263841 4588458 4031489 4182626 2681482 2172878 
2419031 4233907 4165485 4310008 5353524 4044580 4183807 4486930 3552737 2078749 
2827257 4211951 4685574 4358237 3859456 4482177 4024756 4112223 3860715 2295798 
2570658 3259062 4423271 4148518 4472142 3855684 3909554 4207418 2523894 2891602 
2926842 4480693 4818403 5354400 4711564 4649548 4673080 5349754 4113524 2603415 
3200501 3454551 4755639 5228984 5347805 4726168 4806297 4863328 3589758 2178390 
2721541 4404883 5427717 6021837 5569323 6157217 5132225 6641120 4653667 3183683 
3060184 4911931 4902227 5436497 6547392 5536785 4982130 5996955 4329328 2698942 
3295090 5086732 5669949 5829199 7427437 6360097 6202327 6134118 4440697 3495740 
2552861 3590146 5494459 5072980 5527240 6271418 5462442 6218450 5216938 2925912 
2980306 3857609 4679772 4548044 4762884 5301003 5128388 5693085 3801636 3174284 
3275428 4025053 4569235 3889410 4002772 4687659 3976071 4947218 3904673 2548430 
3047860 3654091 4830919 4732349 4275490 4343420 4628928 3771503 3574411 1956706 
2973588 5328478 4379912 4392176 4328794 4271689 4263764 4667970 3194935 2464750 
2777491 4194692 5662317 5424344 4912139 4300677 4336435 3539207 3041371 2135639 
4160406 4589029 5552610 4945802 4849064 4436932 4013379 4735707 3331542 2589213 
2863179 4986618 5847293 6160470 6506655 5415791 4461273 4133687 3271509 2223361 
3958796 4741365 5238342 5963570 4770668 5361284 4591079 4553639 3020550 2258239 
2552765 5542984 5606033 6693861 6961985 5815021 4555512 3697624 2178178 1100614 
3196507 4432925 5662419 4366858 4897371 4671108 4122890 3384895 2937221 1315591 
3404569 4685329 5196998 6867453 5430315 5137800 5329617 3057514 1930497 1899949 
3883897 4464623 6213929 5285081 5591754 4196266 3898579 3997466 1860424 1237179 
4467573 4832597 5996642 5630860 5029910 4998680 4417373 4618938 2754591 1716284 
3695841 5282101 5694182 5892738 5351805 4842511 4283009 4073488 2651519 2363733 
4264880 5076824 6355703 5432609 5810503 5702364 4694991 5293194 4060025 3010568 
2718918 4458183 6022842 5870416 5184777 6178100 5355256 4746751 4054522 2562712 
2553367 5004639 4947004 5138312 5613563 4222554 6092204 5216059 4041621 3858926 
2125126 3349873 4855587 4379012 4600333 4801319 5315684 5329999 4202851 2976764 
1985379 3503290 3461377 4147876 4873611 4181086 4899106 4838585 3666476 2620618 
2982251 4146962 3989857 4441396 5523216 4348603 4753997 5176607 3352210 2738301 
2425561 2928991 3627478 4221161 4492496 3896565 4087417 3743872 3211046 1384202 
1919087 4852394 3898807 4533442 5388733 5018857 4521759 4036385 3200445 2787381 
2251376 3457566 4020192 4891588 4960909 5170137 4117148 4734998 2489562 2127059 
2111774 3348038 5424999 4832245 5490266 6134326 5839444 5443935 4439332 2389205 
2336563 3644997 5543446 4219715 4117848 4902820 4821180 5158652 4138937 3162439 
3558555 3805634 4376108 5917429 3978476 5953061 5983378 5414848 4789360 3543760 
3779289 3852715 4367058 4958857 4688783 4265963 5017861 5495916 4477957 3306691 
3717360 3752616 4679149 4172824 4327925 5336986 5952442 6088370 4681625 3511243 
2478506 4452053 3788117 3514827 4535435 3494700 4195651 5547933 3766699 3154846 
2896898 3398771 4681818 4560981 4472634 5087882 5527511 5745670 4870528 3106546 
2390080 3542968 3361901 3986546 3898210 4352523 4074133 5641589 3904241 2877207 
2616933 3856839 5242733 3953337 5829977 5318509 6146356 5324785 5006520 3125129 
3368126 4086826 3927875 4765342 4300251 4338406 5202676 5001007 4056373 3118861 
3311628 5354070 5031392 5777187 5854461 6325977 4989187 6059212 4129235 2420423 
3475285 4478048 6359607 4495361 5150934 4784641 4639465 5214814 4138144 2917506 
3110791 4631067 5160141 5708011 5121151 4993540 5011027 4927103 3466997 2351293 
3797058 4878994 4983378 5276622 4465133 4291649 3113201 4901399 3242325 2676990 
3320451 4331641 5279135 3855020 3956695 3967401 2796397 4094125 3546710 1962752 
3657889 5180518 5509398 4426268 4655405 2528750 3611272 3948049 3150607 3045526 
2975596 4520138 5281128 5590468 4346287 4441374 3253360 4494557 4055591 2815678 
3310117 4121686 5844784 5742678 5044191 4812873 4723538 4458161 3381141 3091220 
3345237 4153002 5633296 4469380 5484439 5573975 4719718 5134217 4034579 2635235 
2838902 4855703 4889930 5760875 4557830 6081481 5674820 5306776 4555755 2963400 
3752705 3913081 5546723 5669440 5025187 5174268 6027285 6139002 4188286 3522542 
2799230 3446302 5474114 5157412 5120893 5801018 6669950 5508980 5414837 3401929 
3169402 4644208 5162309 4749189 5130662 5285588 5152979 5613597 3847632 3130740 
3358187 3628007 4605158 5123563 5371205 6180067 5705568 6861564 4860853 3177245 
3425074 4139616 5436707 4923625 4153137 4860907 4811872 4212203 3976651 3182972 
2391803 4170720 4343335 4198831 5007692 3972504 4386837 5072034 3722131 2642140 
2902072 3941564 4027137 4807219 3421342 4364569 3273170 3365431 3454395 2195849 
2484610 4194847 4671936 4722024 5408637 4184427 4113193 5072018 3011730 2562391 
2282613 3280177 4832941 4303513 4988358 4742065 4754447 4714219 3732936 2291761 
2175003 4276625 5202793 5689277 5041445 5332161 5278544 4185572 3541078 2474051 
2389804 3463567 5395906 5287733 5726952 6538758 6255515 5732142 3928387 2830981 
3207928 3665510 5881250 6590304 5932720 7139936 6824995 5277086 3894305 3033646 
3344322 3967121 5144061 6292746 6308407 6374221 7503134 6270008 4102211 2853747 
3901102 5075014 4829222 6765681 6778542 6276666 6330098 6759875 4441550 2543272 
3992045 4926728 4963983 4809451 6268839 6056072 5909621 6319333 4130995 2608368 
4023900 4739394 6146660 4913756 5670889 5839672 5808772 5166552 3857987 2858914 
3761845 4759402 4770231 5330388 4803833 5753210 5166532 4632560 4003912 2154916 
3298077 4739357 5291887 4536737 4902999 4903062 4447388 4749537 3407445 2602982 
3881912 4390363 5252967 5441977 5709829 5225440 5651289 5166867 3807332 2389056 
3057990 3951233 4215694 5097967 4785281 4882887 5252927 5502031 3515158 2625440 
3662894 4294392 5479858 5190060 6152280 6032427 5376070 5936091 4640324 2272640 
2896034 4473405 4266128 4358656 4600889 5473857 5053106 4510765 4448439 2281080 
3749449 5133311 5832180 5564139 5348086 6170251 5565862 6024329 4313718 3371199 
3180595 3820791 5943307 5787081 5974585 4966906 5705452 4594297 3627943 2754379 
2782056 4787639 5279402 5552336 4728235 5922647 4933067 5148244 4282116 2703473 
3857818 4718245 5210110 6258959 6159802 5432791 5280324 5365403 3217610 2353680 
3628064 4559590 5491073 5729049 5380377 4932780 4026180 5347929 3320860 2601296 
3597881 5041240 4506663 6388442 5966988 5989775 6334082 5008779 4663184 2279405 
3667850 5063496 4953580 5256680 5595346 4729264 5139873 5265983 3660867 3058230 
4052533 5778935 5498098 5802662 6484898 5999761 5785034 6436238 4510338 2810437 
3263181 5024574 5360665 5446535 5756824 4943297 6066155 5704493 4087943 3554717 
3955896 4002749 5098916 5865037 6092835 5602140 6169058 6575659 4565873 3358205 
2117522 3786289 4818559 3989963 5181849 5825171 4971539 6217712 4998731 2809925 
3502042 3640711 4662677 5692865 4802950 4732224 5360251 5470310 3179097 3718264 
1969267 3302901 4145009 4285872 4979364 5434970 5012664 5853034 4521312 2656348 
2384627 3894866 5030820 5443215 5558149 6007182 5676460 5418350 4569357 2702100 
2735068 3183080 5334163 5420586 5982408 6396024 6037672 6692260 4647927 3493976 
2016317 3218896 5335337 6022287 5618375 6799053 5873036 5789912 4851436 3004556 
2352670 3373892 5020302 5224360 6524910 6969976 6630902 6371814 5567136 3354099 
2035046 3321929 3715758 5682269 5435702 6044609 6322180 5326379 4922951 3541650 
2746356 3882470 4617381 4861000 4970658 7077559 6261378 6480256 4678339 3660856 
2599981 3864212 4722552 4457118 4560168 4686844 5493800 4596227 3684889 3235010 
3148461 4561262 5521333 4067472 5972906 6084089 6118866 5573299 4465192 2625812 
3210177 4553647 4884411 5936404 4602399 5657886 4741984 5079116 3894867 2490769 
3668939 4773603 5377047 5629406 6083140 5279539 5563684 5131801 3458787 2293728 
3580276 4337040 4706504 4183212 5859494 5534086 4934475 4496363 3655018 1968531 
2845973 4248926 4895598 4519396 5929022 6049751 5081442 5372924 3776326 1660060 
2116997 3784031 3510193 4726170 4695654 5237306 4796565 5762611 3604336 2443017 
2971386 3083898 5147000 4123712 5906523 6104536 5484112 5101432 3976008 2348607 
1740003 2786681 3662320 4365100 4415260 5366711 5483824 5445142 4123281 2643332 
2739481 4084907 4662055 5242522 6646263 5926862 6164125 6352907 4296791 2973375 
2288942 3408506 4740804 4344105 5409413 6544295 5198001 6160136 4492370 3132951 
2500476 4327425 5020692 5713462 5881822 6388667 6710120 5807763 4942344 2962177 
2852276 3837236 4587301 3784545 4536177 5238106 5137428 4977266 4621305 2914859 
2672912 3690343 4450636 5890860 4171121 5052956 5850067 5004792 3867294 3181941 
2918536 3522010 4234653 3988053 3794278 3989868 3959716 3829065 3075545 2031604 
2765508 3359938 3348526 4665296 4169644 3926047 4772211 4978857 3043225 2758206 
2828015 3837312 4308532 3531559 3298374 3294092 3447712 3619041 2532257 2055420 
2956237 4388862 3621390 5074513 4410524 4779485 5618325 5198987 4485801 3157233 
3959596 4832505 5121158 4311836 4432141 4295664 4234545 5268397 3464099 2902649 
3574821 4275742 5847532 5002827 5660360 5983783 6176847 6083802 4150527 3002544 
4278158 5847570 5673864 5860838 5030663 4878555 6334882 5637415 4493253 3208732 
4382905 4657616 5748192 6684503 6087145 7038316 5644713 6682973 5081135 2655468 
4964630 5133736 5815674 5316574 6702373 5564302 5698520 6085667 5064573 3337685 
4108291 5126927 4891580 5497078 5731089 6291249 6058886 4974529 4736445 2746904 
4155947 5071899 5274791 5643060 4135997 6045787 5463697 5256981 4612660 2888821 
4295784 5360384 6359057 4646409 5074013 5525099 4702501 5130418 3258316 2477764 
3131766 4310241 5707643 5336448 4528347 4744707 6131511 4914184 4367627 3004782 
3553789 4629907 5110957 5657754 3948377 5036691 4774991 4815547 3522826 2714090 
2733842 4033048 5117998 4534974 5373762 5906740 5556633 6620236 4685646 3598629 
3217679 4346566 5898137 4776987 5255720 5233723 5557910 4619838 4398894 3249042 
1978821 4371724 5244820 6000651 6088191 6652721 6212966 6599677 4248991 3554067 
2833029 4566467 5604129 4752648 6299020 5783331 6027268 5546088 4778885 3262249 
2711368 3939347 5919401 5351368 6557655 6270238 5988348 5817693 4439545 3859506 
3451253 4693216 5675722 5640000 5124157 6084592 6056190 6122096 4458661 2884024 
3132647 5239837 4250287 5228575 5861798 4958004 5812145 6059492 4027820 3144993 
4086274 5033478 5237510 4807965 5162433 6195928 5093701 5628985 5158735 2603052 
3027031 5942302 4461762 4159521 5808079 4961651 5559235 5258167 3940219 2988007 
2972498 5220584 5783305 5163947 5379352 6106976 5619208 5319898 4233023 2770164 
2955341 4261617 6139384 4752638 4618223 5569997 4683319 4961040 4184749 2365280 
2934505 4367985 4702045 5089200 5276853 5437193 5132472 5142563 4519478 3308560 
3263168 3925243 4123677 4764204 4578379 4472713 5151032 5383336 4422280 3709790 
3545215 3985230 5192398 5297680 4490614 5071170 5057659 5580526 4459516 3311715 
2613207 5256144 4549622 4927938 5731548 5110399 4489985 5565439 4371598 3090711 
3612110 5107565 5272347 5269659 5830100 4738419 5263448 6565982 4788695 3714074 
3250544 4685143 4847307 5304230 6271967 5673998 5778697 6288779 5017230 3125119 
3561213 5735113 5956642 5614263 6143085 5354866 5243764 6471909 4242694 3479817 
3449945 5284826 5489887 5471906 6438272 5712977 5319179 5459053 4346567 2558725 
3598691 5511242 5897744 5688327 6195599 5624790 5508161 5640526 4899053 3384818 
3802709 5194928 6362139 4885527 4800811 4996704 4483691 5289917 3363738 3431599 
3602935 6717024 6611731 6151261 5181927 4934211 5328221 4995391 3557594 2637622 
4927962 5636058 5910799 6040109 5298481 4755155 4326003 5297281 4169460 2441932 
4368088 5128640 6347174 5917252 5745251 5247411 5160103 6363355 4224416 3686852 
4307429 5725856 5804255 5373820 6373773 4989128 5308999 5340421 4587132 2612883 
3809314 4653438 5343586 5356764 5500195 5840703 5753577 5805423 4698648 3550087 
4241926 5599661 5812081 6037577 5396456 5574916 5719598 5743057 4378219 3290258 
3695914 4068915 4566094 4978989 4775166 4852066 5330320 5268889 4450644 2749436 
4019677 4695453 5222009 5019242 5402086 4670944 5482936 5116881 4025920 2568927 
2396595 4647158 4288044 4014714 4891280 5373026 5223722 4769697 4094036 2730195 
2772302 3618089 4265320 5094122 4699712 5742174 5695687 5295193 3688444 2378338 
2304547 3755331 5461474 4185117 5600345 6394375 5303827 5269701 3952911 2586039 
2515175 3940890 4102580 5260915 5456347 6203800 6406395 5886141 4480515 3129190 
3858185 4594555 5933994 5769456 6185265 5431366 6694113 6391450 4548885 3443020 
3021020 4897150 5012274 5176342 4869328 6031888 5298086 5339636 4567215 3738675 
3258657 5767117 5593531 4959555 5102393 4812823 5053046 5171619 4688118 3233830 
3696869 4134709 5401676 5375359 4610422 5256289 5273849 4884177 4264240 2903118 
2645768 4908191 5449664 4136759 4239937 5075596 5313061 4472260 3992842 3498516 
3451453 4000360 5211685 5941417 4570045 6051659 5654361 5175149 4248692 2835963 
3702539 5177798 5697098 6478644 6057519 5978980 6355580 5552002 4348880 3262975 
3146834 4838704 7004907 5786829 6371788 6830063 6164149 5935910 4682983 4040200 
3772808 5509205 6099124 6993101 5884335 6578599 6562978 5422230 4995719 3303307 
3518326 4946529 5865641 5114475 6112610 6298537 5611508 6755684 4612793 3653711 
3627896 4665604 5604769 5345386 4864806 5128884 5949072 5316529 4207161 3773273 
3141388 4913033 4567333 4051548 4348236 5151993 5962981 5203735 4866303 2832526 
3001321 3834583 5132941 3964088 3867422 4050660 4583741 4529712 3900752 2819221 
2792648 3967217 4740937 4498077 4916942 5325084 5809037 5839265 4125310 3236799 
3351678 4005927 4832781 4542024 3939667 4846130 5987072 4558600 3858344 2612689 
3103209 2993465 4208855 3955796 4968569 5161856 6320077 5722934 3577558 3172304 
3046134 4502622 5122860 4314353 4683251 5345135 4801675 4846814 4114770 2437248 
1849619 3184375 3546954 4773176 5026422 5242798 6133780 6068387 3562467 2813950 
2186681 3291884 4008131 4732598 4479481 5176932 5191192 5840237 3686744 3363853 
1830578 3086210 4135065 4050583 5675078 5450524 6721660 5736972 5433057 2999061 
2715380 3966483 4840043 4891567 5362241 5930030 6107982 6685532 4381446 3559910 
3308327 4787911 5271605 6117157 6185524 6801782 6871617 7721732 5759462 4004481 
4067952 4321279 6749382 6193741 6672848 6143004 6085646 6376566 5252424 3483016 
3109615 5723695 5894689 6842643 6949719 7609313 6177201 6839497 5701490 3354469 
3624752 5356899 5862562 6482736 7104968 6393326 5489179 5760309 4452951 2862818 
3577723 4326087 6190780 6552547 6696305 7643936 5894601 6223273 4358102 2644557 
2957152 4625868 5578394 6239793 6885062 6779589 6877873 5230147 4332487 2869325 
3505735 4830455 5645904 5534346 6872851 7521106 6058222 6213911 4534144 2591367 
3388337 4526097 5283834 6172256 6379177 6646678 7394763 6407667 4778276 3301305 
3714118 5558026 6646756 5822887 7628018 6649390 6195650 6298053 4091193 2956359 
3334318 4457507 5119557 5730676 5549075 6653430 5980476 5964377 4658743 2606752 
3196102 5052627 5792114 4416515 5423189 5533597 5537957 5303213 3770230 2503303 
4066599 5132250 6399260 4892445 4478404 5450932 4896348 5021836 4452683 3196966 
4075749 4854906 5176267 5982437 4939247 4777609 4715941 5294335 3745441 2256415 
4029949 5668626 6536967 5820901 5736075 4602060 5362616 5723525 4496334 3745965 
3001690 4954893 4895042 4642570 5742945 5528108 4958036 5293577 5097468 3246806 
3080947 4820369 5708294 5760969 5018000 5872353 5937946 6233533 5073155 3579697 
2829125 3271983 4936601 3970641 4912382 4739250 5020152 6079628 3605342 2949335 
2851195 4172137 4782250 5243977 4818349 5800859 5088338 5810244 4612996 3389405 
3814504 4290690 4523541 4338422 5086277 4045478 4675629 5272803 4535631 2434905 
3732117 4514813 5153199 5402957 5282426 4864173 4450892 4691102 3370979 3001138 
4043975 5503619 5127001 5977734 4861252 5030785 4288363 5533914 3574866 2975610 
2955192 5326174 5980202 5150964 6173326 4805855 5494550 3677275 4160165 2390105 
3778522 4959725 6340260 6596681 5350185 5729287 5939918 5675624 4207695 3892797 
2933508 4819443 5713056 5911310 4919696 5590042 4682182 4309578 3894835 2427885 
4351608 4589250 6098790 6511133 6140705 5410932 6646262 5783685 4380139 3832096 
3585212 5190139 5122940 6311789 4913388 4888181 5212122 5184874 4184213 2610767 
4099031 5974288 6268156 5443291 6143310 6259765 5624772 6430873 4112617 2748650 
4584228 5167441 6535678 5743682 5498237 5577976 5671434 5252451 4055829 2990018 
4464479 5400003 6972365 5736590 6130147 6304984 5703737 5430237 4075055 2894137 
3592610 5558986 6817853 6230693 4768496 6135409 5255392 5542674 4170595 3122094 
4562099 5146651 6274719 6977876 5997573 5852532 6343003 4944947 4078624 2925423 
3578665 4800704 6244057 6376862 5832732 5873454 4985293 5316922 4232669 3298668 
3733087 4072733 5865075 6972437 5118314 5541193 6198576 4049167 3240654 2616953 
2564639 4135621 5608269 5988282 6611705 5365544 6093548 4387664 3037314 2724906 
3362369 4349173 5451271 6567375 6734598 6234475 6224169 4971629 3542968 2206152 
2874629 5177717 5862797 7440362 7544528 7096284 6199375 5335256 2885505 2469031 
3419461 4540841 6751756 6389090 6769082 7367035 6069138 5642665 3615707 2687942 
2968014 5015117 5751208 7250051 7565137 6625279 6390051 4543376 3786698 1682232 
2841691 4259034 6233483 5588417 6138366 6659490 6081425 5241623 3749899 2375478 
3466207 4610398 4512702 5938011 5542529 6350741 5396508 4900456 3199837 2413526 
2829883 3686595 4957752 4577862 5464890 4426773 5997354 4042766 3721496 2819255 
3207153 3180350 4687738 4913626 4665818 5007642 5648285 4775925 3262666 1877442 
2148660 3802841 3997290 4667357 4937484 5228954 4686785 5626522 3145634 2933901 
2977783 3187066 4826716 4238671 5652404 4662420 5847399 5210190 3573594 2324427 
3288096 3929136 4485573 5244328 5428840 5679361 5625063 5771521 4108513 2443509 
3408571 4843531 5702338 5544316 5905589 6429147 5286664 6043423 4136018 2631915 
3716358 4925634 6299024 6556556 7245646 5672509 6756679 6090316 4762775 3564428 
2754906 5610671 5820661 6903320 7204544 6350802 6418500 6042088 4795072 3114451 
3288468 5047904 5903627 6845969 7297547 6215204 6793093 6004342 4471471 3821335 
3093415 4160005 5532639 6174514 7161329 5780248 6306691 5974598 3581323 3421840 
3618504 5100123 5479196 5566245 5244074 5899582 5308594 5121490 4369441 2142902 
3946672 4579708 4705514 5165083 5311161 5339552 4963737 4880303 2932476 2356902 
3687265 5258779 5822887 5254204 4760266 5325042 5124304 4309395 4010245 2254718 
3318190 5454784 5993794 6262653 5263647 5115616 6005515 4739122 3593651 2087328 
3164368 4428761 5508752 5466325 6747745 5856108 5854775 5085054 3202310 2773516 
3578642 4600235 5415306 6007033 5764894 5980542 5714845 5517442 3766421 2463205 
3303500 4634410 5728573 5537341 5969074 6341417 6333863 6206602 3587885 2532443 
3398854 5015866 5218619 4720588 5797221 4773391 5545569 6177271 4193610 3640593 
3047743 4431932 4800834 4556379 4877274 5247458 4936107 5031033 4099758 2259613 
3132353 4226495 5693045 4571432 5333727 5115241 5081076 5777567 4123198 3765078 
2864804 4585144 5626374 5476061 6304367 6041421 5534902 5359248 4399922 3374011 
3349543 4669869 5565418 5794756 5551742 5566833 5865843 4845967 4462797 3108746 
2946515 4734451 5684595 6091537 6407407 6383834 6646311 5971881 4289445 3395771 
3961943 5013419 6063656 6347104 6431727 5896828 5084107 5905750 3853787 2686731 
3855877 5785220 6385837 6421421 6776244 5852192 6754547 6458651 4872796 3109704 
3573638 5276773 6174591 5583238 5745198 4923665 4589606 4032688 3293524 2716251 
3681167 5754169 5669895 5741501 6256425 5469536 5346124 6599486 4323901 3611628 
2554934 4467651 5915374 4881242 5364121 4251011 4726972 4300697 3355434 2674828 
2752125 4111573 5586403 4690634 4816525 5259737 5012201 5846449 4113818 3513114 
3045854 4430897 4773855 4328712 4434538 3869251 3813045 4744070 3922022 2935442 
3416971 3615029 5352844 5395115 5360902 5053751 5460778 5241990 4672975 3174907 
3375903 4999714 5032413 4967758 5045007 4744561 5468512 5987076 4200549 3404997 
3148080 5613577 5364725 5843770 6151962 5260617 5448401 4965043 4179632 3311281 
3757491 4732120 5380295 5104573 5603396 5486400 4591271 5689868 4356442 2739998 
2661228 4899169 5780690 4171893 5468063 5096402 5097174 5088915 3800776 3115971 
3388989 4159570 4820349 5357343 4386701 5251751 4817627 5481530 4429419 2770263 
3441289 4677336 5306913 4897750 4121466 4824632 4599009 5418144 4632460 2843147 
4202191 4698911 5193333 4733319 5860911 5037839 5630893 6147214 4368345 3810437 
3448805 5074135 5250867 6050657 4237360 5185038 5020815 5333023 5240803 3452859 
3460952 5305355 5331709 4690440 5539017 5388356 5276375 6345697 5158237 3692778 
3723099 4419782 5919300 5113988 4434719 4923729 4688760 4801686 4074337 3900192 
4247914 4340624 5376491 5753708 4535396 4655717 5285067 5137266 4620844 2994438 
3566036 4836137 5999209 5316380 4597269 5047114 5265510 4319649 3675933 2875306 
4155962 4595771 4590877 5085135 4551032 4830593 4767903 5127727 3580772 2515020 
3489975 3792231 4882281 4487537 4272059 4807823 5420495 4250423 3944523 2762381 
3692811 4296796 4580362 4341081 3099428 4082217 4619227 4705633 3204357 3112113 
3387791 3899474 4555000 4000522 3361581 4078379 3779248 4632675 3875190 2420441 
4348187 4650127 4831697 3997837 2720421 3438253 3892553 4799811 3742967 3440031 
3626605 5365183 5760629 4907966 4900601 3352994 4482872 5449233 4318054 3750956 
4088073 5179902 6389756 5165873 4263467 5121857 3775651 5554579 5045414 3014133 
4268528 5444664 6804806 5828846 6196025 5723018 5661544 6167552 4831777 4046667 
3961277 5047505 6548943 4951365 6012024 5676928 5687946 6220253 5135386 3660373 
4583873 5571056 6769799 7249923 5432468 6810359 6944425 6191780 5162622 3689294 
3691911 5264479 5715628 5879469 5904302 5433738 6664582 6531893 5075566 4114167 
4252464 5943769 6170862 6864676 6923031 5212384 5748678 5336768 4147498 2804440 
3876768 4949646 5476760 5924371 5391049 6223905 4627537 5959165 3874815 2921254 
2846235 4044564 6387004 4510895 6053245 5561978 5036471 4340873 3410586 1956094 
2873029 3984594 4425874 5734105 5564058 5447377 4976192 4940292 3647179 2229199 
2466966 4364550 4242467 4718475 4857681 5075383 4324247 4889233 2806866 2059999 
3248487 3913136 5388895 5699235 6009142 5598100 5172321 4473385 3511899 1892515 
3140701 5518779 4839187 4888702 5883671 5479390 5750251 6039292 4364572 3205594 
3680810 5002743 6134192 6570114 5948914 6623288 5592007 5248753 4063467 2553904 
4277376 5829301 5703000 6370628 5860728 5161613 6014526 5101270 4618923 3282805 
3731995 6188870 6216047 7145372 6204312 5572701 5175235 4700382 2917892 2891414 
3465956 4933075 6453741 5781678 5345871 4407270 4337396 4327187 3041318 2503916 
4160953 5983819 6789298 6255290 5719650 4433615 4180814 4188046 2193735 2222181 
4134919 4606455 5160361 5174724 3760429 3433627 2873334 3751344 2981016 2216628 
5421145 5906364 6435064 6192454 5057413 3727773 3822874 4127874 3437788 2038766 
3811584 5700378 5839828 5203086 4838588 4531528 3757338 4809861 3721251 2580700 
4556033 5261020 6329709 6625459 4906492 5570150 5235944 4133488 4203506 2868580 
4102441 4848462 5857410 5462063 5615070 5483909 5159190 5109428 4107420 2818680 
4262143 4668719 6013235 6624645 5935554 5957416 5975824 4854250 3862310 2939682 
4004649 4940757 4589056 5911758 5374981 5373775 7101026 5799298 3617030 3370717 
3138900 4335347 5537775 4777890 5338002 5229159 5544552 5340927 3335748 2829362 
3167475 4905579 5100550 3949915 5078055 4812226 4907209 4705019 3824822 2149300 
3026597 4413797 4276220 5217461 4487481 5323073 5192006 5295631 3400721 2652891 
3177564 3414561 4986174 4124875 4337467 4498850 4386363 4795960 3415998 2547670 
3333008 3885952 5377330 5060470 4784749 5577257 5378919 4304382 4830918 2283810 
2718284 4940790 4538608 4229421 4565519 4645759 4845409 4471545 3515038 3000406 
4130016 5218151 5720630 4600335 4928885 5286406 4613669 5298915 3215833 2390008 
4025721 4962060 5457131 5527860 4632554 5291138 5024399 4827483 3898581 1975872 
3956564 5297774 6361410 5178692 6544922 6021605 4604908 4917420 3866588 2473220 
3352954 5006128 5058841 4767145 5654084 5338928 4946435 4880549 3812895 2280851 
2934473 5335820 5515794 5650448 5725152 5918643 5971060 5160451 4443474 2613004 
2774838 4852078 5514736 5164336 5009516 6156112 4851886 5700616 4178019 3349638 
3119307 3761795 5206885 5727479 5233376 5858282 6207515 5587617 4775939 3667992 
3551580 3999579 5434433 4929555 5481406 4396122 5601744 4465870 4693652 3277396 
3361216 4945849 5063129 6755603 5693575 6339411 5325044 5980414 4129422 3412839 
3953642 5078075 5196327 5949872 5909039 5866498 5386210 5890085 3720294 2942389 
3397147 4152265 5085306 5381855 5774161 4452371 4722547 5539660 3818942 2268765 
3396089 4996738 5494098 5147702 4532362 4766632 4619745 4673998 3722780 2200383 
2948763 4304049 5002372 4987018 4733218 4069223 4381376 4912023 3292349 2724544 
3144004 4909221 4332267 5662362 4257007 4512584 4090939 4015278 4056896 2462716 
3458565 3944311 5275109 5039110 4696353 3997415 4530240 4625962 3544595 3045718 
3364213 4350669 4935021 5203269 4131177 4731128 4938026 4666444 3600122 2934522 
3840831 5476383 4922054 5696489 4624309 4786738 4747103 4434795 3838110 3772490 
4496358 4850329 5113801 5254884 4941306 4280350 5267894 4830622 4164286 2807211 
4317431 5786737 6018084 5584960 4893591 5071175 4476152 5469261 3877659 2938974 
4206889 5319687 5770937 5433605 5516112 5462817 5251869 5171945 4136072 2782798 
2915010 4663362 5802874 5551537 5237126 6490516 4585335 4912245 4223820 2141913 
2569772 5609250 5540525 5462392 5555825 6466231 5973741 5097813 4032844 2533145 
3295655 3606315 5527265 4561739 5233934 4969432 4967086 4452477 3642464 2359209 
3220703 3921792 5683787 5503409 3965645 6425305 5983684 5410407 4128893 3122518 
3360794 4690121 5101378 4364754 4822306 4072604 4534033 5456927 2999455 3246050 
3710958 4573238 6060918 5203759 4986035 5369015 5707773 5824324 4721673 3309349 
3573688 4138779 4842464 4410635 4072265 3615046 4908206 4584597 3765829 3216819 
3084600 4178844 4781249 4402998 5226442 4925268 5685472 5454826 4183941 3429853 
2383144 3566507 3793116 4410444 3521932 4692416 5145454 5528716 4413605 3317184 
2146769 3666380 4206335 4523054 5088971 4407097 5871458 5859239 4227795 2993241 
2371384 3656790 3537120 4464737 4674879 4705281 5357424 6032530 4420221 3761338 
2830826 3784222 4663259 4822140 4939561 5935288 5599563 5798099 4971617 2686206 
2905320 4296316 4711676 4920271 4105347 5404128 6264536 6120305 4533600 4205109 
3668358 4591873 4874364 4796595 5332940 5447117 6104488 6057730 4382053 3123619 
3769851 3701246 5094664 6051930 5173524 6367134 6072769 5841174 4652260 3425347 
3789661 5299937 5563414 5051431 5942296 5589917 5630389 6650780 3873753 3346365 
3663207 4529923 6178928 5550245 5607711 5384708 6060258 5594461 4902292 3211443 
3571999 6267499 6209391 6665317 4962301 5539693 5157509 5742844 4188388 3729204 
4117809 5487210 6567681 6222451 5821568 4548587 4993197 5832964 4314472 3103041 
4783642 5187574 6920469 6574172 6009243 4850897 4328318 4679009 3927687 2857163 
4395951 5067545 6011382 6173629 5638036 4954789 5210110 4771446 3061601 2780129 
3350182 5339800 5189133 5980264 6116435 5053878 4984015 5324738 3024969 2233387 
4409396 4977926 5548489 6167774 5860666 5022747 4229796 4255814 3827759 1996953 
2938335 4746162 5242992 6134489 6220956 5080667 4224360 4609489 2812444 2187041 
3649303 4924641 5680767 5982198 5332206 4737077 5131493 4387167 3261795 2550650 
3094437 4156779 4620525 4519302 5560402 5089324 4527340 4211249 3790123 2871218 
3732163 4693579 4642482 5870759 4089003 4623053 4807464 5121327 3732564 2570388 
3013350 3380379 5839522 3741488 4301807 4922177 5645546 5314486 4205688 3562471 
3656829 4651878 5417325 4909829 4936971 5028507 6099125 5804224 4470667 4024547 
3099489 3905931 4437146 5624725 4269854 5054216 4938622 5804694 4639613 2728656 
3774882 4693196 5176953 5406020 5993822 4828380 6328341 5393076 4293621 3287723 
2701487 4891776 5013361 4597210 5535291 5480285 5054702 4873444 3833612 2864232 
3954872 5700008 5470267 6013235 5834486 6816100 5169187 5669473 4026917 2524184 
2928871 4963355 5664046 4630652 6817897 5251843 6141763 4818789 3639540 1938875 
3478238 5492490 5500894 6234166 4430150 5884179 6006660 5582707 4232477 3289448 
3651375 4574377 5137605 5817034 5314649 6571033 5419608 5686654 4657618 2424452 
4063839 5191533 5915441 4570885 6084734 5242586 5818149 5850384 4712994 3242939 
3200162 4240056 4510596 5426599 4400966 6126033 5929919 5813610 4014954 3087184 
2901871 4697081 4626674 5390523 4109330 4868475 5911748 5464073 4262622 3512763 
3026229 3943282 5119494 4616736 5526583 5513666 5970334 6172885 4803747 3466244 
2672379 3522829 4464753 4853008 5818040 4713705 5605858 6176468 4769945 3967071 
2526703 4765235 4398474 4705806 5024872 5662692 4747290 6155714 4605236 3518721 
2810400 4164788 5027343 5271800 5293814 5982375 5773726 5432099 4736678 3672930 
3384484 3829726 5727915 5417275 5917585 5963083 5652118 5707482 4326946 2964462 
2617254 4045015 4163881 6003618 5340771 6483881 5900251 6016536 4739912 2702486 
3564761 4294874 5561908 5000686 5691837 6258009 5865165 6863305 4695985 3481912 
3804200 4327041 5429084 5616616 5846523 6160074 6022657 6047180 5106183 3475797 
2850291 3829681 4316699 5855819 4931128 5580129 7287588 6007379 5513696 4109669 
3417600 5381799 5154641 4529623 5492573 5909569 5613365 6741745 4659740 3940932 
3419510 4105244 5851983 4466398 5525433 5499204 5344002 5861601 5111490 3523538 
3857416 5481954 6083467 5771708 6465504 5185087 5544451 5479305 3691841 3363702 
2594210 4265436 5173449 4218917 5223561 5952428 5417470 5353263 4077763 2960462 
3782189 4628287 6669144 5903782 6022702 5923948 5037523 4541537 4263445 2010520 
2394093 4964143 5242721 4038007 5258237 6061312 5022824 5651479 4117973 2627533 
3250347 4791690 5905968 4237537 4874993 4838340 4701978 4716647 4253852 2521126 
3633469 4577014 5340395 4270037 4542583 5253968 4425383 5245216 4747935 2632489 
3192698 4724317 5760119 4228142 4392043 4855872 4756675 5014005 3981806 2790945 
3283100 5200810 5826423 5882301 5158013 4770309 5217641 5349162 4262809 3029191 
3263417 5061435 4635141 5941787 4869432 5852102 4313678 4556240 4040785 2608479 
3342249 4335750 5198520 6517632 6570998 5402580 5721463 5556709 3772148 3455726 
3175956 5144799 5084462 6132091 5578374 4735019 6149352 4222731 3474516 2751460 
2828100 5568474 5649116 6111680 6619105 5812990 6443242 6258877 4776977 3605484 
4269346 4994037 4877288 5332126 6242060 4878218 5216554 6884042 3908344 3645016 
2972357 4483596 6123461 5609624 6568619 6646736 6243180 6752973 5348388 4024033 
3610417 4904135 5382979 5825068 5777317 5370471 6061506 5693640 4453596 3267998 
2933182 4764430 5526378 5963726 5769212 7167123 5826380 5692591 4594093 3001891 
3555855 3998825 5775701 6322420 5479713 6244822 5915268 5116540 4237811 2710312 
2734014 4645538 4844059 4963506 5640386 5629092 6400426 5703867 3604064 2836564 
3783233 4865678 4861470 5808748 4618351 5004903 5126550 4524023 4149171 2262254 
3420746 4006656 4650640 3994341 3911174 4332378 4912182 4818482 4047211 2712346 
3546596 4666933 5868101 4420968 4553718 5320718 4388615 4828594 3629567 2685040 
3043725 4069946 3833081 3863700 3901449 4176012 4322139 4549698 3964554 2947181 
4119310 4085741 5040688 4738791 4526055 4415537 3932124 3803552 2672101 2219971 
2729741 4500834 4293149 4204272 3761010 4955795 5156773 3880269 4002746 1989088 
3671072 4287902 5264691 4006538 4186272 4848569 4752415 5060193 3355133 2968857 
3134104 4569819 4584742 5214908 4712208 4994494 4467683 4909439 3340501 2704284 
2529501 3933315 5432025 4468886 4403810 4771932 5865980 4011061 4376028 2406411 
3488162 3988750 5513026 5099155 4263793 4726637 4533118 4509725 3179739 3066136 
3070957 4544001 4687399 5275629 5044679 5432842 5124993 4873473 4017128 2776809 
3475838 4092860 5834362 4965798 5260016 5346522 4563560 3749076 3400585 2348250 
3610401 5965641 5578246 5049458 5504923 5705523 6289590 5394471 3855166 2794346 
3580160 4787678 6378674 6082422 5519551 6402654 5600719 4737492 3780489 2352898 
4101025 5369239 6469441 5825387 5068310 6317059 5931480 6005990 5310065 2986700 
3608327 4175867 5730807 5740235 5743461 5784389 6015796 6149285 4761921 3791063 
4112321 5132122 5424183 6291624 5291061 5275898 5151314 5974620 4356770 3220356 
2759557 4003712 5016954 5123399 6020677 5039703 4574061 6178614 4252673 3225473 
2826302 4883106 3803768 4871935 4324192 4909046 3449213 4969512 4320313 2414356 
2488332 3655968 4916520 4824958 4467894 4379155 3913794 4828693 3574265 2896342 
2742719 3667340 4945844 4034303 4403017 5103351 4592731 4569661 3822145 2710613 
2851291 3884287 5082263 5196763 4779321 4467105 4954250 3358501 3892088 2358826 
2704906 3673726 5096671 4820487 4426823 5396571 4397874 4434446 3299214 2578990 
3187070 3392691 6122415 4434290 4893450 5299709 4609115 3761673 2783212 2426813 
2627684 3404077 4196781 4068589 5011784 4341285 4441965 3917039 2846656 1846261 
3076425 4576258 5111661 5185023 4248257 5720289 4257120 3381535 2590400 1377730 
2589696 3647048 4723327 4034873 4391190 4864434 4958705 4314010 3018443 2468743 
2815282 4060721 5220936 4589764 5368625 5456216 5997204 5300194 3855909 2410573 
2598348 3755325 4376997 4927215 5571067 5167247 5949268 5757561 3619809 3268644 
3473388 4632053 4998395 5818327 6380810 6270549 6586717 6471109 4657380 2875344 
2749716 3351024 5234510 4685285 5275355 5826692 5410794 5750926 4846320 2985130 
3316740 5198273 5777416 6057165 6434415 6435217 5979260 6677446 4034153 3276541 
2827958 4371823 4936072 5529888 5440024 5145047 6191598 4345824 4613611 2698441 
3832889 5053842 6098547 5942995 6002143 6138935 5837460 5817441 4309311 3187330 
2878680 4717935 4570428 5642976 4762197 5716988 5624589 6088591 4055300 3539158 
3158184 4756558 4963936 5397885 5847255 5117304 6824265 5845851 4697473 3406568 
3170610 4736798 5310832 5199388 4938077 5173360 5276115 6583171 4716208 3571777 
3239239 5207920 4777393 5459646 5692833 5525082 5237944 5713009 4401519 3862611 
3766201 5249896 6401920 4882731 5335617 4753947 4696507 4650374 4766928 3081771 
3205856 5028689 6216255 5057807 5636340 6017235 4953992 5396612 3729951 3144444 
3838073 5259852 6208037 6127159 5467648 5653130 5421531 5582956 3617036 2938893 
3849837 4463791 6701292 6095769 6084408 6808589 6620090 5581706 5052539 2541238 
4285064 5129026 6354787 6340162 6965386 6338486 5142090 5466583 3551272 2656338 
3816546 5727056 6057124 6382079 6529712 6519967 6189788 6053607 4622424 2703595 
3313690 5469166 6181584 6622826 6967207 5408013 5743922 4532223 3329196 2676898 
3483057 6769605 6628744 6198769 6727935 7000521 5359462 5667954 4560953 2802741 
3270973 5448223 7198466 5921195 7229301 6087258 5419279 4904119 3171927 2503820 
3906441 4906643 7207993 5584508 6221211 5722839 5779850 4980449 3789364 2576897 
2981137 5593547 5864681 6450752 6203655 6441113 5024985 4825244 3973710 1922005 
4139985 4864294 6389944 5899511 6017909 5051397 4607990 4817992 3365812 2495715 
3103275 4921353 5995849 5859744 5546385 5899158 5188755 3758412 3084312 2021923 
3559049 5374128 5258529 5266464 4859339 4858124 5050910 4791104 4178956 2229776 
3470360 4662703 5914303 4921386 5781517 5491852 4620246 4884672 3053153 2941803 
3328613 5878767 4790588 5871029 4894762 3965848 5764792 5268002 3802844 3223016 
3418062 4574737 5703823 5473526 5885852 5121636 4982504 4331337 3504097 2379438 
3067303 3741564 5370535 5379142 5193450 5921045 4792397 5946247 3879367 3566663 
2608917 4545398 4690433 5260447 6245160 4375094 5635072 4637582 3511352 1966057 
3160994 3411024 4795818 5884398 5505252 5834616 5574104 5646452 3565296 3119152 
2817396 4068618 4815263 5576141 5149708 5323903 4812438 4767345 3323292 2412406 
2963667 4533423 5164661 5611998 6816234 4841656 6399290 5167023 4350240 2980921 
3099653 4916452 5927956 6176177 5141846 6118080 5184118 5134796 3745452 3068984 
3231309 4881422 5875578 6315552 5688364 6072316 6606674 6185329 4474402 3575511 
3181477 4024281 5680012 5808147 5804872 5222941 6523560 5337836 4914878 3079308 
2614354 3212810 4113566 5795266 5158812 4925226 5943444 5490175 4043437 3523010 
2874643 3923490 3944839 5345318 5204193 5849796 5066410 5615463 4382817 2575955 
2236456 2617342 4446083 4523602 5172923 5168416 4564369 4344862 3641563 2317063 
3696485 5086228 4396802 5477785 6027400 5371326 5707003 5800828 3248180 2555520 
3226185 4445645 5485361 5252188 5796113 6088782 4563645 4598563 3575415 1373315 
4487712 5805502 5927868 6309288 6360998 6175406 5893792 5897980 3447516 2652150 
3862910 5761590 5908584 5909046 6574304 5475578 5622362 4792345 3983501 1808773 
4889036 5417553 6328127 6736852 5622022 6530380 5493434 5066652 4193801 2506802 
3468759 5925569 6378989 5873424 6488134 5782707 4910247 5769260 3543061 3163835 
3273509 5166829 6441332 5634528 5492659 5589302 6059701 3606267 4605988 2275768 
2643397 3668067 4422190 5191001 4757277 5698780 5750898 5618643 4044672 3626119 
2931256 5111314 5227797 5300057 5021044 6114868 4894155 5533758 4151882 2614836 
3058980 3878963 4058363 4865767 5505961 5062662 6215650 6217036 4495968 3157111 
3487969 5719976 5082077 5444988 5950060 5496736 5576797 5879053 3925245 3037244 
3123126 4632920 5885567 5291200 5037760 6562658 5301253 5946903 5219307 3104314 
4340143 5546794 6490855 6758962 5997145 6168996 5668163 6519473 4556675 3646513 
4136170 5003589 6276217 5892457 5106002 5319191 5574338 6040179 4876087 3827261 
3409356 5015180 5495267 6209867 4872555 5660820 5584089 5828198 4996615 3938920 
3166964 4399082 5468400 4611732 5633800 5440880 5404875 5737668 5025033 4053259 
2089039 3399219 4562674 4902646 4690302 6137196 5909118 5335673 5074387 3584381 
1748334 3201137 4217209 4639133 4903716 5751256 5527760 5871552 4253597 3162528 
2583667 2792987 3871928 4754279 4363946 5697417 5273877 4916792 4099134 3081284 
1772519 2868695 3856206 4680277 5490583 5776335 6843002 4704647 4270478 2568720 
2441672 2350631 4089980 4196214 4469060 4759693 5235276 5674539 3578777 2481902 
2689855 3469918 3917184 5168412 5030834 5970944 5023102 5606750 3498978 2679923 
2741552 4096153 5174098 3494502 5431351 4506235 5053894 5650774 3479177 2980002 
4141168 4863915 5691788 6170864 5333852 5709825 5647129 5774374 4562874 2442336 
3927526 5421744 5485511 5629404 4346004 5526539 4691146 5360366 5116267 3556879 
3983867 5073644 6226036 5285044 5758534 5579969 5186469 5691126 3797667 3157712 
3809056 5358876 4385013 5254277 4877324 4510344 5231106 4735630 4050804 2572855 
3355441 4092258 4953172 4771035 5256795 5342287 4743140 5061990 3906892 2976334 
3477508 3436893 5105541 4719394 4931381 4100515 4561379 4539742 3293578 2342668 
3435860 4939589 5336267 5201030 5557150 5197437 4928290 4975318 3480223 2295131 
3413811 4453149 5637365 5426808 5133826 5229899 4926618 5060403 3479885 2365691 
4302365 5157588 6207372 5482513 5704441 5514833 4964894 4812706 4182479 2405616 
3315515 5322602 5341189 5370976 6449209 5771718 4965792 5129030 3201503 1859856 
4133045 4498109 5902804 6167004 4863279 5730796 5808585 5003744 3910145 2893744 
3281213 5079654 4986148 5608038 5748905 5365742 5505111 4652103 4227094 2321885 
3568185 4222219 5419309 6093794 4714096 4640632 5044723 4854124 3524956 2790866 
3323581 4851733 4363192 4955252 5317845 4987077 4834868 4670989 2760176 2864883 
3700896 4386465 5088664 5016853 5011296 4344031 4466109 4378431 3013851 2380531 
3100933 4323788 4608234 4593318 4392936 4095343 4479399 5566529 3394126 2629181 
3352047 4784458 5611763 4808764 4943145 4549012 3595525 4533657 3169267 2613709 
2861779 4630497 4822252 4636739 4627556 4010840 4079611 5363221 3817332 2734513 
2616994 4808568 5654007 5104594 5495217 4536430 3626558 4643751 4116952 2100944 
3496127 4783869 5479293 5445859 5051321 3943361 4340886 4434195 3679287 3274726 
2908040 3779383 5922419 5633502 6272387 5750549 5347937 4814661 3863628 2331479 
3661337 5525093 5660768 5661722 5820386 5529487 5329132 5674545 4249164 3575064 
3465783 5046354 4570896 5720691 5993540 5766281 6399385 5762293 4154753 3452519 
4338992 4419628 6513666 5919176 5525660 5923045 5964321 5734710 4088279 2655837 
3799278 5243642 6255207 5926783 5915165 6118321 6258630 6202140 4255985 2988543 
4480070 5115921 6144144 6212787 6230492 6049272 6050124 4530503 3888837 2830597 
3638811 5143675 5906051 6039476 5896230 6996264 6062217 5078326 3990879 2633174 
3161111 4335877 4705332 4843117 4442746 5518123 6743948 5310391 4341781 2901963 
2435791 4328130 5362734 5685512 5737959 5701878 6630224 5501081 4420559 3907401 
2025716 3239051 4239827 4521540 3663792 5092248 6108448 5507779 4529609 3612476 
2207767 4756440 4444109 5034070 5797124 5455986 6020421 5892226 4183305 3013032 
1993077 2342197 4475546 4373804 5011827 5158868 5696627 4781071 4021171 3329957 
2270134 4029980 3597286 5746438 4992563 5471248 5565224 5630268 3625856 2904520 
1991353 2597146 4942854 5105815 5695783 5476411 5019810 5017977 3214223 2241996 
2938252 3710307 5538453 4599867 4970111 4964651 5001872 5036126 3687813 2559622 
2006169 4771773 4812538 5559568 5386065 6117143 4330343 4628292 3362269 2203765 
3447974 4440632 5925678 5415418 5719648 5380757 5198744 5008795 3970139 3117710 
3193333 4897547 6623623 6102306 6038810 6386477 5206169 4119677 4466649 2557001 
3753290 6309780 5828014 5749965 6555961 5371970 6182502 4570495 3292464 3370444 
4392807 4832995 6340209 6633303 5410638 6200904 5640211 5519814 3748883 2857500 
3499685 5144117 5460180 5858960 5285558 5490783 5565871 5168489 4348065 2580899 
3018449 4974005 5474357 5549753 6047029 5273466 6018767 5394529 3652652 3433230 
2518465 3073690 4534668 4087134 4980991 5572020 5306272 5125369 3971391 1904408 
3009531 3821249 4669537 5295769 5537037 6042303 6167259 6164953 4543829 2960578 
2740153 3335663 5354770 4697023 5424980 6151114 4565680 6008433 3528790 2214407 
3931906 4509924 5442262 6369946 5245344 5910007 5122422 4803864 4048522 2072497 
2954404 4951628 4878069 5317010 6030883 5502962 5439296 4778109 4107128 2049352 
4452247 4412381 6019778 5360269 4576283 5146349 4442461 5570434 3629613 3084410 
3381457 4365038 4972493 5509354 6272345 5435157 5602233 5128859 4116882 2737617 
3800828 5227208 4496936 4683304 5702747 4357708 4664744 5663792 4260703 2952416 
2891484 4216123 5000973 4881496 5294392 6277516 5047159 6132600 4146776 3332517 
3234846 6074662 5322652 5118617 6435918 4904486 5754611 5715141 5298640 3006065 
2409830 4233299 5240049 4008871 5551065 5806258 4416485 5941864 4419011 2857309 
3943923 4791566 5577859 5109496 5384238 6111586 5001084 5570936 4414019 2927534 
2655570 3722767 5090111 3596678 5180096 5525503 5064609 4920696 4845016 2179598 
2976578 4340116 5118279 6015006 5400766 7271177 5787816 5817687 3949844 3052085 
2743453 3792303 4776771 5366772 5187563 4820271 5439067 4717168 3846415 2619617 
3075089 3764860 5968411 5703665 6009555 5749325 5276618 4242459 3566547 2046577 
3212816 4479592 5745918 5424742 5628132 5889550 4773904 5292504 3292996 2901443 
4192299 5170322 6128166 5523607 5841084 5577289 4978065 4958707 3477012 2883362 
3737982 5312507 5304979 5638525 4675369 5186956 4929810 5014392 4160034 2328903 
4969584 5999288 6637125 6514411 5077053 5610459 5555999 5238165 4839056 2932714 
4009194 5355987 6100568 5020978 6265818 6019148 5872838 6499794 4995755 3940853 
4028578 5793619 6256321 6307443 6395582 6026865 6007424 5728868 4747521 2798620 
3078834 4573974 5524216 5513986 5498476 5821012 6995792 5781380 4749107 3638523 
3466592 4156121 6297335 6650057 6211690 7099581 6251172 6836000 4856968 3894025 
3508657 4650058 4545096 5505494 6939158 6279434 6755278 6477950 5199368 3349376 
3655969 5018117 5973505 5503848 6996759 6488393 6918092 6651956 4911497 3907691 
3497574 5937754 5562805 5349497 5874142 6876687 6176698 6554612 4962537 3523011 
3439239 5005086 5595951 5744218 6186453 6049916 5779076 5897684 4384556 3017517 
3261908 4628947 5783211 5164994 6586035 5444492 6691559 5763453 4526128 3037355 
3261039 4659606 4152404 5157612 5721669 5320867 5400508 5709713 3961986 2733444 
3431977 4851418 4815452 4277188 5263297 4806878 4891212 5548730 3756605 2482930 
3654425 4467923 5915127 4872578 4747975 4619974 5166627 4397667 3519195 2207872 
3823793 4874912 5248538 5779625 5137564 5932671 4892513 5408047 4285760 2098847 
3583855 5124826 6046333 5373374 5943610 4704679 4753820 5590755 3690912 2554823 
4284324 5067937 5397590 6084196 5448481 5353953 4788962 4417305 3832244 2297926 
4145936 5681177 5685624 6357224 5285868 5451886 4908387 4644132 4273497 2658229 
4177291 5354675 6608545 4088862 5114447 5470552 3926445 5238772 3579534 2880653 
4119640 5792563 5384804 6054077 4497712 4495592 5544640 4282709 4366141 3042859 
3132832 4769016 6095916 5125248 5190247 4823481 4387890 5631535 3536806 3332170 
3178849 4052064 5942571 4816463 4294857 5600791 5135590 5382422 4448803 3503288 
2696093 4682527 5424672 5065448 6240901 5092583 5303805 5590369 4388930 3031923 
3805364 4323845 5360619 5446922 5160611 5319710 4211240 5979079 4419343 3263337 
2450546 4140977 5639306 5682105 6763224 6226019 4897706 4943809 3849364 2844691 
2228866 5263569 5062006 4683925 6145978 4737820 4266126 4644691 3679608 1913290 
2571076 4364035 5122119 5841961 6791759 6183839 5050635 4957353 3775265 2236081 
3055508 4668328 5303332 5153950 5659165 4579687 3605374 4571023 2950479 2244444 
2204593 5280703 4604027 4447677 6537345 5218106 3947224 5135756 3662374 1746053 
3715903 5619578 5872341 5143413 4178084 4206100 4141054 3915090 3783695 2917380 
3004736 5716146 5197869 4091076 5550399 4466112 3425938 4910828 3711764 2637383 
4181116 5196731 5281210 4694447 4224707 3970152 4405033 4666864 3994180 3280559 
4080204 4887715 5199266 5214883 4438417 4674162 5190899 4892675 3085535 2958057 
3135179 4808607 5867609 4205771 5175683 4472816 4456082 5686664 3933507 2582333 
3568066 5627391 5555623 5302496 5465699 5898625 5640070 5062712 3512190 2705970 
2816906 4450875 6315074 6341419 5601919 5587024 5361495 5627783 4021330 3011643 
3743868 3982993 6751452 5586635 5530958 6124359 6079087 4621314 4847532 2634178 
3735120 3898347 5461701 6229043 5580111 5271141 5249672 5496837 3601785 3356737 
3705972 4221788 4630638 5598632 5004183 4736229 4741306 4789962 3658821 2555720 
3916852 5035319 4729296 4874619 5095218 4823324 4760374 5259758 3829218 2588593 
3866639 4716003 3864980 4530713 4246638 3769761 4549073 3789415 3321499 2185523 
3360662 4332806 5680183 4704432 4400382 4514831 4766811 5069779 3586138 3276377 
2875443 5000016 4648329 4765365 4174274 4468957 5004287 4342391 4107613 2253436 
2848161 4593914 4961585 4939806 6033185 4794919 5562823 5904579 4185211 3129393 
3933906 4112922 5013959 4712760 5234681 5610760 5679512 6588435 3509665 3326455 
2566787 4320563 4851899 5062301 5567239 5406323 6368500 5376022 4163210 2934543 
3861050 4841442 4914129 5303404 4903601 5786650 5782767 6302071 4716248 3178377 
3395905 4384063 5760648 5595363 5701655 5535677 5570378 5991158 4023376 3530754 
3602604 4692810 5999837 5466403 5611557 4374845 6528674 5753801 4927339 3914636 
2992629 5584359 5192566 5747379 5588298 5610162 4790807 5483983 4182545 3064157 
2959600 4022523 4289443 4700170 4909151 4718716 5938369 5406244 3927784 3276900 
3484003 5281549 5242783 5061508 5218692 5234681 5669056 5602294 3634754 3004829 
2669697 3473176 3665944 4341020 4039294 4050085 4985663 4528180 3506912 2341870 
3196313 4263419 5532969 4587243 4973100 4572104 4873667 5741844 3464664 2947026 
2399947 3496217 3662445 4423247 4705228 4489512 4796266 4441655 3326037 2116844 
3780909 4200823 4708712 5950824 5616364 5079664 5785058 6318225 4433168 3303631 
2451870 3679515 3936378 4153330 4607296 5901252 4706296 4644602 3168698 2180277 
3347114 5165153 5308303 4636765 5900486 5782841 6994907 6343759 5173276 3740047 
2814042 4361647 4776536 4701486 5528587 5195914 4662187 5689820 3690752 2316994 
3815986 5289111 6371086 5556808 5792408 6533397 5614499 6715380 5203227 3795838 
2677603 4870720 6259930 5433284 5406739 5316798 5270998 4815494 3798699 3181739 
3884414 4576564 5835106 5979968 5574611 6390870 5841126 6080679 5490835 3114944 
3139994 4762435 5649397 5051445 5708269 5084351 5563275 5234406 4318863 3593786 
3219831 4844870 6206364 5133568 5946223 6865958 5733916 7047260 5071325 3095010 
3599432 4969987 5517266 5449755 4826960 5958875 6157830 4993467 5088363 3500591 
3537632 4492530 6384379 4832521 5420974 5960804 5934085 6323526 4352308 3183997 
4387222 5244505 6747455 5824904 5619062 6263857 5609948 6059822 4368567 2876582 
3841274 5595712 6567122 6152887 6091292 6732388 6212026 5423118 4667186 3810965 
4174694 4696819 6520097 6391784 5832664 6365274 5517901 6048190 4715066 2810879 
4218965 5351940 5986454 6295683 6065146 6183989 5270777 4990626 3758761 3067184 
3622545 5114663 5184903 5793235 6473189 5310588 6021774 5624219 4133425 2881196 
3817815 5500163 5656375 6636647 5330377 5194887 4760995 4639364 3467064 2237901 
2336333 4259446 5677124 5473195 6104063 5010569 5630843 5592914 3202313 3102054 
3490461 4427608 5270912 5920543 5142242 4219618 4282397 3946270 3665765 2372373 
2314888 3658282 4434207 5567395 5621389 4897320 5478093 5229011 4314999 3316258 
2508497 3793792 4097486 4879448 4516453 5008769 4686381 5123494 3497229 3069294 
1874152 3714301 3810989 4034752 4009911 4196531 5288804 5738375 4450631 3285226 
2808279 2512553 5299082 4480748 5155951 5393391 5503145 5227984 4114505 2918502 
2517251 3306943 4136599 5493713 4698445 5931291 5410066 5604074 4567263 3456952 
2717735 3031319 4445428 4740032 5400914 7294374 6403949 6120441 4932667 2769758 
2675401 3375547 4948762 4820450 5353442 6138495 6218840 5181911 4241184 3264168 
2697262 4103774 4870544 5385252 6000067 6902155 6236641 6040108 5029752 2772637 
2469675 4433572 5442425 4808074 5654074 6434427 5665590 4915369 4121094 2518721 
3661881 4281590 5496630 5280326 5213113 5958727 5825246 5267214 4036637 2482623 
3441777 5282397 5706926 5188904 5560528 6250657 5251039 5075351 4211498 2692990 
3071424 4582618 5735965 5072098 6470189 6600548 5711588 5314596 3944233 2508095 
3315225 4634908 5333442 6262773 5477715 6478939 6393600 5608333 4392037 2706582 
3626636 3794117 4768228 4583645 5647369 6318155 6551535 5621210 4212176 3170959 
3579508 4409875 6371091 5529192 5287817 6246945 6472014 5999013 4972215 3391223 
3493886 5579124 5616235 5248168 4870376 5821399 5775988 5929609 4746703 2873357 
3781890 5104931 6622302 6849810 5883156 6132628 6473839 6245114 5377585 4068599 
4430291 4693095 5812290 6471160 5155443 5367427 6207155 5140435 4396127 3273241 
3802216 4676757 6169130 6028033 4977765 6715268 5895853 6181210 5169798 3566649 
4171328 5708388 4736139 4821909 4883514 4902805 5141454 5183010 3774265 2763826 
3871152 4731838 5327707 5263566 4257152 4359282 5676067 5986658 4245285 3815358 
3980110 4737329 4499058 4734728 3383731 3732582 4816875 4354221 4222727 3030392 
3171246 4880701 4729428 4812424 4831293 4178511 4415985 6049777 4521494 3298694 
4002279 5085779 5505537 4706867 5474856 4503747 4588464 5708601 4069267 3416325 
2601683 4089105 4942698 4713664 5368000 5952120 4370474 5781216 4467145 2949256 
2886742 5495495 6075226 5146102 6075908 6540700 5584379 5658972 5079458 2781913 
2339574 3260840 4607132 4274205 4661450 6450914 5668949 6059179 4331939 3620978 
2863125 3862712 5978795 4919183 5674298 6431041 5736579 6005000 4631961 2710743 
2387715 3131095 4866276 4053952 4264211 4825455 5870004 5801153 4631680 3878333 
2893169 4294773 4808242 5081284 4944866 5055502 4625456 4804671 3886655 3311805 
2916672 3887747 4570583 4266656 4380266 3638932 4185502 5509478 3921970 3163071 
2508875 3976876 4644991 4742018 4329258 3825028 4491634 3541382 3394443 2935345 
3080337 4474932 4321689 4990308 4633352 4105743 4222535 4907395 3630848 2735936 
3547577 4325059 3978219 3995752 4346597 4446694 3980421 4763908 3505659 2088657 
3726997 5111678 6006741 4474336 5300534 4245195 5221325 4313951 4156459 3268653 
3644253 4459173 5277326 4959950 4390516 5307680 5314518 4850588 3838175 2724999 
3764936 5347338 5769292 6369702 5269945 5153306 4887100 5126911 3760600 3253142 
3010773 3533381 5059685 3898807 5026340 5586035 5166787 4912537 4042967 2771097 
3364456 4846664 5525074 5311308 4817702 4664450 5385455 5039697 4000795 3034324 
2144008 3816649 4714757 4383400 4546138 4991374 5312344 5241695 3992932 2604881 
3865903 5574134 5513520 5741872 5681831 5002838 3877262 4721917 3096614 2341903 
3691854 5485443 5282679 5162689 6230897 4309161 5441656 5189154 3703422 2548975 
4760193 6384893 7470168 5667700 5521968 5777614 3991157 3759422 3449896 2060840 
3340820 6201425 6186559 6077432 6235963 5620995 4861561 5660378 3698389 3195717 
3933714 5408000 6618261 5841958 6018590 4809436 5261389 4563026 3057326 2530018 
3909398 4741014 5967701 6767894 5739269 5921310 5957852 5399417 4509574 2587182 
3427862 4659251 5874545 4704303 5384897 5171011 5039108 5722129 3993430 2796052 
4093928 4528511 5426793 5593321 5330604 5862505 4984935 5650731 4140495 2770500 
3752408 4744709 4832292 5324426 4766412 4269204 5138936 5794002 4134800 2596017 
3884411 4278676 5480797 5274896 5491154 5508527 5654467 5769014 3727409 2731793 
3526059 3883608 5012076 5285762 4152842 5653975 5611348 5213293 4850664 3137749 
2268904 4037174 4023777 5106957 5721038 5403527 5805186 6648317 4077956 3236541 
3777467 4230796 4926022 5644538 5715797 5509005 6556964 5626846 4313818 3484281 
3163659 3386767 4488306 5322567 5572645 6126487 6393011 5816151 5124833 3024199 
2990448 4618641 4827824 4767705 6127752 5549134 6345865 6790536 4332498 3137630 
3650039 4488403 4246982 5745876 4926606 5660346 5248841 5593736 4127519 2809888 
2896329 4290510 5071070 5525099 6965931 6952450 7017839 5918734 5011253 2925837 
3454410 4229588 5604167 4625582 6353147 5836089 5284942 5870185 3673512 2735934 
2553951 4353236 4156190 5674475 6031375 5847765 6452878 6136678 4107945 3074419 
3112384 4378529 5310990 5159711 6106363 5800494 5433882 5627333 3195071 3097691 
2607975 3362058 5065734 4731682 5153013 5810762 5887972 6340629 4442880 3238459 
2190910 4254436 4486453 5008976 5643473 4221254 5697944 5589127 4269112 2392564 
2785583 3635757 4865532 5090906 5760098 4871861 5528549 5637374 3709148 3443419 
2326394 2832247 4267557 4910640 5902357 5927172 5344737 6072916 4310684 2373727 
1692374 4176489 4248571 4472088 6979165 5186930 6028251 5633668 4274453 2711288 
1301496 3439423 3887115 4115358 5007794 6177588 4584313 5347103 3992011 2833131 
2325093 3374011 3929741 4624567 4796828 5015848 6185567 5482209 4844320 3035984 
2572312 4582469 4577995 2973528 4558403 5248740 5273404 5569348 4529659 3301570 
3210062 4402723 4598508 4197557 3728492 4887102 5534654 4578711 3915976 3520137 
3541790 5155959 5230369 4679768 4239658 5092206 5892446 5637851 4182280 3072835 
3099119 4529684 4788804 5001829 5380330 5278140 5421963 5651526 4477352 2738949 
3673405 4227023 5414598 5934027 5426960 6247862 5425401 6186259 4051635 3346925 
2811980 4975747 5642654 5375510 6713159 6188589 6291722 6128509 4658876 2691351 
3280802 4557387 4935536 5709792 5666826 5521976 5542813 6153859 4306894 3145582 
3621144 5204413 5847450 5948054 6594075 6370791 5542285 5773677 4541269 2765415 
3299818 4705433 5195657 4905018 5341581 4558752 5270724 5999797 4160657 3256765 
3620004 5400465 5309535 5660641 6637675 5470938 5651130 6592455 4230719 3441100 
3843931 5324263 5722534 5897502 5570948 4958407 5619012 5570084 4749952 3276857 
3230397 4760070 5514990 5518680 5262629 5949357 4970694 5975607 4195885 2900792 
4256378 5082400 6470669 5867638 5496842 5347158 4712017 5415336 4357253 3668971 
2612239 5049909 5047447 5797823 5964711 5479093 5351675 4713098 4148910 2750201 
4328701 5408382 5884314 5232968 5224461 5605018 5508094 5112018 4042762 3117707 
3044138 5020024 5185943 5573077 5070046 5891407 5015689 4473811 3441001 2666261 
4361016 4870677 6979898 5134607 5081527 5178312 5740891 4956187 4905005 2706498 
3946438 5256301 5996254 6256486 5641180 6447353 5285166 4835949 3586315 3011960 
3395082 4543346 5955725 5760636 4692418 5274396 5651751 4901405 4067834 2934000 
4354325 4770728 5389039 5037433 5248823 4323535 5257752 4917005 3549728 2529697 
2832917 4623186 4564716 5255057 5053402 5172534 3983343 5702878 3611180 3186660 
3325053 4978544 5575021 4999359 5176481 4598050 5342224 4349244 4289025 2667844 
2487751 5298136 4812174 4636647 5293023 5218056 4730196 4996043 2906706 2801615 
3589829 4723007 6357520 6333959 5175625 5145276 4473372 4477223 3499827 1992316 
4038151 4918735 6030737 6331186 6360165 4352351 5765977 4102958 3202093 2288743 
3936789 5264063 5869692 6165776 6255581 5437784 3962186 4477116 2805088 2089280 
4490695 5121893 5058755 6421025 4885720 4320641 4416782 4069413 2780570 2120010 
2815377 4521298 5274577 4885675 5075986 4374132 3607833 4441565 2766038 2333143 
3593152 4734556 4862850 5115721 4605508 3706111 4195357 3893677 3475861 2903381 
2197330 4392462 4427969 4763160 5729348 5058452 5251951 5998151 4345965 2973283 
3716582 5396359 5541546 5206638 5020601 4918107 4900606 5950553 4461677 3101487 
3199746 4166917 5370480 5611147 5970301 6349645 5995378 6390261 4469763 3539447 
3444936 5223300 5128052 4626749 5715628 5146091 5200456 5718614 4302317 2243101 
3044434 3586040 5027872 4828916 5491247 6434345 5092665 5720017 4311027 2501796 
3417004 3968313 3601113 4223494 4674935 4483360 4619631 4880186 3147459 2866274 
2709149 3340259 4195405 3607770 4601663 4506614 4630046 5008874 3620460 2764146 
3710358 3409631 4180240 4141831 3668197 3137852 3673503 3960465 3920426 2191842 
3130504 4572718 4813147 4548172 5173077 3216170 4436676 5828001 3472717 3756594 
3269914 4004691 4732364 4985379 4839432 4059501 4803044 4705997 3533839 2733278 
2573786 4872721 4525293 5234704 5976850 4825319 5246941 5694479 4492159 2559617 
2638505 3693969 3443197 4356542 5100277 4933046 5389436 6577756 3804779 2806187 
1939880 3579428 4022393 4476057 6309078 5896138 6125410 5305068 4885211 3303760 
2003013 4329993 3425421 3988845 4830857 5286748 5618547 5733546 5165003 2891078 
2435376 4872539 5411014 5109082 5110394 6297589 5476026 5973826 4463881 3589751 
3372131 3774608 5656128 4878324 4674640 4624325 4850111 5437162 4579054 3452111 
3587985 5160523 5450568 6053339 4454559 5077279 6038484 5449983 5340795 3794393 
3990730 4731061 5790628 5206882 4789196 4727115 4382020 5612401 3748989 3664836 
3518328 4798781 5284039 5815548 5094349 4991914 5744994 5493544 4704873 3740103 
3126288 3990286 4524753 4400985 4368127 3973164 4737180 5243231 4185842 3194482 
2938131 3563961 5175215 3683303 4849197 4842170 4691583 6019555 4280428 3411423 
3072893 4370014 4617389 5178696 4100588 4450991 4659985 4131981 3388555 2928208 
2259031 3810476 3910499 4879012 4715751 4942769 5169256 5667764 4909317 2924640 
2493085 4573377 5002580 4136919 4707747 5275528 3272266 4957402 3672715 2366901 
2502224 3883546 4188681 4900031 4901280 5253637 4793217 5671173 4299663 3128059 
2988426 4150738 5667192 5126333 5380724 5295127 5608081 4438559 4062731 2869905 
2646652 3382715 5253378 4837956 4684360 6883443 5606761 5705134 5012673 3356783 
3539195 4583837 5470219 5813501 5745919 4903234 4807229 4949115 3313836 2773614 
3233885 4252353 6159424 5176269 5975846 5634445 6175275 5626812 3871481 3319419 
4062005 4660506 6123124 6525102 4664523 6174261 5325222 4358032 3811586 2465624 
2711740 3512952 5224368 4718832 5069916 4980790 4849952 5637935 4245297 2723843 
3559951 4708091 5416436 4947485 5090202 5087088 5270483 4393688 4140728 2143247 
2839891 4734001 4405241 5486730 5118225 5061070 5335852 4439891 3579708 3123536 
3350889 4572982 5492476 4967240 5018486 5584390 5142444 4545826 2940392 2577272 
3435319 5607595 5138091 5110391 5813503 3860143 5331601 3936097 2504306 1692669 
3294165 5229930 6262277 5379930 5660864 4790269 4424771 5573661 3798046 2399359 
4576723 5701367 5586424 6118207 5512565 5581288 4795482 5385228 3875959 2975803 
3706186 4574989 4745553 4450481 5302197 5117199 5167425 5959053 4471433 3409133 
3627758 5316909 4617337 4909164 5096995 5262346 6368157 5864635 5505081 3237489 
3705284 5260274 4837095 4985212 4108303 4397212 5077101 5995271 4592720 3738401 
3473387 4119667 5535701 5408796 5076762 5213982 5413375 6587852 4311093 3318512 
4142541 4989565 5941737 5486321 6516215 5036184 4481494 5348547 3428779 2489412 
4081806 4528348 6165234 7064425 6576430 5975769 5784373 5964362 3837925 2642456 
3755557 5802788 6447378 7355062 6443288 6087563 4887539 4723184 3420987 1727887 
3218725 5408700 6376170 7195869 7760132 6239641 5788647 5708254 3614193 3086743 
2546711 5289887 6283684 6342845 6835841 5296172 5660540 4727832 3999309 2974757 
2867849 4800184 6303231 6504511 6640316 6248666 5555421 4290830 3578708 2322588 
3885271 4874652 6051646 5975850 5811945 5597104 4598256 6038640 3006864 3004862 
3952578 4939483 6650416 5023111 5753396 5321730 5578061 3996373 3575698 2037158 
3716756 4425327 5532295 5874316 3858019 5476748 5042118 4589275 4004641 3012381 
3120317 4484114 5295230 5429709 4918956 5072422 4973931 3919678 2897304 2472666 
3323879 4046179 4762106 5219620 5617510 4645363 6512459 4685211 4021432 2943834 
3548100 4767715 5005631 5597459 5617132 4792962 5038347 5198268 3371426 3021793 
3127727 4317463 5066972 5228637 5702223 4812157 4631785 5153113 3281282 2522642 
3404601 6144001 4866590 5364297 5650292 4589297 5337271 5414264 3763641 2954155 
3678372 4605390 5914493 5656585 4262153 4937372 4153464 4758284 3693134 2475605 
4155417 5421700 5023890 5346669 5113342 4052118 3973751 4831373 3843062 2704912 
3396548 4577897 5061278 5369071 4635207 3877559 3809758 3735994 2671444 2655016 
3076621 3727657 5213747 4617217 3969081 4253309 4011275 3615254 3240970 1742036 
2555601 4853943 4947647 5162485 5106181 3869445 4009939 4331567 3210056 2480617 
2773648 3789466 4577384 5241930 4603581 4700339 3654889 4511946 2830024 1927431 
3511483 4256380 6232157 4710533 5587242 4424940 4022500 4133026 3511411 1894761 
2606885 3915949 4791756 4709010 4662195 5105345 4877340 3926611 2885022 2274750 
3102900 4972319 5620436 5399046 4624726 5328669 4829320 4273411 2840217 2601908 
3292603 2789055 4405738 5156359 4762101 4451322 5230576 4472649 2915456 2562194 
2073452 4152763 4330284 5598283 5260761 4028784 5193524 4280623 2654562 2666674 
2177473 3133626 4428516 4461449 3984935 4145923 4879922 5094950 3406075 2896493 
2148784 4408285 4506468 5893823 6116374 5045492 5624757 5956416 3847285 3069064 
3452837 3814682 5431118 4838129 5896265 5042636 5330441 6283846 4970887 3548282 
3160555 4506535 5913176 6491905 6922707 6671910 6137593 5714247 5145230 3385109 
3995350 5275354 6297265 7268064 6738604 6679154 6476583 6664760 4874757 3776222 
3574875 5613858 6523198 7290534 8060219 6599001 7405553 6732638 4498557 3638509 
3666708 4559441 6370650 6403410 6400618 7203297 6360481 6190908 4710909 3324722 
3277819 5395245 5653638 5991687 6642302 5885174 6060799 6158482 3937666 2547836 
2836966 4316952 5684083 4629058 5360924 6062615 5431717 5621080 4277315 2608944 
3324349 4710995 4507518 5980516 4707209 5845473 5812088 4836577 4390220 3107449 
2614127 3752538 5086972 3612582 5417316 4959214 4887792 4794058 3473717 2118453 
3158801 3671891 5543727 5077585 4802166 5612859 6112687 4873380 3366237 2779095 
2603533 4117148 5146754 5087854 5485365 5445490 5739060 5463572 3738273 2275454 
3276060 3545008 5270524 4772275 5326022 6057123 5501580 6453948 4006103 3311007 
2972937 3339559 5743462 5748712 5692070 5837198 6065485 5433711 4221109 3046300 
3356611 4364629 5008868 4610268 5701548 5420764 5747813 5397941 5297755 2669701 
2624186 3855137 5265417 4906678 5207350 5936831 4728355 6010056 3677225 3241903 
3840318 4267346 4358418 4215421 3428776 5153604 5627223 4579391 4424124 3059685 
3587690 4471595 5413481 4178166 5137038 4436998 5511895 4796074 3340938 2314259 
4892562 4924856 5422812 4592735 3933765 4689556 4908734 5574428 3414935 2414753 
4437574 5681694 4969617 6004201 5640989 4158004 5686324 5227504 3891063 2621428 
3603124 5570446 5346619 5481886 5250495 4596004 4699576 5297954 3751789 2688614 
3783003 5789847 5277457 6054751 7122719 5390474 5856018 5151228 4178876 2641803 
3327535 4643155 4421659 4632427 6306719 4678410 5207052 4709478 3518032 2959933 
3201229 4788065 5147234 4950763 5922846 5866202 5975382 5073000 3948525 2917869 
3804027 5209229 5080385 4470570 4917874 4892245 4951139 5038718 3628853 2884303 
3297472 4791436 5589995 5147341 4843355 5153774 5794677 5211519 3788023 3338222 
3789826 5209581 5659694 4786024 4490669 4097266 5302399 4213836 3820884 2643017 
3294026 4548075 5076065 5010449 4309820 4383554 4714120 4501914 3130273 2336576 
3428358 4594200 5359550 5447153 4480919 4068029 4304262 4723594 3277507 2397767 
3383281 3826725 4162421 4267796 5209528 3663029 5171364 4089196 2932785 2497555 
3313044 4401224 5376232 4430895 4577187 4311723 3904144 5227806 3508403 2418715 
3738749 4595443 4147915 4647943 5121259 4467914 4389171 5164885 3650483 2098100 
3420277 4962953 4385614 4613221 4747220 3924586 3631567 5720767 3601679 3395882 
3950073 4927164 5378976 4494704 4485809 5106488 5138767 4011196 4767324 2539907 
3697447 5264001 4831848 5284671 5464146 5256474 5259888 5955271 4382088 3513884 
4302878 5456135 6016550 5338603 5366458 5697293 5990208 6173262 5000765 3405174 
3255575 4346471 4865917 4795916 5530481 5817200 6785951 5927738 5385783 4158723 
3373642 5637328 4833159 6373678 5098807 6149587 6480829 7058398 5854090 3876043 
3480930 4631964 5014542 4560090 6253902 6043906 6780956 6980194 5561277 4320492 
3995883 4838871 5746480 5417999 6433309 6370481 7304911 7018799 5472871 4362029 
3696059 5043815 4675228 4637586 4819300 4911396 5951822 6856477 5241332 3735415 
4641695 5584917 6212180 5891655 5500695 6454321 6186972 6180297 5539202 3685088 
3365978 4757335 5532706 4341257 4523119 4706982 4645325 5428174 4461444 3710537 
3197054 4633415 5436353 5015503 4349992 5131990 5924611 4369836 4320263 3078011 
2659097 4266596 4193275 4572226 3755816 4324046 5083999 3804621 3442093 2717812 
3297153 3869699 5151244 4984686 4038693 5216323 4986090 5510397 3426098 2727890 
3085127 3274705 5084846 4567643 4391168 4816335 5828192 5114732 4205115 3272847 
2527453 4102149 4705034 4309998 3852957 4974272 4960317 5307121 5052266 3340901 
3489925 3841874 5088227 4997692 4043348 5419156 6218586 5488989 5238646 4256256 
3394400 3629313 4408443 4942657 3203790 4633830 5607524 5202778 4947012 4369383 
3150726 4192662 3960674 4086648 3852934 4589380 5300285 5416357 4227724 3604329 
2795890 4425647 4744430 4459746 4077253 4694726 5883460 5441396 4420440 3287726 
3480073 4425232 4709585 4764148 5138726 5689071 4985332 5490875 3848301 3245516 
2785952 4539063 4854757 4675086 5306021 6033604 5275225 5532244 4710317 3098255 
3273931 4009010 5921461 4803097 5444122 5692022 7036240 4937252 4665297 3031850 
3209723 4263032 5515347 5267000 5329911 7338250 6337034 7349520 4591476 4248560 
2730931 4354734 4897155 5445971 5560492 6553195 7720036 6403316 5712557 3688199 
2757557 4473977 5510672 4502732 4926981 5995840 6362484 6634011 5183762 4133378 
2664356 4276630 5034785 4854311 4389828 5737577 5897729 5700111 5322317 3700776 
3009590 4224643 5180163 4933813 5265306 4989188 4928079 5438459 4551591 3312611 
2654938 3462234 5205554 4312003 4193868 5620180 4818892 5139337 4130323 2978159 
2826313 4124753 4306134 4965621 5443634 5279943 5317145 5455080 3388739 2633439 
2669931 4130256 4232074 5069843 5532982 5805803 5463475 6292370 4331064 2420110 
3241942 3646688 5008265 5258827 5848308 6367587 6056808 6099194 4745496 2872644 
2929102 3832975 5616603 4576334 6023481 6091249 5425484 6110139 4699565 3107908 
3692999 4634322 4820982 5772904 5840105 5102632 4720006 6375460 4345544 2991892 
3356556 4371191 5227647 5351252 5040129 4992430 4669247 4330095 4307104 2323563 
3231616 4310882 5215969 4532488 4680535 4406951 4055750 4733409 3121990 2776087 
2306880 3755651 4109989 3893300 4995927 4254863 3782331 4534364 3089868 2110881 
2878997 3147770 4385365 4986970 5377440 3799721 4758979 4091774 3651785 2299068 
2416767 3187638 4602354 4649590 4538050 5287858 3880730 5023696 2906358 2062903 
2598666 3181010 3815257 4828742 5300456 5017043 4847943 5066826 3123270 2614429 
2518370 3810576 3949498 4957776 4974003 4956672 4153153 4746044 3955836 2325922 
2574737 3323521 4044120 5168385 4832142 5028608 5470134 5141073 3815837 2686545 
2382248 3949179 4557826 4887965 5499148 3944292 5615546 5306488 3803821 3633592 
2155406 4498254 4425984 5041133 4769649 4933263 5316001 5585099 4190992 3440179 
2000671 4013680 4761311 4611427 5340472 4293139 4865922 6003701 3716173 3820968 
2380755 3865662 5110420 5228650 5026359 4355204 5724047 4978227 4450813 3807669 
2219898 3407706 5120221 4536912 5084597 5110460 4220981 5539006 3866195 3212234 
2709791 4492406 4983695 5160180 4536582 5449862 4234127 4608896 4397918 2906213 
2795380 4518592 5431274 4530143 5250942 4914212 4761580 4196498 3650629 2380724 
3508649 4503698 6747626 5000025 4903964 5646915 4187336 4984389 2861887 2889209 
3133799 4679534 5819858 6457696 5460158 5348231 5698771 4156458 4430286 2273416 
3184697 4280968 5178026 5618538 5609181 5426476 5428177 5629249 4297479 3192602 
3539813 4606936 6058119 6542335 6297439 6174784 5531924 7348186 4451244 3998999 
2381717 3638218 4994694 5742474 6039430 6084525 8133484 6559524 6313994 3790108 
3287688 4115461 5481449 6521764 6335130 6441520 6036205 7487524 5060928 3794745 
3317444 3709798 4653164 5938923 5399553 6403782 7238650 6515932 5948098 4150691 
3882172 4111690 4733178 5669248 5603892 5835336 5788703 5319013 4556967 3350339 
3757807 4406888 4630423 6175043 4897247 5383166 5943015 6052238 4440744 2950700 
3263586 3861798 4364070 3699420 4787037 4102008 4804032 4359847 2982627 2669822 
2574489 4456431 4264628 5664467 4750488 5406249 4700188 4546703 3240064 1997411 
1877246 2955298 3133070 4283264 3702487 3956332 4124996 3993687 3193960 1538141 
2028833 3100193 4084606 4294520 5658956 5223462 4823771 4624295 3292701 1957904 
1950867 2587978 2986403 3665169 3704477 4623062 4560087 4001723 3526894 2595779 
3356250 3503125 3578076 4263742 4234947 4890995 5234362 4515006 3127105 2388407 
2856160 4224289 4297868 2837366 4282947 4318279 4039977 4938043 3052116 2256138 
3940690 5677934 5155341 4309809 3712347 4633353 4386746 4659893 3697942 2761853 
3127654 3954135 5368267 4530019 3876962 4242904 3984074 3283146 3217189 2547166 
3137541 5007393 5212323 4330189 4729563 4195258 4116210 4893469 3596171 2651583 
3189206 4556949 4894077 4442019 4894545 4083865 5575545 4769402 3570246 2852233 
3246964 3557701 5483011 4941212 3737307 4171129 5407784 5257428 4244257 3628009 
2485857 3654041 3576088 3534164 3650158 3755532 3619014 6140015 3794807 2907447 
3078149 3825427 4309540 5086887 4646991 4438775 4161826 4880554 4091891 2868117 
2763503 3972233 4249113 4444423 5012795 4252196 4736123 5173624 4578598 2860430 
2804313 3593449 4760870 4456909 5072868 5597627 4084975 4508178 3173430 2169310 
2755975 4921950 4591052 4464771 4904470 5355931 5486332 4340065 4122778 2005266 
3708310 4335627 5889082 4964533 5300656 5770809 5216459 4961873 3636771 1713408 
4094330 4750486 4334751 5972715 4080680 5628618 5250594 5595757 4054494 2686855 
3111766 4497965 5304711 4930733 5030153 5035841 5956749 4456171 4183351 2533911 
3430980 4338523 4834398 5181457 4587426 5412053 5092278 5853801 4062901 3051046 
2641863 5070935 4270929 5601207 5719779 5478393 5287968 5837519 4268812 3299754 
2707224 3163839 5576240 4894997 5318460 6231509 5674211 5629851 4026985 3726002 
2586257 3375705 4261257 5598417 5387407 6254800 5282247 6210063 4347401 2707301 
3352641 4301585 5569696 6067542 6641643 6927716 6823487 6495810 5014870 3457387 
3738332 4378287 5317257 5511694 5329787 6084259 6976870 5773125 5181640 4180238 
4169906 5827591 6269465 5886469 6650418 7016794 6573028 7298199 5667768 3225927 
3971693 5602720 5901274 5895007 4961772 5265087 5787955 6058509 3948208 3327131 
4357622 5136894 7191541 6054728 5875679 5804785 6266780 6360272 4617352 3559859 
3800129 4968551 6631372 6206250 5363055 6066278 5573240 4233923 4046420 2564271 
3249443 4662297 4974264 5591794 5772559 5845804 5170104 5955088 3928610 2831900 
3103429 4395803 4470456 5938196 5532693 5902058 5719103 5051852 4103856 2259696 
3062308 3463769 4015588 5077256 4564599 4573520 6065649 5874175 3838446 3778980 
2793157 4755714 4401837 5358854 5189466 5924410 5788783 5576245 4657121 2781369 
3017830 3564057 4711578 4901826 5443656 5341242 5886327 6392367 4948226 3288401 
3566610 4744746 4150786 5214141 5349467 5565344 5128319 7270984 4739689 3430099 
3535487 3331632 5439423 5425460 4855613 6099825 6453334 6163487 5123663 3920327 
3501945 4624702 5204963 4448021 5447646 5560105 5055714 6346531 4881846 2717417 
2979064 5020985 4285759 4796493 5116867 4924873 5306666 5884323 4719852 3651036 
4053715 4533678 5456825 5327355 4390442 4438360 4957452 4853889 4104905 3610185 
3703179 4525953 5076812 5214166 4718259 5159022 4674604 5195077 4739749 3258041 
3839096 4940310 5296100 5530131 4648868 4611992 6034533 4809733 4703026 3795470 
3731448 4550238 4100557 5302012 5449645 5377636 5617452 5928017 4226869 3422561 
3047666 4356606 4920441 4864820 4953822 5813605 6090713 6283237 4677417 3312850 
2779818 3954994 4853316 4351519 5060699 5478526 5705976 5141762 4011294 2560837 
2401650 5133564 5309268 4931945 4998129 5924588 4839503 6179934 4166332 3107220 
3161651 4160659 5599030 5720732 5069897 4673776 5680683 4558307 3755988 2782818 
2723379 4298930 4830356 4988045 5676524 4295120 5083265 6107977 4025132 3604805 
2656277 4911281 5194488 5241922 5530528 4893649 5394167 4872579 3925589 3128519 
2688516 4126776 5156213 5155283 5060097 5334746 5476915 5796601 4229976 3711812 
3297366 4312001 4472827 5778475 4779242 5050693 5416548 5919136 4203407 3034757 
3503188 4531911 5540024 4901431 4792079 5217387 6059679 5312353 4258790 3418261 
4302508 5712127 5586581 5654772 5024267 5136751 4654100 5160261 4144691 2991066 
4241220 5531973 6214292 6299599 4861964 5315944 5740445 5710655 4076275 3357868 
4472235 5535077 6755040 5257681 4970025 4262221 4740775 4850167 3889542 3196420 
4012687 5311664 5653519 5392747 5979414 5057790 5666108 6035298 5034520 3283846 
3805471 4107173 4779813 4957603 4513226 4350868 4982058 6059148 3660479 3203925 
3463424 4524059 4403994 4129208 4971309 5232382 4616302 6236719 4522611 2810273 
3710547 4081031 4880334 4145529 4892011 5019106 4857785 5736206 4453587 2734413 
4364963 4412081 4720247 4550614 4671000 4984348 5082139 6140895 4428660 2777660 
3718714 5080627 5662693 4763667 4790232 5399287 4143347 6010092 4540222 2864426 
4233984 5432281 6263177 6456217 4901567 4777485 4920450 4994046 4346027 3407292 
3916537 4936249 5644290 5770237 6196011 4682931 4630547 5450409 4199817 2765268 
4036159 5260768 5729117 5273893 5298854 4680956 4529530 5373607 4048150 3445852 
3850627 5155465 5569876 5298578 6332808 5046834 6018812 5904038 4751974 3528789 
3408803 5567772 5655945 5421944 5899559 5065683 4433879 5526087 4410206 3189169 
3063273 4789539 5724365 6069468 6255328 6149231 5317748 6267284 4062734 3124540 
3131089 3718584 5215771 5349626 5400710 4811480 4910518 4233917 3799829 2230602 
3299945 4071184 5774071 4911278 5989011 5440666 4583278 5617174 3657372 2795321 
3052378 3652372 3673664 5101109 4389354 3525288 3926362 3894806 3012427 1923023 
2889619 4095275 4567011 4574669 5569764 4807598 4646235 5300519 4188733 2557149 
2229393 2744692 3759201 3992687 4555444 4732728 4442849 4622230 3789505 2449371 
2299613 4698875 3485692 5693089 6383232 5229420 6257534 6764764 4452293 3315054 
2695290 3955330 5054690 4231113 5345797 5991648 5973331 4985908 4165624 2312114 
3481079 4790303 5064893 5530633 5809534 5921122 6052336 5552006 4571298 3361625 
2584286 5036971 4779923 4846802 4826628 5054114 4101307 4512566 3876926 2185111 
3287012 4730732 5001028 5263742 4775760 4456558 5054417 4666025 2813168 3217681 
3069326 4384507 4813938 4873416 3705656 3712953 3525241 3385418 2805359 1896993 
3319548 3629306 4979118 4285000 4363493 3830178 3757518 4482725 3551499 2245754 
3495255 4929852 4550977 4486346 4245213 3415096 2962635 4242899 3034548 2343475 
4101237 4961342 5355111 5747163 4929741 4790114 4705280 4400786 4015383 3137217 
3509328 4630034 4337228 5661003 4632731 5355496 5264341 4318199 3519931 2400383 
3513781 4298822 4534300 4973407 5297206 5431421 7067660 5801613 4300533 3494352 
3525731 4961685 4519854 5531403 5690103 4985493 6877590 6483974 4208062 3610045 
2817801 4189572 4543777 4998311 5782580 5852151 7061785 7435502 5383555 3460311 
2604798 4655942 4954141 5204810 5439907 5389618 6017139 6183504 4396530 3930445 
2449705 3833494 4246646 5140963 5574162 5690918 5907777 5923815 4229039 3176688 
3126658 5128610 6156412 6239264 6003401 6795146 5915349 4966206 4670086 2984002 
2537755 4195476 4914132 5142668 5240800 5630599 5707054 4547007 3758010 3235704 
2889004 4350629 6158607 5818040 5990017 6146433 6238779 5426695 3474450 3292521 
2761857 3412801 4497524 6234280 4811284 5252622 5555632 5068662 3910819 2179300 
2763464 3865921 5112326 5181926 5056335 6179011 5466698 5624136 4390550 3766410 
2580171 3639911 4718831 4142788 4977572 5979838 5816407 5340478 4489336 3172498 
2529482 3838997 4023058 4278706 4734751 5490286 6420712 5359744 4806641 3218034 
3127774 3936115 5480554 4453482 4535625 5870802 6043718 6652422 3937364 3661057 
3571394 4142668 4403230 5171376 5222056 5488577 6766628 5671722 5106416 3111386 
3515810 5258548 5437672 5855629 5576712 5981228 5879796 5381868 4974472 3646313 
3246923 4458484 5601074 5612865 5380149 6382951 6433093 5798410 5053496 3437880 
3566585 5383166 6139826 6412822 5940010 5992956 6461907 5599253 4687327 3217684 
3327311 4612010 6021806 6069598 5504707 6005721 6441793 5771207 4633662 3879218 
3524042 4349800 5960706 6306889 5442875 6166541 6426042 5789925 4482068 2805464 
2974418 3972045 4766440 5370453 4821612 6461821 4977957 5805397 4025085 2993792 
3048664 3960259 5591777 4972812 6164432 5938481 6526245 5622302 4366942 3431008 
2640841 4064308 5232593 5101431 4741287 5715314 5363686 5515463 3774279 2424416 
3693311 4107542 5468206 5690431 4891285 5865609 5278689 5472791 4163678 3341273 
3534681 4577017 5564881 4964978 6273652 4931433 5428041 5456374 3466181 2784057 
3615234 5188003 5941257 5398521 5009622 5455282 4658416 5278000 3864985 2492397 
4203604 5071764 6361818 4879220 6074748 5220756 5099024 5610820 3559646 2860735 
3194041 4121314 5283719 5456287 5600490 4676453 4758339 4564882 3323076 2596705 
3303225 5392208 6360043 4964932 5562509 5986091 4681860 4701064 4539444 2522708 
2962225 3524170 4924748 5375064 4987801 5343097 4333418 4292028 2795425 2078741 
2567181 4677705 5812299 4903097 5397986 5142392 4896754 4735658 3313301 2802594 
2516749 3670286 6027341 4075655 5313643 5017052 4488737 3672373 3648577 1776827 
3715162 4274746 4876644 5157731 4434379 5154990 4589863 4641623 3541845 2517197 
3547076 3790918 5647308 4993907 4366616 4969148 5075581 4184698 3943903 2921174 
3981019 4307712 5324078 5211509 4820003 4528911 4676672 4962918 4124208 2742731 
3153665 5457000 5061325 5079569 5387161 5155014 5419930 4474276 4246384 2641157 
2738235 5263567 5602614 4807155 5124818 4803027 4512029 4001843 3658294 2394015 
3471934 4219709 5025194 5485888 4563784 6227250 4668091 5354797 3493914 2244720 
2758281 4290851 5686248 5536320 6003458 5086817 5918831 4268556 3737724 2813331 
3184018 5210386 5423643 5819086 5271150 6688293 6668293 5686851 4711280 2983380 
3830473 4828539 5275783 6726555 5105970 5986091 5932428 6557316 4336356 3831803 
3971883 5636117 6880997 5763237 6042026 5235737 6176448 6507982 4687828 3855197 
3766388 5943096 6320794 6742564 5952909 5709291 5865797 5597163 4579459 3296357 
3608330 6165630 6774805 6537363 6413824 5788859 4646364 5674757 3564567 3288113 
3105041 4245659 6095841 5980144 7077543 5461589 5597853 4471706 3359499 2812811 
2676672 4758412 5635215 5832305 5658321 5313332 4960653 4309697 2910125 2671425 
3102678 4698903 5450492 5845944 6010365 5577755 5439808 4332903 2700144 2725572 
3506091 4778398 5119104 4888354 5739301 5070555 5139067 4486721 3914098 2742455 
3686563 5881991 5709857 6176950 5310187 4843008 4735262 5212405 3199512 2425233 
3590414 5496236 6634320 5237666 4963422 4356638 3954160 3979069 2935099 2224392 
3585570 6069056 6733404 6096686 6278433 5767036 5049396 4157157 3749940 2000015 
3434495 4997358 6265566 6601564 5907781 5426075 4135631 4418166 2835110 1949967 
3298200 4971954 6060371 6026932 6751652 6373991 4642082 4810872 3972806 2184788 
3287954 5335378 6307858 5505678 6894769 5159379 4833978 3713661 3126682 2662221 
3180252 4694431 5591429 6624618 6594376 6512186 4990971 4877158 3746743 2267226 
2789964 5349829 5765891 5802362 6444123 5625872 6039520 5243728 3337068 2856423 
2784242 5020004 5795389 6157582 6505719 6723811 6080969 5940337 3831315 2780191 
3797500 5579286 6121084 6031700 6353986 5953628 6237692 5538463 5086049 3190698 
3107365 5028531 5714352 6113619 6719536 5369900 6692041 6826475 4078170 3792491 
3473879 6163234 5458510 5362708 5949146 5496574 5821647 5948526 4776607 3761724 
3734408 5731058 5698934 5635830 6485444 5134788 5478646 6608276 4895439 3556166 
3479065 5202639 6121796 5475524 5917564 5155861 4607030 5939117 3694619 2890492 
4011179 5634346 5547369 5251089 5483876 5061381 4754773 5311130 4192336 3208733 
3279912 5036059 5437528 4757486 5767400 4232355 4395812 4774526 3869253 2437453 
3559262 5522578 5744044 5899535 4615476 4628984 4348617 4224750 3256492 2982222 
3200641 5049803 5388422 4702029 5042239 3875703 4658613 4565881 3641909 3141137 
3027411 4047576 6007290 4887208 4467044 4018084 3725719 4694947 3492247 3303266 
3093749 4694818 5061535 5094373 3931004 4091827 4740174 4275920 3736954 3431082 
2338715 3733074 5067100 4490812 3605719 3907099 4742520 4067705 3745681 2770048 
3052094 4116599 6061187 5040853 4328123 4263622 4659050 5225720 3425681 3271912 
2208801 3522325 4622773 4954477 4461792 4662904 4967551 4018196 3143828 2949242 
2831814 3784873 5158700 4464393 4859860 4336008 4720422 4522908 3709963 2136248 
3349602 3733579 4688993 4859783 4344565 4518575 4351793 4308708 2931645 2357958 
3729957 3751372 4425275 4752031 4014984 5349907 5249757 5341697 4296428 3308807 
3593855 5164691 4876370 3984610 4959398 4177997 4747319 4930848 4070372 2496208 
3684729 4902714 5739261 5377502 4282209 5896397 6050620 5638345 4638489 3762138 
3184484 5154017 5937052 5730859 4977575 6559572 6275699 6284908 5235104 3639733 
3228656 3531895 5835000 5753326 5853528 6777474 7421685 7231647 6010545 4661803 
3237100 4604008 4913435 5869339 5586752 5869534 7212205 6703934 6149875 4175571 
3451288 4725001 5317222 6122265 6238467 7293572 7207341 7004410 5075452 4317553 
3470408 4857015 4381436 5770621 5539493 5988767 7270993 6219035 5337989 4535539 
2361228 3692275 5255352 5187600 5776856 6025312 7132315 5772347 4854884 2902690 
3123475 4154409 5231505 5398427 5171291 6670819 5070921 6113009 4188100 3176271 
3000753 4262947 4721096 5740527 6400074 4756127 6443835 4650038 3402123 3013579 
3902065 3947083 6098830 6011692 5512268 6127989 5368568 4355243 3378976 1702051 
3868158 4663114 5983469 6452702 5069589 5994292 5269152 4125316 2612751 2234008 
3690506 6076434 6997507 6615655 7417671 5871868 6081539 5435943 2691712 2218735 
4990659 5364995 7021492 7667135 6785189 6537589 6213826 5728875 3925504 2305365 
3825124 5593573 6588539 6894193 7146027 5695005 6557636 6433139 4031695 3325187 
4062370 5217552 6244434 7527029 7330258 6446752 6675882 6593562 4819290 3231551 
3517200 4916413 5645048 5808195 6764683 5475424 5838362 5724543 4883129 3161184 
3401267 4674528 5162905 6093222 6476883 5645206 5595748 6380769 3800681 3049098 
3102414 5364358 4597337 5732989 5487446 4844020 4718992 4952675 3245155 2186888 
3880855 5056252 6113857 4454416 5787146 4770935 4731804 5438170 3342448 2737848 
3660581 5072705 6019264 5994400 4400344 4500994 4782366 4593667 3356813 2537931 
4527259 5528927 6404524 5445461 6067287 4790604 4488077 5470739 4090097 2783586 
3713825 4618239 5319882 6765148 4649511 5573776 4433773 5323050 4362695 3386721 
3933448 4692836 6378411 5273718 6105576 5753460 5023284 4520885 4321083 2556447 
3486617 5004752 6136503 5327315 5681482 6002383 5163686 3903652 4162977 2632436 
3684344 4826194 5173558 6083344 5946648 5339165 5326626 5396808 3007321 1979944 
4605494 4776120 6173816 5548988 5314788 5711614 5051153 4986785 4012363 2216516 
3147922 4563847 5560594 5365317 5035515 5134353 4469377 4604730 3721937 2604182 
3879631 4592800 5419479 5025494 5383824 4324113 4168282 5829807 4057977 2313947 
2877923 4483854 5070153 4480621 4658302 4299326 3950581 4126532 4156687 2475058 
3442679 4599631 5089576 5649588 4295194 5090160 4169696 4840744 3467480 3574223 
3099493 3908067 5578295 4832919 4653629 5236231 4464917 4266588 3870099 1846730 
3366242 5124807 5847469 5681632 5476219 5009179 5946951 5086705 3597036 3589967 
3763493 4553135 5147937 6261728 5750434 5815853 5457943 5895394 3951175 3166429 
4196950 4843790 6253161 6285424 5848408 4540359 5472682 5325390 4862872 3307572 
3224579 4652372 5373763 5611132 5780271 5678152 5351819 5950792 4090986 3914983 
4076237 6094641 6262434 5788710 5870899 4754697 4804208 5741806 4949361 3565228 
3664943 5424339 5278484 5389395 4923064 5687810 5886607 5340963 5083352 3490598 
3795874 6180348 5231870 4979570 4594472 4889375 5547979 5654523 5057121 4352212 
3697746 4842858 6020848 5673923 5099561 4732816 6478261 5694606 4921888 3719653 
3498627 4738858 5353166 4882978 5623925 5337425 6198107 7273162 4899956 4231864 
3793109 4633912 5736481 5662876 5930057 5587049 5432032 6465317 4582214 3972660 
3548333 4391000 4922807 4640318 4829264 5625517 5780232 6741514 5753829 3737478 
3365238 4526055 5468159 5521432 4438630 5413967 5275160 5661040 4379975 3479221 
2630575 3502832 4434822 4580727 4291869 5691346 5563763 6473941 5254443 3107935 
3568071 4230477 4579246 4579870 5510722 4344944 5393709 5039664 4295931 2982077 
2634019 2692066 4236496 4558801 5100194 6195781 5916491 5770961 4482759 3575973 
3519947 4138617 4512892 4185718 4733671 5164884 6095251 5298520 4771466 2807086 
2657011 3233325 3978615 4306775 4840475 6005123 5601929 6617398 4664362 3780367 
3548029 4025955 4502040 5377261 4630565 4325957 5795083 6103901 5017969 3678245 
2275453 3264004 3897864 3827595 4561798 4983573 6080474 5561118 5114634 3580195 
3292862 4814611 3981640 4535716 4301230 4627014 4420422 4987883 4454229 3265397 
2666094 4064334 5111890 3911282 5448935 4882285 4393018 6127945 4367227 2674772 
3741228 4363974 5054323 4734027 3904415 4705076 5663833 4793566 4353589 3149779 
3539706 4377917 5516710 5131978 4772858 5165042 4602454 5996085 4654473 3597529 
4359442 4690907 5411064 5517840 5010445 5114118 4746105 5043938 3995641 2618798 
3471859 4735534 5428938 5093041 4791183 4471517 6702857 5343936 4425302 3598985 
3711821 4169969 5667399 5172403 4892641 5824290 5743683 6254696 3932283 3252267 
3944869 4686906 4960339 5273847 5087212 4142833 4648764 5615016 3654718 2849709 
3660610 3945659 5193171 5155257 6310926 4407155 5563530 5426081 3304497 2002327 
3978923 3997050 5094610 4463271 3752249 4853895 4353046 4702883 4070421 2638313 
2469675 3464601 4517608 4404845 4664328 4757780 4603381 4821264 3766582 2667023 
2944874 3780118 4083565 3713509 4102843 4059746 4379259 4956804 4060017 2486357 
2657470 3046318 4103172 4973036 4065718 4363464 4916258 4450874 3243053 2558575 
1983205 3092039 3970956 4893145 4866913 5202198 4732121 5615854 3701240 2369034 
3222839 4177111 4598075 5310599 5261479 4684321 4865290 4304511 4108044 2337401 
3047462 3865920 5225502 6375307 5454242 5575896 4769232 4156662 3178660 2357912 
3517299 5196005 5439787 5005497 5109996 4838463 4655093 4265404 3312262 2095906 
3418609 4847031 4579064 5324850 4766399 5013867 4400008 3874840 2796761 2155145 
3283364 4715490 5802064 5699908 4386512 4955692 4385055 3945239 2778969 2274258 
3795179 4386346 5279403 4689549 4839846 4511478 4548893 3818284 3488565 2057316 
3220096 4033028 4597926 4950212 4701429 4832529 5142357 4389647 2871136 2757424 
4241427 5072297 5504874 4811342 4749784 4218263 5156269 4998563 3082209 3076025 
4208928 4318297 4783237 5614266 5326865 5717942 6730053 4954575 3941561 2588188 
3964067 5586049 6120292 5705854 5561602 5295787 5649802 6390023 3202598 3037670 
2899454 4664261 4774707 5205849 5388482 5579541 6350935 5934195 3883473 2797049 
3686676 5536127 6073003 6156947 5695006 4811769 5431414 4804441 4151507 2667562 
3151868 3378531 5432140 5408079 5930882 4531249 4497234 5158730 3678722 2446854 
3935191 5708675 5840283 5762470 5199750 4469377 3255206 3587907 3033598 2229359 
3642493 5501225 5413464 5146414 5121493 5708904 3767169 3231896 2601937 1960789 
4419539 5657139 6928136 6225606 5989931 4293896 4439871 3378157 2223303 1965724 
3457871 5879010 5741522 6263494 6177990 5668716 5149883 4778858 3748242 1732091 
3980755 5610004 5709149 6121587 6151535 5491313 4727321 4327790 3000346 2702787 
4407980 5370331 6549316 5227511 6388353 6279078 5248265 5639943 4287871 2625837 
2822838 5157367 5440280 5301035 4993260 5138812 6128565 4847646 3654638 2846860 
3564770 4811978 5107978 4485777 4119110 4999981 4691449 5648483 4596120 2819986 
3614477 4163229 5809347 4702130 4501802 5227815 5151761 4896866 4775022 3151557 
2789744 4037881 4129064 5000689 4426073 4662917 5179461 5316272 4059478 3264799 
3196955 5071635 5529259 4859677 4258580 4453281 5594294 4459819 4405620 3272876 
2459868 3417717 5134247 4367842 4088396 5057374 4981894 4941566 3471286 2987415 
3295389 5371147 6301842 4986122 5674355 4512787 4565504 4398556 3447375 2730174 
3257684 4177837 5045399 5098370 4807668 5209957 4554073 4974827 3129268 3033454 
4116973 4874364 5478252 5698135 4595406 4932431 4846137 3881240 3212249 2283260 
2894757 4102898 4952800 4010152 5176603 4724360 4340435 5375665 3556160 2436858 
3246329 5021320 4856636 5768218 4568535 4712236 5010958 4740839 3647618 3127613 
2804383 3920355 4338023 3836312 4837233 4288489 4453156 4885134 4348258 2572448 
3210276 4409209 4785429 4813611 4558120 4847382 4561326 5392341 4425203 3238516 
3041992 4642836 3766426 3906466 4312727 3334873 3940202 4712158 3488584 3108364 
2871535 4898798 5855492 4212849 4752254 4651844 5108437 5170367 5331669 3060986 
3551758 5659704 4944282 4828169 3807525 4413626 3531103 4739103 3405882 3551151 
3476182 4961392 6253832 4022357 4536660 4332155 4885432 5145560 4963781 3670714 
3793105 4155238 5615236 4936700 3538025 4512296 4153122 4156366 4234725 2940883 
3335034 4775552 4712823 5031988 3382515 5085899 5407321 5868447 4943744 4643710 
2909801 3580089 4405106 3888667 3722568 4032851 5826150 4859549 4610500 3797483 
3003577 4209891 4461909 5118567 3847253 4836634 5944232 5762711 5237698 3883106 
2215311 3683738 3734166 4533147 5447384 4705978 5443806 6257509 3714243 3285008 
2586518 4957368 5000538 5853606 6059665 5589975 6307387 6939555 5021336 3803591 
3538801 4603795 4905586 5644875 6642570 5403285 5792111 5544812 4361394 2433129 
3637882 4765826 5507979 5317430 5571618 6103671 4452220 6382719 4179863 3338614 
4544230 5538649 5598120 5627302 6077414 5005819 4979062 5137164 3587786 2250601 
4480289 5490574 5446335 5759218 5152066 5147985 5596725 5580082 4345595 2674470 
3831816 5111705 4488797 4502155 4528137 5250561 5404686 5984206 3908108 3099684 
3311352 5298551 4305783 4415890 5104223 4405935 4612391 5281863 3694162 2840116 
3420989 4254782 4823946 4007358 4712482 5580782 6261166 5864910 5221151 2928606 
3597285 4201712 5548193 5325004 5699001 5385996 6040098 6334199 4364336 3402364 
3421129 4535530 4394895 4384235 5845814 6006881 6347845 7392622 5415203 3759350 
3249803 5124515 5918502 6267727 5593910 6430907 6733159 6587404 4859682 3452296 
3376313 5367251 5757902 4559403 6592727 6742306 7025691 6769488 5690413 3963126 
4097753 5486126 6265189 5836986 6351072 6831017 6344784 6780184 5348223 3910785 
3547425 5459797 5636548 5898749 5443276 6601722 6554844 6851822 5054910 3858182 
4276318 5491544 5766027 5377978 5816006 5967084 7299229 6133482 5116196 3887820 
3599315 5212325 5009156 5569979 5932995 6291928 5940828 6963827 5564779 3308892 
3665953 5389838 5342212 4668660 5269762 5483010 6390754 6175044 5025177 3656717 
3247383 4921807 5458655 4291112 6013990 5171869 5983366 6308753 4691410 3101919 
3017718 4765118 5451116 4819994 4391571 5217336 5437132 5557019 4561079 3603913 
2670934 4336654 4287877 4916303 4417678 4395255 4831567 4610765 3191668 2902484 
3086875 3450070 5359685 4260569 4751831 4090720 4104596 4042378 3700973 2406083 
3031125 3762141 4093804 4306044 4288140 4940669 4390728 4480319 3111334 2500864 
2788892 4108845 4457037 4674033 4248932 3915871 4879398 4043882 2740901 2815384 
3205527 3981546 5093297 3546852 4744132 4472295 3996269 4887327 3986423 1473950 
2956580 4765568 4456489 5381815 4025329 5094498 4354917 4792655 3592685 2892526 
3902374 4517601 5205883 4338869 4535173 4269502 5022693 5991715 3984476 3325911 
3723420 3996269 6055896 5025039 4231112 5144043 5097284 5319858 5305483 3027244 
3575772 5572105 4040722 4942227 4415048 3840062 4323239 5870362 4169874 3773886 
3780899 4659964 5080281 4745800 5072551 4335556 4391549 5618430 4316517 3354116 
4033605 5160345 5809026 4983691 5452836 4448283 4969161 5187925 4190878 2964311 
2899702 4659711 5405144 4999445 4790536 4912166 4543640 5461064 3349441 3429786 
4099723 5558191 6516434 4949033 5064782 4835629 4617172 4472026 3735161 2353154 
3247902 4575136 5507101 5214816 4710823 4443289 5301490 4883585 4392018 3030214 
4349642 6070300 6001664 5562583 4073315 5146984 3662958 4570064 4042367 3088576 
3883839 3998424 5403627 4588984 4335321 5151919 4587800 4917772 4159644 2920928 
4392462 5570982 6165707 4803872 4629667 4316250 4607202 3948046 4070814 2334421 
3892848 4309858 4997018 4921115 4190513 5331162 4195670 5732765 4176968 2985958 
4643456 4982858 5688717 6120353 4998836 5588054 4640266 4938390 3830269 2211338 
3637029 4279357 4702350 4942011 5856533 4386882 4928828 5646981 3936613 2689348 
3275708 5465048 5605730 5418677 6293349 5708488 4447386 5105782 3672151 2313600 
2283365 4905621 4409560 5002360 6350722 4797254 5449941 5749018 3504014 2975097 
2597528 4852780 5539623 4593710 5931573 5788304 4026294 5853814 4126397 2201538 
2791816 4525254 5794139 3636859 5386147 5245220 4732299 5800601 4568145 3404123 
3530339 4345787 5603632 5185413 5194042 5552837 3838478 5638562 4637324 2898307 
3563669 4894991 5113631 5951130 5132538 5566329 5456616 5766364 5136819 3584053 
3781011 4423829 4817659 5081241 5240516 5189539 5149514 5436957 4543743 3357547 
3600067 5465519 4846111 6507356 5959678 5291808 5966068 5510057 4986900 3830939 
3555026 4741446 5396683 5317080 6400271 5697674 5875026 7096677 5053432 3766546 
2796865 4757494 5306400 5969518 5683645 5535821 6089357 5654879 4721572 3273724 
2952066 4368415 5102168 4855217 6073296 4975612 5405013 6873357 4365367 3280611 
2536968 3545992 4887536 5695901 5340526 6649261 4662209 5193647 4327783 2160570 
2222600 4358551 4120264 5241635 5841314 5088919 5235300 4762234 3412303 2634140 
2180199 3609562 4179709 3871647 5690603 5845564 4613250 4583898 3258805 2303624 
2531034 3716683 4323393 5038308 4516118 4815561 5586287 3871310 3598919 2870539 
2441046 4911196 4256144 4560918 5839644 5072849 5016338 6418273 3830172 2702668 
3396359 4164090 5445435 4334012 4684483 5382352 5160012 5476420 4376987 3394233 
3145400 4284079 5080912 4908283 5317188 4771708 5761145 5394563 5010486 3142677 
2705752 4940399 4369353 4437020 4574476 5490942 4796793 5144187 4197103 2616343 
3070238 4865544 5114412 4398659 5094614 5823842 5370816 5282861 2945714 3210268 
3554246 3523058 4890639 4110931 4616758 4326575 5928665 5300157 4061470 2500211 
3277215 4899304 4974540 4877654 4833248 4504237 4683476 5379097 3437556 3038236 
2941403 4462800 3939822 4610305 5036911 4770357 4715405 6304956 3992349 2867205 
3010453 4216512 4495948 4061416 4071751 4207346 4637152 4942639 4766529 3038025 
2428981 4884804 3976741 4550689 4845754 4214837 5067286 4688244 4484336 3455125 
2692977 4008077 4507936 3384498 4138113 3992079 3541326 4444104 3786256 2740254 
2948347 4231521 4209674 4376143 4137526 4476915 4164632 5049327 3259215 2809015 
2643921 4149697 5356830 4208656 3960724 3818701 4223834 4951748 4530863 2683710 
3720565 4684157 4728162 5469628 4559529 4518465 4312486 5441872 3777763 2849331 
3676508 3926703 4800213 5330840 4303968 5533395 4598207 5951648 4660235 3462952 
3732768 5010247 5233378 4979704 5663895 4038749 5420797 4671274 4830037 3376171 
3382633 4470104 5041463 4935130 5656724 5901242 5063215 6658531 4697025 3837861 
3461304 4678841 5275581 5471683 4516875 5545205 5924492 5729639 4975665 3817216 
3151858 4670433 5877087 5319210 5507212 5392535 5602862 6527835 4892184 4001703 
3517853 4986607 4928020 5513915 5225565 4923851 5135420 5710712 4979352 3387372 
2622135 3708529 5618987 4528477 5397935 4208451 4941543 5445691 4111561 3690834 
2338113 5290057 4241902 5254258 4581852 4277459 4396504 5224761 3858869 2839499 
2438744 3751601 4763584 4742433 4809215 4836935 4546474 5397558 4209580 3202210 
3452516 4743540 4941296 5040914 4697482 4341832 4345791 4341617 4008527 2939149 
2336166 3979298 4708114 4628282 5886552 4850959 5771556 5707407 4089160 3132294 
3761733 4906648 4898823 6143634 5132290 4774731 5090251 5408621 3380685 3065383 
3095783 4782420 4383678 5124867 5513783 4906648 5431292 5069492 4350617 3232667 
4198286 5034329 6598375 5012199 5047780 5181436 4042916 4554353 3704130 2725945 
3032313 5630663 5106228 4821717 4454046 4963499 4730328 4342677 3736563 3352053 
3523302 4892283 6288230 5300197 4389727 4980888 4859866 4183168 4141500 2571767 
4103446 4376925 6022121 6134022 4071030 5020153 5350079 4209039 3421737 2824408 
3029495 4605689 5798989 5320794 6194186 5222088 5966280 5909409 3902678 3105075 
3672538 5447039 4963751 6732816 4750195 5539591 4840314 5009997 4342001 2331042 
3495916 4917989 5544642 5609695 6155961 5155189 6628908 5849545 3833893 3754999 
4166866 4901335 7019935 5618722 5110834 5063383 4589903 4516492 3883616 2418329 
4012345 6312922 4762611 5929382 5435637 4958872 5051701 5035948 3675278 2721507 
4625634 4713401 5786053 4620000 5285458 4067907 3730193 4268011 2435248 2617982 
4397188 5180395 5358365 4999984 3794327 3596485 3392839 3001330 2835831 1438610 
3300501 5128895 5198595 4756173 4946680 4271903 4333374 4159709 2490269 2115897 
4168664 5205919 5111269 3915142 4389628 3308312 4153567 3592575 3061390 2265169 
3023823 4311899 5005721 5138647 4041046 5053438 5200052 4562681 3553576 2748207 
3357924 4238021 5249921 4236329 4365982 4592185 4560723 5328387 3906925 2808485 
3213965 3520878 4616078 5019979 5130001 5086665 6196016 5896261 4584107 3602807 
3219214 4461462 4834487 5434480 4552686 5405307 5348959 5367395 4614020 3227548 
3226745 5101395 5326867 5837960 5796814 5664655 6146710 5097495 4265433 3405023 
3111495 4751957 5334200 5547734 6146832 5901539 5137834 6424359 4495281 3318652 
3851919 5465829 5928007 6408981 6085954 5543489 6826913 5080666 4537740 3313429 
3321606 4508937 5853766 4967616 5500680 5369227 6283281 6505306 4855559 3797058 
3369447 5430899 5771499 5020375 5802086 6276045 5820629 6772328 5155028 3576623 
2985952 4717328 4245884 5202147 5665730 5900223 6620600 6514980 5500747 3813167 
3473234 3892912 5544742 5397901 5807710 5659348 6675283 6511269 4520550 3598963 
3384892 4082277 5228367 5513986 5388144 6071828 5265358 5812253 4427465 2740536 
2791585 4227049 4353861 5770108 6427353 5246193 6642974 6082189 3846716 3347847 
3563527 4337161 4644141 5255703 5533395 4825652 5069084 6320083 3668744 2831693 
2613527 3296164 3690828 4260989 4781549 4462549 6377600 5701759 5148716 3365106 
1962617 3625838 3481381 4051142 4741424 4139022 4036892 6668379 3942863 3507789 
2319738 3213623 4312325 4510460 5005781 5252983 5022814 6648413 5532024 3489973 
1649842 3559379 3985461 3902246 5628010 4770886 5682269 5514355 4356570 3736026 
2713163 4223513 4824279 4209385 4665379 6000060 4354410 5724738 5208398 2999784 
2500426 3866666 4881185 4118932 4638841 5438324 5078880 5012995 4243601 3080876 
2768404 4385759 5705345 4824652 5529352 5127395 4867771 5820263 3363232 3093171 
3334108 3393474 5285502 4224760 4613481 5554019 5139177 4361057 4659965 1805315 
3671208 3890821 5173494 5003795 4774762 4954396 4986690 4847667 3196403 2800772 
3674216 4902406 5426088 5285281 5267117 5503627 4724266 4990066 3233044 2268115 
3570938 4332879 5362386 5305606 4897284 4671904 5496137 3892443 3347279 2539550 
2863137 5170338 5804467 6181011 5879748 5009690 4635110 5454061 3125438 2150666 
3935418 4758033 5567223 5720894 4402040 4242421 4442925 3971460 3120381 2634769 
4541771 4853863 5534810 6188942 5898579 5124829 5504377 4776050 4047859 2974539 
4645207 5815440 6357961 5922196 5095353 4469344 4892666 4326101 3253582 2616166 
3779930 5371064 5941035 5953242 6343186 6003991 5533906 6172526 3564252 2842842 
3278559 5589078 6379280 6233065 5992248 4717184 5136401 4616165 3903338 2376498 
3098870 5026530 6484605 5389849 6402755 5196104 4491130 5925209 3598404 3125635 
3367330 5024810 6540445 5839554 6343624 5880705 5030201 4416058 3125367 2311524 
4349197 4184811 6777233 5541497 5368318 5575278 4819013 4697443 4167761 2679904 
3630428 4761963 6233542 5254898 5035542 6174367 4852624 4077955 3423262 2685172 
3710651 5319067 5894039 4811384 4761955 5248025 5141120 4949869 3637295 2816672 
3953716 4303880 5228676 5466371 4620925 5667582 5949506 4468061 4336409 2206341 
3683075 4596249 4948345 4825865 5106419 4346053 5312736 5366872 3494163 3028693 
2816646 4886851 5555659 5592004 5523236 5601990 5760270 4558989 4007265 2737683 
3661914 4307274 4968266 5601725 5369292 5119085 6346929 5023922 3958387 3087836 
2885656 3900437 4735280 6013138 6281840 5221261 5111377 6428418 3247580 2882435 
3170192 4403682 4087937 5153114 5718749 4625947 5457225 5275048 3636384 2709447 
3292101 4449513 3848411 4994774 5904376 4703195 5042497 5798350 4018572 2646454 
3013421 4145218 4213782 4170503 5669752 5004884 5460325 5729817 4414463 2693405 
2459355 4766969 4332127 4274933 5615593 4260954 4527944 5313820 3807271 2660110 
3348764 4835195 5888984 5070475 5363598 5289236 4304336 5471063 4013444 2097706 
3576157 3959523 5307065 5905594 5039447 4419998 5214121 4861493 3735746 3231712 
4034258 4636564 6144365 6087788 5685458 4857520 4365764 4639131 3678890 2462101 
3574070 5218918 4428012 5271371 5658947 4835628 4511496 5266285 3921745 2646656 
3874415 4981382 5638249 5849997 5829380 4735920 4508841 4327291 2937637 2498940 
2983342 3894284 5471329 5791646 5396368 6068767 5205543 5616223 3666148 2578185 
3367343 4053689 6088641 5144645 5027786 4751196 5334927 4249974 3584208 1984797 
3030999 3912678 4768461 5426101 5144484 4940187 5208585 5028074 3266017 2474713 
4098098 4477320 4476723 5519130 4921015 4570791 4255767 5370494 3883665 2095869 
2884208 3821597 3978181 4558925 4856861 4388878 4690706 5029174 3581820 2542041 
3125474 3711048 4393651 4137060 4424100 5265496 4573770 5133943 4146028 2305692 
2472741 3285732 4184047 3162048 4008743 4475713 4015196 4477348 3875776 2545754 
2860352 4113242 4334591 4967167 5604137 5578904 5440384 5809294 3975901 2718330 
3039822 4156297 5454286 3982295 5739950 6362101 5577545 5441749 4429810 2334903 
3197672 4526222 5129635 6254919 6035059 6904040 6216075 6135893 4599220 3339703 
3288798 5133012 5898590 5394123 6922175 6878836 6165067 5668733 4632524 2410411 
3488450 5277592 5819165 6452118 7014292 6391530 6171698 5840116 4189845 3080268 
3074328 6414242 6065005 6079211 6734807 6242375 5668461 4986237 3802465 2683132 
3396032 5339463 6767330 5696609 6359228 6887764 5218212 5177348 3575870 2315666 
3210806 5996281 6063647 5933074 5982948 5344451 5259167 4943201 3234887 2295542 
3333048 5748853 6099433 5895754 6088474 5803446 5286816 5235954 3794155 2404688 
3906182 4173133 5688452 5581647 4770208 4817578 4615679 4124325 3638749 2249665 
3409749 5974242 5686008 6399602 6157084 4988252 4905321 4449042 3074581 2674269 
3791234 4452216 5501416 5857868 5044325 5071297 4510555 4792584 3975484 2600814 
4565635 6144065 5664999 6341502 5825043 5600408 4938055 5383176 3494972 3284012 
3748574 5347174 5977581 5311195 6392974 5674068 5171412 6281645 4603079 3137433 
4312856 6610001 5742419 5471820 5877921 6433229 5506573 5745551 5289028 2789501 
2607013 5139814 5537654 4472503 5711745 6646749 5429958 6563961 5094381 4184032 
2608970 3881969 4728021 4028471 4467948 5242569 5990412 4950349 4643491 2791000 
2816816 4207319 4199193 4343141 5010978 4812363 6139215 5226522 3813830 2938514 
2940688 2845786 4744708 4282344 5014879 5307413 4519100 5793327 3169593 2302720 
3171826 4981209 4486614 4194633 5317018 4432850 5026166 5028122 3742397 2096569 
3268382 4448927 4253689 5191636 5411492 5091104 5795007 4488577 3691941 2726088 
3971745 4981082 4761483 4743678 5166786 4340785 4307234 5143780 3247819 1698455 
3237717 4690412 4806944 4597382 5406210 5661553 5172455 5644248 4043298 2720020 
3023465 5130114 4780658 4621954 4706016 4598305 4903436 4514082 3333320 2772779 
3313857 4790300 5969988 4789482 4732264 5417594 5637573 6133190 4377150 2226992 
4031482 5489653 5011820 5608233 4692157 4733197 5177354 4932777 3806298 2669904 
4127362 5080209 5355101 5080567 5308308 5579624 4553097 6335770 3995131 3191821 
4372625 5216921 6280707 5138706 5984652 4479118 5704848 5095907 4225524 2924177 
3519605 5609272 5716550 5256280 6052132 5366251 5561317 5603489 4163013 3416577 
4227679 6235565 6454018 6524845 4979033 6477546 4923856 5551112 4883998 3541871 
4333418 5480221 6228419 4675861 6186402 5134325 6349903 5272448 4412245 4005853 
3916452 6161925 6521018 5401434 5276512 5578868 4921750 5917166 4183385 3067424 
4300548 5309210 5584323 5704610 4760051 4554621 6254213 5176245 3644560 3292774 
3068995 4882552 5319837 4804559 5225155 4234933 4745426 5610993 3893781 2742990 
3374551 4195186 4494933 6266381 4816701 4865698 4678041 5489505 3861994 2290003 
2870979 3644299 4040234 4276661 5414852 4443028 4612960 5735071 3739642 2870786 
3301781 3216846 5038082 4800756 5599098 5597829 4893548 5038879 4654840 1995928 
3889952 4826432 3998525 4871897 4983041 5171279 4862300 5769888 4565092 3416950 
3732402 3607365 5557999 4967011 4445391 5265692 5532721 5249399 4116671 2782978 
4150045 5026856 5022736 5571559 4456611 5123715 5140967 6172376 4550493 2924057 
3221571 4658102 5532928 4481664 5242833 5038536 4888673 5957752 4019257 3416042 
4536611 5098111 5804328 4911612 4851511 4173233 5292723 5197345 4402212 3278686 
3320171 4825603 5114749 4149648 4292648 4431014 4186292 3726146 3516011 2813452 
4003930 5226668 5659561 5503475 3773021 4439655 4002224 5083402 3035937 3437617 
3593450 3712228 5310493 4647603 5232375 3707226 4711888 4912255 3843032 2154598 
3387063 5015752 5382007 5622661 5617153 5200159 4704908 5547850 4169888 3294453 
3074288 5612037 4833444 4801477 5395847 5294298 5027178 5588383 4357409 2792501 
3617935 4747894 6451080 5321968 5495088 5795648 6364445 4934294 5198556 3457955 
3476751 4759675 5951791 4823829 5014496 5481840 4633747 5532720 3719090 3291889 
2953721 3987576 5152266 5060987 5306223 4345484 5603240 5248150 4097644 2518622 
4022175 4411135 4973220 5129620 4675144 4315139 4927190 5194092 3428377 3018196 
3214236 3482382 4748708 5254442 4534904 5496478 3817795 5207416 3686858 2465564 
2714148 4395908 4425138 3899757 5333044 3518343 4168374 4627278 4324749 1900171 
3333588 4979854 5169971 5522473 5394774 5429374 4380509 4307937 3709041 2572000 
3545023 4798671 4636345 6170978 5238195 5151590 5275987 4252274 3320816 2808543 
3617751 5130708 5790909 4867337 5759349 5648544 4947253 5037522 3285996 1506338 
2623336 5418823 5319101 4916464 4664477 5161757 4521526 3653547 3089341 1948468 
3622563 5031896 5860021 4780743 4213061 5339102 4520762 3901403 3059219 2257687 
3037387 4069215 5584029 5302172 4602450 5086401 4603843 3635688 2978730 1664920 
3735171 4432631 5342746 5342086 4793559 5446927 5442760 4076367 3227571 2434931 
3483750 4036944 5329734 5473971 5161863 5870908 6622059 5268854 2737469 2609996 
3134800 4919464 5447152 5965650 6483140 6199222 6898935 6043478 4243029 2079813 
4221968 4515112 5507763 5813361 5991598 6597521 5722297 6595968 4426469 3134495 
3924106 4598747 5752458 6507282 6483500 6641886 6295605 6444589 5250361 2804627 
4799197 5974126 6023096 6131683 6530087 5425810 5787407 5069642 4428269 2891811 
4397663 5249728 5958586 6815622 5322055 6900640 4857018 6729628 4093189 3196723 
3922265 5613984 6024491 6756186 6492086 5304767 5649919 4694873 4193440 2296068 
3177235 4870889 5462949 6129936 6099892 5848110 5674257 6060153 3960720 3499580 
2856337 4961328 5555036 5650865 5533836 5962730 5332775 4798254 4084291 2722420 
2942145 4547481 4379799 5460607 5637917 4401616 5385871 5093698 3965825 2758163 
3572445 4436934 5074849 5016161 5244965 5121487 4548381 5142580 3333807 3076129 
2959639 3829912 4669549 4535621 5416179 4873591 5641736 4809975 4144352 3066667 
2865132 4678981 5216106 5133454 6160557 5308774 5044194 5424210 4003739 2753327 
2665355 3631555 4818154 5011279 4906452 6005666 4988366 6155112 3489327 3487967 
3559157 4867700 5929398 5705679 6476358 5698259 6345748 5601120 4376532 2785765 
3828209 4447298 5700885 4344760 5887118 4884124 5745051 6797236 4622375 3483050 
4312334 5772168 6979555 7206222 5965432 6798241 5068089 5835456 4500892 2869070 
3242405 4666197 6550293 4920621 5711793 4962304 5437696 5378529 4593248 3437822 
3953909 5488459 7332787 6815321 6191453 6306604 5100769 4665520 3934331 2116907 
3248838 4223951 5702580 6548192 4356859 4797449 5366518 4826255 4039685 3105393 
4210283 5306902 6871817 7495103 6990733 5998558 6050692 5899436 3836338 2853622 
3543826 4660671 5734017 5654522 5600893 5667478 5694662 5106992 4809318 3456611 
4157207 5545701 6472877 7151806 6111497 6169197 6131703 6459819 4602901 3403700 
4094400 4778672 6210150 5718495 4923521 6284094 5952462 6535697 5199411 3802120 
4121996 4588471 6596027 6433256 5294335 5464080 6568820 5909463 5125016 4268063 
4529588 4860779 5244672 5681587 5341528 4887087 6275001 4898105 4618526 3622738 
4417583 4262038 5615092 5973751 5349260 5613537 5446495 5891638 3662391 3322875 
3992872 4869782 5587725 5451097 5436284 5057179 5286684 5830180 4138685 2840012 
3627698 5271259 5204945 4840952 5101527 5506140 5119467 5542651 4766991 2782729 
2994755 4538562 5729328 5570569 5268781 4736480 5057504 5879623 4537984 3118776 
3163995 4770292 5179411 5456226 4765944 5160285 5480594 4752830 4760545 2639676 
3005656 3975980 5171936 5944711 5395034 5803610 4767423 5191138 3562777 2907937 
3588958 3869851 5546206 4763283 5321271 5531120 5602140 4953224 3377248 2504669 
3168193 5120643 5128710 6472059 5781105 4988151 5141932 4928253 3583796 2654035 
4010521 4576411 4701630 5084823 4847535 5030557 5172329 4675376 3386856 2559062 
3511737 5336882 6090565 5622621 6183012 5666559 5441900 4960543 3116635 2857069 
3383384 4816632 4746536 4576945 4262158 4844028 4813641 5423342 3752784 2378923 
3735297 4128864 5019119 5568839 6081516 4569082 5785567 5097616 3767791 3170277 
2705796 4045497 5415374 4291056 4603251 4316665 3752629 4284552 3443798 2345537 
2477091 3745118 4445972 4667777 4983195 5000159 5376748 4643558 3482580 2894034 
2902532 4420143 5200478 4966251 6046349 3635879 4090614 4214272 2687322 2438939 
3177864 3917440 4439383 4651584 5101662 4471471 4591794 4502843 3336107 1666420 
3745495 4505374 4810663 5559829 5533941 4431119 4569272 4873858 2347418 2560965 
3391645 5426848 4993862 4836463 5448748 4922872 3979957 3764499 3254606 1362411 
3446879 6100909 5261304 5892473 5561116 4880640 5154683 4940455 3744302 2717152 
4000618 5134920 5895672 6268226 5920771 4187980 4060108 4232177 2721742 1975594 
4058145 5641436 6285123 5598593 4871115 4525361 4740979 4930610 4678699 3487995 
4057888 4672746 6176389 5605374 5660065 4272886 4374588 4513992 2923176 3072299 
4070696 5455422 6071221 5426217 4999083 4836492 4211023 5309702 4709021 3426341 
3457074 4432195 5081508 5421375 4462741 5677484 5223377 5709331 4552469 3423791 
3131678 4511964 5300142 5039552 4751553 5221299 5306044 6459254 4893941 3943145 
2814665 4340310 4809501 4487573 5541804 6027239 5999215 6021029 5935167 3379030 
2551219 3885693 4015147 5118139 4722898 5693717 5628816 6444704 5204644 3364693 
2590692 3729399 4681946 3518349 5261080 5185893 5577773 5072494 4329479 3087700 
2965988 3159730 4253274 3991176 4691438 5251273 5418115 5473720 3819804 2899299 
3069424 2992459 5024137 4817918 4340807 5116542 5431326 4652102 3453845 2452281 
2941966 3612899 4821813 4745968 4878534 5182465 5022795 5214855 3758438 2590452 
3043831 3880977 5184055 4784379 5016070 4844674 4347683 4392533 3577329 2141568 
3296519 3827407 4501938 5437141 6079972 5365988 5801332 4871285 3363989 2782958 
3032746 4742163 5537728 5870704 5309326 5621943 5174648 3528676 3133643 2166615 
3726243 4130050 4856446 5369807 6096831 5045814 5998892 4966166 2475553 2181509 
3239378 5469696 5396022 5786869 6091356 4601147 4927612 5088758 3357641 2226657 
3376936 4444764 5877873 5213876 5413968 5842879 5346121 5313178 4551777 2751762 
3854778 6028752 5616630 5956634 6665105 5532404 5436937 6099235 4612279 3061619 
3245961 3893425 5416620 4124415 5276518 5455798 4765957 6191365 4685241 2596894 
4204155 5222281 5599710 5507812 4553164 5610584 5243779 4912575 4493283 3090069 
3134732 4292604 5452898 4119340 5526786 5226160 4806960 5089987 4317833 3131858 
4072840 4667793 6070429 5227270 4524210 5734069 4724021 4935205 4154771 2738587 
3393042 4826549 5267162 4782049 3998678 4169078 5512156 4660065 3753896 3476551 
4332167 4495864 5938989 5108820 5281846 4842048 5191224 4313296 3992565 2286187 
3467974 3846208 5053599 5870900 4680625 6002212 5633109 6122666 4196315 3445556 
2796239 5319705 5217046 5564300 6099993 5204457 5828009 5365524 3843603 2656269 
3904219 4034892 5806067 5920803 6509832 6194962 7168157 5994373 5416867 3251288 
3338856 5434714 4971967 6657866 5869326 6843124 6547247 5606744 4685389 3329640 
3165025 4165257 6270520 5439114 6029794 7128349 6954349 6859771 5477997 3499835 
2809864 4709699 5553260 6299165 6065148 6408529 6604919 6065319 3871313 2897928 
2468644 3659201 4450545 5609283 5409835 5406066 6929445 5787366 4595774 2845735 
3123811 3363725 4702798 5752171 5529633 6041425 5722973 5732123 3843982 2773493 
3065495 3787756 4545816 5473036 6037717 6570812 5035217 6205377 4123484 3108978 
3327420 4714459 5513220 5989187 6424939 5847234 6721568 5978039 4285549 3126584 
3248081 5061562 6052566 5960102 6551679 6106099 5258151 6227533 3746302 2744570 
3423804 5187333 6882820 6219193 6388919 6703789 6181853 6224756 4376784 3387495 
3452222 4851788 5522228 6969248 6690886 6060539 5195000 5672371 4348586 2411388 
3929314 5543407 6927904 6747349 6462595 6286941 6487305 5107393 4734112 2857098 
4225706 4745213 5673494 5960598 6241782 6847970 5625016 5973103 4144120 2956135 
4014200 5824494 5208681 6092210 5560510 5262112 6755423 5015560 4471210 3309540 
4230373 4821827 5865195 6099260 5990006 5142067 5902080 5707752 3811961 2858894 
3246187 4967590 4746778 5375158 5262719 5240622 4824087 5129985 3950983 2970607 
2829274 5076569 5531139 4507918 5465303 4888490 4627181 5178202 4211534 3175328 
2655229 2879795 5151544 4374766 3878177 4059909 4140588 3755675 3848070 2441642 
2334259 4399228 5270104 5569397 4158209 4384195 4564808 5384924 3295224 3316688 
2916629 3746087 4391480 5334522 4795890 4952808 4957080 4430152 4012825 2348918 
3709410 4274456 4839944 5362793 5315596 5404927 4675737 5164577 4247694 3104052 
3209353 5261996 5185670 5427476 6273675 6337255 5976748 6101703 3959271 2947124 
3449589 5121633 5628646 5768219 5822622 6656249 5444841 5522437 4461488 2477022 
4085407 4922910 5743511 6105278 5619032 6996080 6925220 6063301 4794496 3444068 
4006340 5007643 6007324 5102749 5959732 5119346 5259539 5339127 3748230 2805643 
4263228 4996951 5445148 5760686 4447818 5828658 6802539 6048412 5091905 3698378 
3950555 6166722 5605815 5821295 5257942 4557218 4804388 5369311 4196529 3307357 
3720883 4338318 5974724 5856850 5397109 6030447 5329609 6704076 5205333 4150232 
3536096 5427104 5798175 5555615 5322442 5726067 5770133 5130846 4683067 3256172 
3841163 4669726 6547682 5656963 5857705 6062118 6848366 6317930 4900652 3828593 
4627882 5116425 6465125 6243361 5097031 5476273 5446190 6522960 4756850 2726055 
3999996 5470594 6359682 6663073 6113425 5402180 5951829 5908960 4382176 3082659 
4361380 4724158 5710063 5674794 5201166 5435848 4901289 5074952 3512633 3334078 
4301211 5398404 6427430 5762172 5945866 5654663 5925604 4177252 4205198 2289149 
3668879 5105908 6125167 5165177 4882804 5645619 5031443 4960694 4032119 2659963 
4268871 5393446 5193109 6226323 4355261 5459605 5305042 4754755 3550296 2941509 
4109019 4287768 6128554 4431383 4034428 4838577 5327802 4147371 3363306 2728273 
3913195 5114441 4966144 5585275 5240441 5380639 6494000 4622718 4043946 2351560 
3398649 5016136 5466808 4767742 4739857 5627835 5576741 4788907 3788246 3385177 
3337649 4147123 5534300 5830009 5485022 5465379 5985462 6498744 3705181 3445023 
3645618 4881423 6206132 5490356 5501701 4761817 6220850 5275134 4385372 3273875 
3431829 4682351 6370944 5675320 4610516 5747166 4839470 6038839 4111965 3593896 
4152792 6154596 6193547 6459219 5705281 4052778 5134298 5086438 3551258 3423888 
3619199 4700526 6043329 5580448 4964814 4683776 4536391 4678114 4215399 2984630 
3824645 4967628 5932812 5246172 4822045 4675122 4461972 4753679 3722825 2932330 
3450267 4581134 5165559 3472063 4905546 4452826 4974822 5088515 3274833 3192409 
4108426 4882387 5419105 5057290 5168521 5290417 5791090 5030109 4206475 2722979 
3473637 5549098 5701677 5555765 4901937 5254160 5051403 4744276 4413354 2793068 
4192845 6119056 6055573 6543082 5857576 4981947 5376212 4753204 3207844 2380072 
4485861 6167050 6919565 5574243 6043129 5135633 4811562 4829467 3645526 2247227 
4661309 6228391 6564352 6391057 5779878 5221430 5290006 4024471 3882282 2748978 
4438064 5923342 6523883 6238087 5724856 5622171 5207130 5692427 3342410 2579520 
3325417 5137866 5575076 5753089 5013345 4841106 5269343 4794765 3656510 2555771 
3840477 5646827 7053236 6364366 6647179 6076414 5536542 6773857 4324008 3537540 
3332819 4890230 4943841 6169721 6282845 5757068 5581977 5998958 4482113 3163772 
3729796 5550161 5995543 6300452 6449057 6490463 6465028 6203029 5196454 3900677 
4614837 5684990 5668177 4932708 5209743 6410263 5793287 6573797 5148018 3801831 
4326510 5753067 5635955 6247864 6085659 5406246 7930078 6741239 5868914 4417408 
4371684 5097291 5993497 5633651 4695214 6066539 5909303 6667673 5596014 3823145 
3217099 5284241 5021800 4768186 5459482 5921432 5980989 6694816 5451989 4280983 
3168432 4758915 5446670 4224120 5473390 5050310 5546323 5590790 4445999 3318346 
3095464 4759114 4834673 4865207 5206886 5726328 5975201 5880268 5226169 3678899 
2655785 3949919 5871293 4717573 5590491 6396412 6169408 6283336 4618665 3745867 
2663921 4395864 5166179 4715394 4942044 6399099 5423452 6069338 5217862 3294627 
2481379 4325252 5094008 4459762 6179969 5668387 6196331 6341206 5311411 3705685 
3512015 5089603 5768932 5338305 4937905 6023383 4539770 4860023 4690493 3124268 
2530996 4621863 5883250 5040734 5341574 6006426 5026902 5332884 4257163 2766099 
3995718 5174591 6251010 5780425 4508629 4659892 4888710 4141320 3734004 2530929 
3372666 5073554 5042398 5350798 5019909 5184819 4378877 4598040 3254110 2544713 
4398623 4618466 5858948 5232227 4878499 4971275 4307903 5284513 3279205 1976812 
3398582 4472492 4648245 4562464 4401189 3895877 4262293 3738599 4158765 2047858 
3268968 4322101 4175031 3939175 4213953 4495517 3819107 4730740 3614022 3093488 
2993934 3124740 4024487 4000282 3066512 3725899 3638095 4715142 3279905 2317608 
3041364 4059273 4098808 4274214 3826761 3984299 4881450 5093180 3945410 2650382 
3195866 3514679 4906967 4935832 3972347 5124199 5224954 5792213 4301639 3618674 
4330007 4849675 5315144 6071798 6024678 5720588 5996459 6852659 4943065 3469174 
3635875 4705706 5075797 5381575 6556943 5850215 6678078 6372508 5312227 3905757 
3600606 4702153 5084759 5514128 6394436 5793249 5941338 6828655 4701494 3431515 
3473844 4649815 5362738 4906359 5148868 6340420 6252243 6367098 4964777 3414868 
2917562 4177015 5237973 4849037 5797860 5123457 5598704 5904432 4130377 3309056 
3181350 4903412 4570565 4933919 5514164 5586949 6155312 6283974 4608996 2941955 
2374654 3679720 4362987 4614730 5398835 5901727 5402056 6222752 4960783 3279877 
3372560 4675389 5837781 5666611 6802962 5467407 6927109 6871992 5120697 4046041 
2046183 3973173 5070768 5974379 5997351 6709755 6302916 6531504 4939308 3378668 
2835656 4733785 4695301 6132698 6248992 5934702 6613861 6423775 4700692 3628878 
2492730 3521610 5060828 6189979 6041301 5450716 5981083 5213926 3727798 2897588 
3013581 3700355 4890112 5823007 5863843 5521360 6317304 4896517 3488370 2738799 
2688244 4300647 4674312 6009410 5924532 5587980 5140764 5187998 2603107 2803798 
2853166 3672989 4281587 4520496 5107748 4316194 5843335 4948744 3520669 2835514 
3296944 4070505 4906157 3988305 5597191 4510792 5474910 5170716 3565802 2754818 
2415713 4622205 4553657 4191616 4911628 5267287 4985709 5281835 3541208 3052713 
2486161 3390299 5195667 4405278 4723578 5073929 6166654 5229480 3653792 2778717 
2741880 3290515 4627990 5472747 4837450 5472380 5597591 4773886 4094665 1884865 
2623961 2329984 4440403 5223570 5232145 5719098 4610728 5279183 3890430 2164481 
3032160 4545895 4452514 5967886 6013115 5192507 5441869 4392257 3453503 2634633 
2666633 4177241 5150523 4726355 4654999 5735088 5512117 4264219 4383943 2155569 
4054609 4897189 5027745 6210113 5209500 5480758 4981446 4609224 3904676 2527146 
3751503 4468086 5302399 5267952 5510068 5568501 4956954 5800147 3514846 2772024 
3865300 4635766 5679517 5192326 5402273 5399055 5252665 5036406 3701826 2320178 
3764558 4560403 5138846 4636420 6261002 5482570 5279561 5494217 4084039 2349064 
3344513 4519039 5190444 4729650 5267438 5785817 4818059 5252388 3669467 2472086 
2823299 3527834 5889481 4980989 5376473 6201290 5198560 5354683 3833805 2663698 
3273440 3698255 5356424 5337393 4842155 4685672 4974973 4311414 3499517 2279369 
3065633 3813291 5238442 5474351 6761302 5353190 5301072 4927752 3802002 2220959 
2986600 5188070 4659998 5798474 5956415 4826393 5116025 5057694 2958382 2388544 
3344354 4817089 5505073 5710351 5774677 5694779 5724201 6458639 4240017 2763151 
2953669 5687045 5085694 4940399 6077303 4443307 5060778 5172216 4295327 3087795 
3833538 4956692 6559254 5536124 5192637 6151764 4944946 5915270 4994005 3789319 
4222918 4215361 5153396 5991596 4226920 4226807 4990499 4931224 4260294 3263040 
3657472 5371738 5402507 5929533 4817928 4945754 5496172 5166323 4297298 3301733 
4100044 4994177 5247366 5896198 4461103 4984380 3920724 4326083 3472783 2711508 
3636588 4748875 6133941 6146260 5386593 5120800 5107592 4607628 4033373 2133548 
3675664 4768484 5207112 5580037 5120158 4819104 5075170 3890585 2676679 2806273 
3889478 5624438 5653645 5645230 5311036 5537502 4699319 5011296 3524999 2961071 
4472420 5636461 6165729 5972376 5582018 4896226 6238672 5168191 4090784 2760786 
4040825 5023368 6389621 4796574 4478753 5139296 4143586 5617358 3606817 3238600 
4686945 4952169 5726657 5799105 6178411 4902657 5722819 6366255 4643376 2933650 
4147265 4638357 5532770 6305728 5513562 5519008 6169071 5505606 4656872 3262521 
3692960 5511146 5154183 6365016 6328512 6413467 6121664 6519655 5319723 3544195 
2598716 3958716 5367945 5394989 5493480 5338014 5963407 5363579 4556420 3377999 
3858490 5126783 5123925 5846630 6270153 4948226 6302822 6577780 4504430 3994054 
3518333 4751449 5417980 5903226 5243451 5410082 5219289 5638514 4304493 3423077 
3428108 4651791 5575780 5666531 5404060 4989717 6431650 5536979 4007037 3326886 
2814059 4672402 4412050 5542857 5313336 4359564 4958128 6025596 3522827 3092530 
2429075 4038738 4988161 5271584 5183228 5790417 5542447 5794033 4905033 3038364 
3601621 3885991 5096678 4968724 6419902 4345665 6051752 5546902 3742198 3564064 
2270170 3177672 3278507 4509489 3808204 4764930 5336389 6042325 4801542 3589184 
3820679 4288377 4768764 5047808 4907023 4536725 5087436 5486961 4100343 3455906 
2333965 3831231 4291988 3927976 4453352 4219406 5006871 6118776 4472389 4183135 
2236846 4484870 4567547 5226901 4738157 4079745 5352080 5272561 4759143 3849243 
2017810 3383147 3441309 3821702 3862564 4165497 4758886 5101303 4665740 3206043 
2047413 4321748 4215046 4316708 5644506 5054976 5239290 6119004 4419804 3753936 
3107787 3629850 4553635 4550345 5102931 5595893 6402507 5774087 4590697 3181022 
3241501 4254981 5214759 5543517 5332232 6673944 6632381 6541447 5110991 3178053 
3893869 5476472 5400479 5849177 5463143 5629595 6050355 6390174 4651469 3104133 
4377787 5318420 6072109 5939902 6033375 5657329 6010424 6401043 4877078 3275601 
4739001 6256585 5933483 6256893 5524073 5534249 4827213 6295842 4251529 3065507 
4155266 5805827 5857920 5193133 6647758 4598304 5561847 5829175 4210254 3200660 
4651374 5632750 6206208 5075003 4293799 4670153 3415750 4803916 3600768 2789085 
3036329 5518298 4798217 5177813 4769957 5340442 4935644 4968090 4405124 3043760 
3463807 5763229 6156057 5181224 5709299 4101309 5160826 5654321 3843223 3848624 
3232353 4514085 5358734 5920234 5180366 5797704 5542914 5588945 4777836 3366956 
3659185 3787491 5216593 5492291 5864285 5318303 6026628 5533436 4402827 3557896 
2455281 4069065 4690512 5551406 5150083 6091811 5973839 6249901 3898508 3669316 
3655010 4753769 4831833 5507223 4795565 5727435 6141201 6025576 4544883 2970542 
2944610 3559898 5325085 4888474 5222997 4708581 6040624 5653950 3963687 3216937 
3375422 4084736 5043627 4619491 4629051 4268718 5096618 5145268 4069244 2822142 
2947005 4147908 4618749 4978042 4836075 4609271 4632697 5003768 3794903 2461492 
3676735 4338919 5240578 4592893 5830063 4518756 4547384 4619123 3072628 2430763 
3940048 4510719 4691852 4709998 6289032 4976346 5554527 5301428 3460154 2233438 
3150622 4830468 4732725 4999386 5819212 5593295 5438578 5306320 4021568 1899815 
3003957 4835377 4846919 4377944 5549805 6039837 5544416 6462090 4288725 3350367 
2486500 4254337 5121578 5480202 4711991 5717311 5280450 4757491 3926849 2907776 
2698882 4244769 5177568 5120639 5826667 5119929 6713503 5502323 4281674 3077464 
3101296 4519263 4663655 5559960 5148005 5276537 5622860 6142680 4030154 3177350 
3466915 4254958 5149309 5232497 4717408 5406770 5916821 5227103 3702766 3474958 
4350658 5023578 5849447 5383870 6488922 5541548 6218134 6358320 3892343 3098619 
3417337 4666602 5430007 5203892 5926274 5228886 6190961 5263117 4556826 3054398 
3921551 5384280 5562377 5863289 5513128 5246452 5671933 6562004 4597560 3409569 
2849590 5017584 5335428 5206771 5199745 5072366 5264213 5432149 4312267 3190551 
4235522 5093455 6177168 5764165 5341878 4502148 4786909 5600656 4028613 3611864 
3673877 5034003 5374938 5925559 5088186 4868622 5770693 5161705 4711270 2810506 
4176833 4775059 5883834 5562971 5813052 5200395 5494886 5939784 4166174 3663672 
3823409 4438785 4972766 6857972 4794600 6796151 5680747 6545054 4624452 3138514 
3015444 4022558 5678518 6311472 6357635 5061339 6264682 5718458 4780900 3279761 
3987442 3561031 5776288 6256762 5263345 5388708 5286914 4385684 3700604 2667526 
2771058 3559401 4433147 6187671 6343285 5729550 6291406 5001298 2989830 2681542 
3555966 4405129 5872838 5885499 5753303 5380502 4859884 4320240 2692488 1919003 
2797271 4012437 5077292 6323860 7081167 6113188 6283886 5465167 3229163 2002258 
2868797 4780992 5760892 5669590 6067333 5806119 4656827 4599938 3021743 1967900 
2446276 4543551 5308548 5431498 6107622 5396693 5392888 4647859 3476188 1939619 
2622594 4436390 4292607 5649228 5608866 5282519 5527191 4239664 2599827 2355267 
2625187 4061935 4498916 4869708 4762318 4604218 4605402 4808651 3114781 2509263 
3059968 3959691 4786982 3962323 4887438 3629076 4806564 4189909 3227144 1635818 
3430126 4507555 4666501 5232984 4418047 4300986 4490593 4794599 3008583 2842305 
4198409 4759019 4785167 6176218 5103166 5482553 4224974 5282850 3418892 1850271 
3478727 4796882 6105738 5255985 6366827 5103475 5910947 4905547 3868726 2606345 
3625296 4258770 5109782 6014854 5644884 6147588 5555629 5617149 4009773 2262141 
2824329 4237705 4982153 5573287 6622716 6388481 6153443 6156409 4556427 2916909 
2484442 3059741 4516514 5150469 6358265 6769687 6524315 7196159 4006459 3679587 
2610097 3429616 4907789 6364011 6229234 7336009 7112802 6149679 5292293 3020807 
1731209 2216232 3781357 3248788 6203867 5152137 5994570 6913185 4629116 3412954 
2351327 3316752 3483908 5339483 5565275 6033688 6409063 6557839 4725571 3681661 
2675663 3656186 3157554 4438852 4176046 4842383 5625840 5791983 4947845 3654991 
2550615 3717976 4819615 3847636 5931312 4860003 5367894 6664292 4300125 2955437 
2621665 4641919 4062852 4044990 4375507 3989848 5197795 4895065 4374691 3211644 
3199728 4443796 4074329 4698697 4306434 4766834 4719132 4399809 4230534 2571119 
3754940 3820401 4952356 3327664 3923521 4499833 3941756 5075053 3416872 2738497 
3064270 4507736 4977349 4569452 3639977 4470747 5141007 4343743 3490288 2711458 
3062722 4662528 4345459 4570932 4765421 3913615 4862940 4942072 3439383 2537860 
4096812 4462697 5209655 5802407 4821477 5858669 5331928 5263583 4157361 3074677 
3294401 4505474 5144128 5527536 5763838 5335888 4733836 5285682 4040824 2491251 
4038372 5560862 6632072 6508919 6756060 6012525 6368032 6564285 4447326 3463649 
4072984 4795060 5895437 6130555 5950026 5879915 5744928 4551230 3909538 2170113 
4034172 5608039 6629798 7021703 7009690 7110321 6020950 6385032 4623319 3342344 
3691525 5765948 5727551 6054920 6030602 5793544 5079038 5383361 4173899 2548078 
3690495 5266542 6464855 5910703 6517992 6938202 6486877 5856348 4910481 3492081 
3853557 6016291 6725627 5733772 5989552 5880957 5262266 6190183 4131523 3085573 
3614190 5513545 5856636 5467583 5713471 5697108 5775881 5779191 5266196 3050065 
4741571 5726326 6992779 6549291 5692761 5763077 5858571 5433709 4157269 3488176 
3558499 4039002 6025688 5175328 5702229 5566548 5440217 5248844 4071379 2356840 
4080100 5467073 6336684 6810276 6318076 5708657 5973586 5828883 4126898 3548675 
3490028 3485631 4653868 5334349 5158544 5244035 6185877 4335080 3854974 2638907 
3084639 3376728 4681298 5199778 5178708 5554988 5833317 6125660 3924529 2973482 
2910851 3738591 3411197 4099213 4404093 4589223 5613495 6696802 3701290 3256768 
3279682 3782131 3644071 4232363 5485585 4486982 5924106 6103623 4867950 3199549 
3647531 4030597 4156849 4841962 4241155 5299192 4833607 5836628 4583967 2803139 
3063078 4365652 4895151 5548107 4744428 5710112 4978836 5879547 4668962 3047793 
2947161 4691560 6234042 5214734 6079547 5813516 4560447 5236458 4822186 2532785 
2947285 5069729 5390087 6233778 6862811 5735748 5502995 5252901 4373119 2719275 
3518324 4214704 5895216 5951076 5303013 6905743 5717229 5231114 4615667 3141055 
3904669 4646214 6577503 5997423 5716514 6817438 5470409 5790175 4364678 2724445 
3748195 5271745 5886475 5672470 5962820 5800613 6118932 6643053 5038124 3619791 
3909411 5319526 5848504 6520855 5002221 5916715 5990274 5605944 4352018 3695570 
3307281 4627316 5993028 6505424 6699530 5541732 6338515 6042905 4725807 3290028 
2568670 4683108 4843423 5260482 6869624 6089745 5258223 5830048 4482928 2843262 
2595972 3974225 4865972 5624386 6414188 5946111 5565326 5459103 3349081 2764767 
2484909 4243578 4564829 3951761 6016181 5106346 4887919 4744051 3157984 1888834 
2164022 3497460 4194314 4156379 4995756 5193696 5547289 4292471 3202804 2119364 
2883482 3479504 4016045 5095186 4324101 4221671 4704775 4240606 2594863 2243176 
2408051 4035573 4432432 4465214 4639273 4584741 4869217 4377108 2903305 1901289 
3402770 4179413 4724944 4911309 4801143 3790011 4139797 4774937 2822517 2102140 
3535213 5185747 4465429 6077984 5749365 4328736 4458715 5097023 3607316 2139944 
3984133 4058790 5844817 5160168 4943763 5581917 3882214 4948927 4248392 2067780 
3415330 5225360 5506007 5521679 5459736 6161172 5036698 5165274 4022972 2951638 
3300833 4525178 5393835 5156071 4088279 4483383 5327570 5161909 4275896 3269971 
3215155 4595883 4985009 6364913 4819040 5865922 5731373 5283503 4805379 3844529 
3627053 4056417 5085360 4423870 4693207 4086355 4090678 5634630 3768101 3389170 
2608854 4374760 3998366 4404842 5829752 4629533 5196059 5930708 4314989 2973365 
3770820 4536476 4166968 4989169 3759576 5144118 4637558 4966913 4280432 3067684 
3034415 4038282 4470707 4507165 4918066 5684555 5291932 5117381 4560440 2393205 
3082424 4184372 5037209 4397446 4859005 5007256 5618833 4738010 3339078 2258839 
3181752 3489340 4621097 5044916 4468632 6113931 5730473 5332289 3849273 2360293 
3190936 3594002 5180077 4978854 4956717 5052032 4923525 4045610 3276652 2354456 
3052499 3996704 4959759 5181030 4811834 5408591 5089709 5268482 3187133 2625663 
3938110 4640976 5201306 4719646 4708405 4927884 4862333 4665522 3222732 2596921 
3393452 5038006 5729771 5675696 5844206 4331571 4846625 5332981 3886048 2964600 
4189221 5408151 6157620 5308185 4936227 5911142 4463339 4606348 4072127 3167803 
3202066 4758379 5505839 5802219 5366461 5205286 4697018 5158148 3676677 2846576 
4370432 5021722 6111108 6328195 5313702 3876940 5480400 5345444 4102056 2297985 
3699947 5280453 4885107 5824222 6045423 5059065 5005518 5475030 3371619 3367877 
3644898 4714147 4981104 4844589 5528962 4827934 5544147 4623035 4662110 2977233 
2809739 4500837 5074541 4600662 4657357 5255852 5450651 5269378 4172835 3359242 
2921613 4320502 5231496 4816078 5113245 5717619 5506812 5987130 3672001 2882741 
3364833 3409835 4719647 5599175 4578894 5352766 6225914 5736020 5009711 3126023 
3265518 3394054 5065680 4809979 5390922 6367939 5626942 5617865 4081721 3308895 
2226113 2823792 4812250 5108693 5211962 5861118 5467573 5047070 4193313 2569328 
2475724 3880377 3693265 5638518 5782908 5502560 7151275 5894315 4397884 3058764 
2103732 2813196 4277886 4161244 4746950 6040579 5086375 5636245 3357965 3088042 
2504665 3696064 4007274 4133452 5502442 5282780 5963422 6207205 4719324 2696836 
1779449 3698333 4445382 3539286 5618674 5324337 5067673 5233729 3832546 2624360 
2295414 4536964 4182380 4109738 4612073 4783102 5326448 5597552 4532450 3480515 
2911203 3595997 5847780 4214669 4926358 5667985 5088704 5517692 4457092 3172254 
2738889 4013337 4852365 5062451 4029990 4889074 4859664 5242938 5222069 3378275 
2668975 5040133 4471714 6193275 4735065 4928251 5194130 5668015 4876044 3599821 
3223505 3975279 5970947 5470585 4628837 4964391 5529513 4691845 3719427 3457854 
2987988 4847585 4710511 5489023 5618569 5319432 5844092 5142825 4117968 3113949 
2519938 4730703 5002384 5722172 5615918 5099893 5057627 5637387 3355884 3003131 
3570062 3340570 5047086 5720645 5836471 5366853 5642957 6433219 3394483 3465563 
2147631 4076115 4379828 5954067 4998085 6257402 6186503 5374999 4937988 3335548 
3046915 2859839 4821017 5185087 6395315 5138087 6425965 7268683 4324666 3794897 
2361234 3703371 3307007 4855330 5306614 5136365 5872439 6071944 4730823 3826407 
2202518 3998807 4183215 4593097 4942760 4863134 5931759 5867321 4550442 3316207 
3498388 4031369 5671558 4342338 5364342 4865644 4318187 6596158 4262501 2896370 
2151587 4630421 4314888 5151462 5554047 4709350 4629401 5256794 4900864 3033686 
3140052 3994837 5083975 4713088 4854035 4970644 3845815 4395667 3727393 2412102 
3370522 4280838 5619468 5204480 6675770 6541797 4701686 4645007 3978213 2211682 
2778001 4157740 5253749 5303079 5411542 5132258 5018276 3809886 3058636 1972098 
2919458 4325022 5526224 5838891 5388928 6370545 5655548 4844946 2772686 2496818 
3461195 3725542 5411613 5528231 5910626 5059467 5529286 4131319 2767042 1954891 
2164545 4253605 4845466 6146795 6609792 5750619 5456681 5284800 3706967 2078508 
3161820 4041666 5645777 5607261 5930689 5841484 5431585 5086381 3189194 2562617 
2647788 4458559 4399829 4800580 5845058 5696630 5074853 5153221 3463824 2156100 
2654990 4194954 4773151 5461359 5356423 6238695 6335523 5259037 4330669 2562282 
3839181 4358010 4402947 4841545 4608551 4441401 4320650 4676922 4182835 2398271 
2802142 4447320 4155895 5128248 5814694 5026344 6065893 5354700 3943966 3040361 
2993886 4596285 5030740 4557057 5768792 5206312 4401619 4740299 3297276 2347896 
2845564 4138003 4554580 5061455 6393976 5608897 6261081 6480445 4562988 2890955 
2473383 5131630 4902178 5028847 5602571 4946419 4821369 4987130 3043371 2285315 
2984075 4872257 5978136 5523766 6219822 6571273 5491592 6079121 4575506 2889795 
3706211 4711791 5376277 6153343 5555325 5128359 4935627 5242543 3753283 2027063 
3659938 5211898 6031195 6267743 7351615 6107908 5824326 6139137 4575000 3081061 
4557471 5251687 6160547 6447133 5235721 6047367 4615771 5004751 3644669 2609376 
4006003 4772092 4606596 5720987 5988694 5517451 6224490 6106195 4149690 3266497 
2987218 4540560 6030982 5511282 5574855 5059227 5185094 5444823 4558900 3509971 
3048816 4807538 4848198 5341351 4545397 4690888 5153120 5702372 4353660 3180800 
2965358 4437366 6055748 5753242 6170331 5091885 5774042 6588087 4186075 3833671 
4072181 4901280 5477023 5624712 5052609 5025719 5794777 5500884 5150225 3328389 
3941088 6178347 5906785 6167005 5821710 5177813 5136028 5871046 4182952 3245505 
4312059 5692857 6298393 7127655 5351343 5226593 4820762 4810017 3519517 3005336 
3959569 6364950 6505802 5713257 6243499 5474857 4732086 5123625 4075497 2508287 
3488808 5640656 7115616 6211427 6920117 5347442 4413811 5048433 2916244 3165799 
4299266 5612960 6250679 7302556 6136553 5709180 4961054 4518012 3540300 1861238 
3680168 4871161 6524173 6382232 5980700 6090316 5043510 4781793 3369409 2123183 
3633860 4142426 6616450 6033553 5344787 5895351 5186465 5051522 3150600 2613150 
3560597 5029581 4562846 6533604 5655802 4807614 6279383 4374154 4365362 2547013 
2860446 4378790 4502375 5074683 5722712 4504822 4819620 4995722 3045010 3273121 
3565753 3809980 4482047 5418238 5190904 5859413 5798596 5764155 3971405 3083936 
2253017 3883513 5093150 4263172 4967735 5015996 5605248 5684502 4541982 3580615 
3238916 4371137 4508193 5279642 5406926 6127619 6458543 6841699 4858176 4044858 
3432409 3563028 4383328 5314453 4916050 4771898 5928889 5916296 4960382 3795729 
3502038 4016246 4802417 5123037 5679167 5774413 6483289 6469058 5033209 3602061 
2573790 3976614 3672317 5685296 5316508 5591451 6261409 6501071 4666972 4118176 
3071117 4288627 5102047 4845398 5244354 4945467 6279629 6385111 5444468 3182826 
3351044 3422074 4781989 5584009 5411604 6009673 6375406 5631321 5065406 2802635 
3821316 4807516 5136138 6013315 6472675 5882171 5972300 5832583 3819526 3083713 
3075778 4246678 4263793 5731976 6149721 6029011 7179923 5791262 3577245 2347261 
3715151 5379632 5688489 5463455 6509374 6029156 5810964 4796780 3822192 1908456 
3231201 3784133 4547627 4853529 5807767 6158820 5092377 6217334 3648146 2389373 
3591862 4335377 5430068 4925552 4928694 5648839 4682896 4996870 3604869 2227326 
3734021 4241777 5300353 4791821 4040945 4692276 5321795 4577706 4319489 2783193 
3369367 5045098 5531996 5549241 5047500 5508159 4430251 4881252 3839991 2065131 
3293603 5894558 6220521 6318261 5379040 5551521 5488720 4512701 4036364 3355621 
3140742 5112125 7065339 5550297 6843523 6468540 5496360 5150049 4187180 2383547 
3933184 5678001 6769957 6249865 6607278 6708972 5665471 5496348 4464197 3313540 
3644447 5051157 6690264 6511795 6370124 6782215 5705503 4553493 3340576 2558023 
3334701 5003701 6248441 6200066 5704135 6075834 5370911 4954953 4035605 2511553 
2462696 4911336 5650648 6277641 5906482 5261905 4336380 4494658 2899047 2031945 
2439733 4572029 5181408 5491782 5335910 5187587 5083954 4648219 3222857 3044642 
2601241 3991878 5618625 5799588 6450171 5436959 5142720 4874380 3366176 2147137 
2373077 4141662 4284410 5366039 5239024 4742676 5019315 5184901 3803669 3287010 
2629407 4043468 4921031 5959882 5669444 6236283 5253585 4982008 4060974 2423572 
3478180 4649549 5465360 5747432 5599467 5199383 6157072 5301986 3602604 3419554 
3961310 4740577 5909252 5323381 6702047 6458555 6131532 5944758 3887842 2070740 
4004607 5594752 6063281 7442390 5576985 6457462 6469013 5142450 4141928 3099294 
3523969 4657613 4758990 5228437 5603343 6106723 5744643 6518634 4193640 2542559 
4214824 4742974 5878540 5359725 6600620 5041346 6508239 5263404 4291415 3352394 
3053663 4666278 4282579 4499503 5150482 5711065 4719481 5736612 4087994 2784500 
2809619 3718372 5551797 4583021 5336235 5411430 4958774 5495233 3776764 2357446 
3171903 3516858 4488104 4174623 4748661 5100474 4569513 5565685 3031499 2108860 
3255883 3235988 4776223 4039894 4801759 4794644 5063497 4299722 4269878 2094721 
4186633 4935175 5401638 5982815 5327696 6630910 4494749 4542438 3654193 1950204 
3519290 5405693 5052790 4791959 5132031 5014208 5020267 4755719 3485526 2586459 
3929560 4338507 7268862 5961003 6101876 5868308 6404678 4765639 4148591 2528614 
3051928 5046057 5300850 5804424 6066267 5203168 4675146 5684145 3843243 2481215 
3234275 4514426 5440361 5858743 6668132 6624022 5311047 6592599 4062619 3131083 
3278745 3144064 5318993 4816836 5845496 4902317 5059225 5010245 4475490 2215040 
2776344 4058119 5388508 5473207 4740583 6236977 5496086 5279067 4806057 3018718 
2601095 4296635 4790423 5446416 5759130 4789075 4740243 5312403 3223505 2948822 
2879976 3649899 5206437 6085803 4745683 4972950 4758328 4055366 3668366 1858646 
2471136 3920285 4793072 4969646 6221267 5257570 5097475 5066386 3290078 2230959 
2569935 4095471 5462987 4439361 5137593 5459448 4281483 4723612 3297580 2618444 
3695117 4153872 5711507 5535069 5309344 5964949 5406670 4830108 4254092 2841196 
3646267 4660278 4853924 4326346 4471578 5233993 4340152 4205686 3964158 2128323 
4017841 4605545 5229619 4568190 4542844 4379001 5950135 5786687 3542387 3520528 
4413495 5580610 4761163 5803602 4092932 4693546 5193656 4399279 3890729 2387692 
3447113 5040887 4808678 4515839 4607481 4261958 5777573 4391836 3872079 2915503 
3051597 5422051 5682489 4683755 5817089 4964545 5213427 5454317 3072739 2807705 
3118587 3686275 4581543 5119535 4158051 4717822 5521669 4774886 3869550 2531976 
2561574 4573211 5635450 5038217 5055060 5020122 5543731 5387788 3436760 3292968 
2967559 3683734 4888402 4884167 5165691 5030983 4622660 5503671 3285816 2539708 
3788573 5120059 5052120 5627938 5727156 4503491 4943578 5002423 3710448 2534604 
2550165 4577766 6594589 5159504 6752219 5964894 4956427 4838582 3334017 2644219 
3595261 5385527 6802270 5431376 5565400 5706100 4097341 5152470 3964730 2046590 
3080732 5271811 5990608 6429250 6218428 6775781 5483199 4479539 3754461 2166391 
4792795 5656307 6469408 6672965 6713083 5992953 5584466 4469052 3736955 2581328 
3806272 5079941 6107650 7108222 6244879 5612167 5989197 4970504 3518657 2054947 
4144484 5436275 6157961 6266328 5626652 6083540 5829534 4266437 3299690 2948873 
3983832 5345673 5698729 6598325 6017091 5349388 5412264 5322514 3418715 2912217 
4304423 5419787 6245043 5995091 6038877 4681455 5684806 6046594 3877545 2873221 
4007181 5368020 5270041 6616655 4744550 5660937 5027188 5200700 4300907 3826712 
3370677 5547301 6342430 5183611 5887183 4986675 5372981 5629266 4263387 3628920 
3971231 4608267 6424367 5810872 5446882 4369561 5624130 5783572 4526451 3430529 
3137164 5951175 5442326 6516382 5732336 4571950 5295279 5817223 4294585 3586295 
3363001 5159261 5275066 5712722 6044772 4588343 5002053 5995144 4441328 3866436 
3835049 5716418 6066541 5464094 6657998 5281411 5821846 5153270 4389617 3008491 
3528914 5503750 6360754 5511932 6385173 6261503 4879505 6320505 3479383 2957232 
3610003 5624254 6012657 5795060 5579958 5925230 5491238 5931686 4757391 2815389 
3957729 4957993 6657245 5549234 5002048 6491168 4897165 5122428 4829626 2709290 
3572371 4119339 5431765 5323068 4602048 5737650 4674000 4937510 3920038 2825554 
3984586 4662464 5266735 5367981 4822440 5040928 5567069 4826794 4058387 2188773 
2981904 3875149 4446731 4427284 4584191 3988600 4096881 4467215 3539286 2461039 
4207270 5131174 5567305 4979363 5122154 5105947 4671298 4919342 3133260 3003134 
2924715 5016131 5263537 4551030 5599455 4434299 3545389 4095542 3287971 1952077 
4243783 5588400 6261503 5316450 5485323 4785957 4406668 4643119 3876331 2597599 
3238368 4951421 5759103 5851761 5774076 5186634 3672880 5179142 3239767 2320506 
3398224 4787984 5646887 5672490 5465779 5682688 5034134 4666617 4013209 2351513 
3548531 5008604 5683981 5629131 5746015 5125767 4822946 4027403 3514513 2103284 
4463571 4109876 5597554 5705311 4786305 5740625 5573889 4757276 3684579 2399644 
4338164 5652932 5810370 6282671 5560280 4818072 5759931 4951018 3114054 2975983 
4264740 5936008 6404862 5182685 5627963 5063315 5117612 4999490 3756682 2400415 
4239873 5717996 6046733 5846932 5470284 5535629 5396170 4967471 3290753 2767201 
3803377 4560030 6110003 5833632 4772622 5500456 5291682 5677154 3764503 3154307 
3561802 4533202 5513338 6061320 5511243 6187744 6504014 5905812 5058323 2802014 
3005028 4252413 5439258 4286659 4853093 4680074 5624424 5418572 4500839 4217355 
3336254 4489367 5388735 6438497 5197412 6008009 5829602 5658584 5044643 3111314 
2851417 4522393 5197011 5238591 4884762 4822976 5660836 5519411 4463843 3833419 
3673793 4325284 6289375 5808705 6470673 7478331 6354536 6478135 3997202 3576696 
2873783 4664280 4428439 5045997 4278508 4913847 6361971 5371353 5197104 3614113 
3719144 4399299 6870320 5368361 5924543 6271155 6305209 7585494 5199841 3879465 
3645418 4547485 5633328 5384019 4436065 5179362 5489211 5924833 5231615 4098350 
3416286 5115018 5569848 6384820 4981034 5407218 6532148 6364142 4725441 4209174 
4110195 3872163 6458072 6494337 4430413 5113934 5317487 4682233 3808808 3041810 
2772815 4685323 4950337 5137235 6110960 4369100 5877340 4875657 3798069 3499897 
3348659 4804495 4944027 6821036 6046296 5134945 5887164 4576791 3050407 2763641 
3345512 4356245 4932676 4643130 5215819 4577923 5678961 5363000 3572613 3069564 
3057568 4778293 5225615 5494275 5117996 5011365 5112276 5467011 3482328 2712183 
3455557 4491731 5038544 5095716 5564066 4845442 4666787 5842896 4448926 2451007 
3596486 4723671 5177412 5102533 5122021 5102909 5008285 4991609 4474399 2802979 
3017928 4699208 5212850 4218150 4383537 5544320 4589618 4918786 4034784 2806283 
3691293 4604675 5076072 4399809 4566908 4267354 4676436 4595122 3579340 2118371 
2774412 4333953 4344760 4631831 4642280 4502366 4420438 5021276 3039697 2514783 
3453517 4286132 5257113 5235783 5321031 5102820 3916349 4794412 3482338 2148499 
2183232 3372711 4680949 4608591 4953357 5030328 5129101 3801407 3242033 2237439 
2723340 5063546 4820580 4863827 4778481 5446407 5256144 5720923 3917025 2796616 
3034612 3371254 5013865 4679538 4766201 5271634 4875435 4462690 4121157 3164164 
4031392 4953590 5727109 6252127 4565184 5403418 5964343 5582436 4653289 3492198 
3791342 4427429 5711448 6089927 5354601 4972681 5230153 5769334 3550007 2627964 
4406404 5344875 6118048 6456833 5661086 5057580 5660168 5468381 4001128 3710607 
3404177 4939668 4690811 6809017 6375301 5595467 5769811 5027801 4452411 2508082 
3185204 5155324 4646094 5412016 5733113 5315677 4545681 5534008 3611123 2579942 
3391228 3277265 5202891 4465510 6060753 5260432 5680983 5849437 3294669 2544728 
3245935 4429246 3942098 4517578 4067279 4345847 3893526 5112634 3831232 2200114 
2963072 4811877 4412594 4750690 5414429 4777930 5055639 5182808 4508246 2359287 
4023174 4048952 5111837 5057403 4210632 5213728 3655862 4714185 3864334 2602980 
2914501 4944172 5327030 5639832 5706269 5234269 5297829 4558154 3575744 2672689 
3393289 4947350 5303291 5662646 6508041 5324748 5268801 4449085 3624577 2076434 
3056681 4796624 5216461 5948340 6074076 6260811 5096776 5717544 3452184 2569190 
3306339 3620575 6125292 5718704 5786328 5698448 5401149 4694705 2895918 2522036 
2219158 4888439 5040534 5440081 5868932 5496692 5249655 4693738 3271645 1812971 
3424768 4526889 5143143 5447715 5786132 5405517 4210848 5522074 3579548 1942587 
2713028 3242431 4512897 5329598 5936577 5145276 4815124 4550958 2969215 2649358 
3002801 4221686 5022670 5338113 5883445 4900877 4817309 4682151 3518698 2040046 
3074342 4462480 4352722 4770129 5895321 4879300 5176985 5033534 3444840 2068617 
3763630 4864711 5461000 4918431 4608929 4532892 4382594 4843126 3539327 3156194 
3217501 5143496 4655504 5090633 5054397 3687309 4319411 5193035 4101554 2490785 
3567260 4564023 4861258 4563177 5082100 4256399 4106632 5146661 3570199 2692006 
3640381 4627391 5500265 4702649 5393297 4626678 5035284 4666668 3921564 3174844 
3076407 4193299 4717589 5089653 4646745 5314498 5215404 5411742 3444230 2931476 
3155483 5283963 5531951 5123532 4935635 5682504 5880048 5367951 4240909 2479923 
3917347 4013488 5484828 5796269 5939457 5585389 6246260 5844333 4109456 2874810 
3777989 5034529 5773423 6352580 5745683 6125542 5823492 5057632 4371006 3018977 
3338369 4994395 6342820 6149609 6530697 6052077 6663171 4555339 3639728 2560032 
3183197 4770418 5460634 6217800 5811771 5519550 6270526 5296180 3510674 2858794 
3743600 4217866 6352106 6359038 6460704 5565341 5303083 5360461 3070701 2650760 
2805067 4028195 5241900 5978839 5734188 5392797 5378310 5085153 3737670 2913399 
2710193 3964459 4852331 5918343 4818851 5348881 5642230 4511851 3799551 3073794 
3020790 3667384 3890448 5467300 4917678 4994263 4956941 4903593 3908483 2269125 
2202835 3063798 5037120 4648935 5351594 4718883 5035247 4969606 3394188 2590659 
2904932 3696172 4517424 5137219 5202113 5836124 5734625 5907674 3365931 2618552 
2471438 3875197 4525324 5001306 5107720 4608390 4810282 4565467 3685640 2361600 
2923458 3111642 5796735 5036021 5415162 6160191 5193731 5551891 4352260 2234114 
3176920 3950525 4318483 5069278 4961682 5022152 4446061 5293053 3408159 2553808 
2450185 3345834 5249444 4441069 5646125 6062687 5459234 4770887 4419877 2421148 
3762129 4641748 4402152 4509068 4551012 5688910 4640042 4487512 3824494 2027962 
2169618 3441189 4377118 4105725 4635339 5359774 5140478 4864022 3713548 2709192 
2905651 4196296 4226231 5060970 4525481 5095617 5275326 4685063 3819206 2348287 
1813035 4569919 4102505 4237793 4905017 4038351 5567539 5474480 3988083 3648515 
3202197 4785264 5769288 5180929 5574870 5364480 4954478 5547387 4040344 2530527 
2591819 4422581 4729920 4717293 5298906 4932855 5223672 5548692 4052768 3102712 
3330315 4824563 6636223 5869594 6327659 5619388 5668894 5223842 3499536 3111997 
3454577 4206928 4860781 5332350 4572741 5366699 5275788 4660638 3557537 2314804 
3698238 5208740 6295519 6748635 6198037 5319064 4869450 5362550 3061752 2409817 
3234300 3879783 5325971 4170542 4999970 4343025 4822793 4718650 3421797 2672503 
3866136 5389760 5538780 6992527 5736024 5785285 5154646 4342754 3864332 2337131 
3785358 4614051 5177194 4976828 5585356 5307147 4980887 5862464 3954969 2920212 
4182169 5432643 5724329 5950104 6179887 5500271 5330353 5128524 3708418 2476169 
3566368 6259332 5778532 5361305 5389328 4538040 5686091 4929885 4082856 2775109 
4178443 5437697 6361642 6519528 5472426 5801905 3767898 4985110 3412899 2514848 
3571422 5087791 6862777 5381999 6240617 5072527 5254166 4602317 3983435 2582061 
3969550 4324969 6013033 6620529 5501757 5334746 5006958 4606587 2078432 2360085 
3426133 4600541 5570519 6587354 5966375 6084245 5015644 5151537 3224338 1632213 
3497033 3468783 5323795 5086603 6360294 5538025 5811339 5193965 4058703 2582981 
3123368 4328518 4442303 6298951 6430548 6415987 6127186 6035715 4375997 2773752 
3026812 3540015 4720028 4835868 5382622 5281833 5608906 5329393 3982140 2541893 
3620825 4081465 4927187 6042151 5599751 5911807 6461819 5893600 5037496 2846714 
2810611 4056292 4276630 4466034 5057916 4953942 5263441 5780495 4417059 2865018 
4052023 3788543 4960912 5725262 4940914 5972572 6290324 5652448 4510561 3572252 
3169388 4533588 4656182 4969897 4451146 4655309 4815197 4740709 4103927 2607199 
3303454 3976880 5749082 5774199 5120759 5352865 5335858 5844060 4303588 3334201 
3118366 4392297 4946771 6192493 4797181 5086175 5872156 4669890 3561473 3565024 
3747558 5213228 5383875 6508925 6006873 5642802 6257333 5180048 4008646 3002310 
3142867 3799690 5639645 5520025 6189007 5087256 5179152 5095043 3543051 2333624 
3157517 4392555 5039153 5668977 5258506 5841371 5377430 5275158 3753151 3097542 
2349314 3485111 4641616 4370297 5839804 4338126 4791326 4914389 3206380 2375370 
3360629 3935644 3938017 4607349 5114195 4800848 4234910 5085447 3348705 2284286 
2862472 4208773 3419809 3319752 4633208 4605331 4330694 5446666 4287777 2180534 
2391677 3852961 3877241 3041988 4446396 4366843 4090148 5188962 3918111 2409484 
3407030 4825672 4590294 4562167 4865627 4987075 4478623 4983185 4137377 2397565 
2758288 3761047 4313428 3919721 4770341 4345023 5036793 3751713 3565084 2158845 
3762552 4803339 5607236 4465046 4393676 6170203 4788112 3956759 3693968 2234768 
3124759 4915270 5566540 4212172 3985765 4656208 4412847 4086499 3433219 2275150 
3677670 4335226 6184860 5447646 4502752 5514751 5686547 5144530 3417351 3045687 
3104103 4056048 5121574 5196928 3653447 4338610 4001829 4744886 3576338 2476407 
3390427 3652560 5235425 5129037 4618479 5464587 5683212 5428784 4560425 2835605 
2940909 3223594 4788405 4236636 4892583 4379428 4708883 5234055 3638031 3188560 
3400155 3673296 4133537 6205103 4739360 5634728 4917244 5820725 5133670 2974761 
3143450 3715685 4679708 5175104 5019399 5187588 5607797 4915973 4088654 2847189 
3971042 4229425 5438467 5169560 5356304 5705244 5129524 5626989 3954937 2983711 
3443848 4821063 5181928 5971559 5964459 6407271 5850789 6050782 5290543 2866691 
3652670 5061770 5722214 6635210 5790398 6153761 5891935 5278412 4089083 3184236 
3525101 5518752 6557572 5833316 6085508 6113465 6225988 5367558 4137516 3632590 
3107833 4610772 5569543 6115712 5072670 5302411 4620868 4301677 3427977 2764519 
3986351 4561403 5442491 6232546 5162609 4021889 5134495 4502883 2952297 2554873 
3414514 3103218 4749983 4991580 4731666 4006086 4490588 5173938 2786855 2754412 
3509564 4253945 4259149 5211752 4448334 3982694 3662409 3915151 3612613 2014585 
2228300 4003061 3624544 4690735 5127192 4382246 5316731 4564859 4172483 3060957 
2454191 3935855 4846421 5372103 4741314 5272914 4267927 5049989 2526235 2662298 
2128886 4457404 4537110 5078112 5566810 4414587 5774053 5777956 4145667 2657231 
3463138 3454501 5143775 4870875 5722604 4635991 5283290 5117062 4259736 3365340 
2627651 4273666 3688810 4606755 3908650 4709060 5212737 5891026 4114274 3955949 
3523055 4058222 5723878 5268815 4428607 4309955 5473455 5461405 4237997 3563444 
3252119 4677805 3632025 4898432 5099360 4007671 5357564 5772400 4625735 3585455 
3109037 3766763 5102116 5346622 4528984 4422222 5176305 5912620 4641276 4083833 
3426536 3928835 4108168 5724751 4793108 5593694 5622410 6363200 4661596 3190276 
2625918 3512226 4743773 4569098 5888036 4930480 6189879 5670172 5038645 3611459 
2918032 3916334 3898451 4824872 5788348 6830951 6290260 7235641 5621369 3660563 
2304504 3721334 4297571 5463104 5685806 6256416 6447709 6270328 5026050 3800256 
2816112 4120171 5101989 4960320 6529325 6716972 6218984 7310716 5224133 3440971 
2793837 5388958 5854472 6461698 5843790 7220521 6122312 5723902 4893365 2748923 
3613265 5255511 6100497 5902979 5692720 6182431 5923649 5689671 4511045 3517579 
3318883 5543750 7328017 5994283 6691603 6820296 5763182 4962565 4759314 2882980 
3427487 4797726 5689015 5562509 4378337 5302377 4872505 4428448 3606872 2967255 
3587247 5507561 6070831 6669715 5712087 6500283 5113152 5645007 3738605 2754100 
3683950 4044416 4855234 3970464 3892994 4587910 5326449 4636508 4483394 3059521 
3513442 4536706 5648407 5619832 4872524 6297355 6052345 5758770 4694082 3680326 
2817935 3393504 4617292 4194946 3889852 4745530 4936813 5191708 3963234 3151816 
3928770 4034589 5443052 5266130 5392683 4654889 5991834 6093508 4127134 3679849 
2868659 3607465 4635333 5166711 4354828 4271452 4454266 4729520 3308516 2987189 
3436181 3812187 5895041 5075854 4536367 5523602 4745699 4829065 3845187 2697334 
2349800 3624158 5284283 5108344 5678825 4759563 5329063 3997989 3297293 2452503 
3393650 3860283 4819744 5313838 5181271 5426667 5733260 5135736 3863887 2616154 
2683963 3971053 5252236 5418481 5033902 5425260 5598687 4033853 3570374 2791364 
2692965 4351905 4694491 4496797 4781993 4682797 5796158 4913341 4039841 2687367 
2348777 3481378 4371599 5417976 4055439 4591722 5252440 5106215 3402106 2725049 
2093507 3635766 3702125 3776336 4929537 4493791 4522767 6095686 4024808 3129761 
2027757 2998448 3959202 4611283 4435424 4959481 5413460 4725532 4401162 2921892 
2147489 3373562 3695500 3792695 4578923 5148940 4543672 5662896 4435326 3025971 
2032312 3201976 4596646 4019253 4832867 5952107 5357478 5640499 4688277 3453678 
2524424 4327251 3597211 4336638 5096040 4615442 5718216 5896814 4303273 3162165 
2920220 4079251 4377072 4738355 4983127 6183514 6710367 5597937 4675328 3456633 
2528215 3300997 5111962 4049875 4682625 5807671 5371257 5890876 3854431 3287130 
2436075 3908298 4701336 5090432 4765720 5540932 6072756 5036804 4696254 2397339 
2352506 3440385 3624758 4658263 4913201 4895792 5794564 6065943 3632296 3465266 
3689627 3836182 4928831 4985068 4859919 5278566 5741685 5681875 4642373 2826024 
2507319 3999850 4052609 4712259 4944345 4454745 5824535 5645217 4216812 2752381 
3671522 4733510 4482751 5920302 4637957 5316550 4786781 6060164 3501874 3131147 
4281010 4002765 4933535 4680469 5527084 3900150 6032250 5374878 4375949 2951229 
3443882 5803839 4386468 5355198 5375496 4918354 5205719 5581005 4110705 3372010 
3954091 5645484 5308932 5572301 5413981 5287529 5048242 6364064 4097010 3317184 
3291429 4598454 6078769 4416413 5125127 5156140 5193522 5267468 3974464 2870261 
2974562 5561705 6459108 5351526 6075036 5612877 5744420 6179364 4304721 3590394 
3782387 4781445 5821648 5544924 5222615 5533930 5371072 4754480 4719720 2569161 
4009165 5659333 5955289 6632963 6420418 6086615 5235066 6692270 4085684 3319300 
3438428 5785946 5594826 5447561 5654564 4641614 4916662 5103385 3847259 2644787 
3606023 6084963 6297041 5826392 5979616 5577176 5771176 5376657 4726052 3243929 
3074380 5163793 5789467 5471236 4732199 5409686 4412590 5397435 4097275 3461039 
3422143 4511381 5373148 5779262 5938604 5185112 6042368 5099357 4283927 3241112 
3863409 4177763 5507210 5480597 4746982 5401428 4315392 5370566 3701534 3410961 
3004385 3952206 5436831 5718443 5286931 5652474 5197358 4811866 3840444 2501524 
2850064 4549801 4830581 5454778 5027937 4870106 5219626 4524489 3592640 2372226 
3248881 3646670 5127428 6133524 4887389 5142458 4365866 5134912 2870521 2316455 
2976448 4258546 4607958 5120484 5995007 3873178 5245387 4798241 4067117 2067284 
3644705 5223866 4406421 5184362 5216953 5254300 4754753 4935810 3727752 2871162 
4083009 4142637 5677536 4960568 5686663 5924824 4777556 5676960 4342429 3433344 
3240639 5414118 6077633 5307932 6083583 5997052 6790894 6222538 5024998 3145579 
3554698 4574282 6272406 6150582 5207915 6984161 6285669 5574371 4515492 3635406 
3560041 4535560 5708944 5960270 6245915 6440520 6590560 6571417 4882047 3424369 
3530310 4279596 6398640 6419683 5415812 6148426 6315313 5413242 4645568 2456043 
3401296 5343280 5118927 5609827 5623193 6492770 6342894 6089706 4499048 3297549 
4014578 5467428 5727087 5993464 5320927 6007209 5732204 5763604 4571342 2840668 
4158999 4459786 6171479 5739878 5483329 5078360 7399369 5519807 4582547 3519667 
3427232 5506306 5761502 5690304 7033206 6170029 6400200 7112214 3958102 3549796 
2965929 4369741 3590251 4918493 4737670 5920633 5730694 6153523 4886194 3310455 
3418976 2927273 5825154 4494467 4879207 4876989 6123825 5907009 3961978 3661042 
2291782 3822513 4279166 3767524 4327177 4889327 3769823 6003753 3865624 2332402 
3169862 4857409 4536788 5433462 5572611 5140039 5126451 4880894 4488601 2814541 
3717600 4296857 5971627 5646439 5311583 5041336 4455916 5524224 3589029 2768957 
3139792 5133396 5981295 5648780 7093141 6421140 4490765 5035269 3936702 2212695 
2512581 4836422 5708586 5556256 6989482 5997772 5250007 5199159 3950239 3192081 
2678184 4703802 4975007 5614372 6068626 6042159 5660818 4895697 4292495 2413890 
1943792 3129437 5583438 5120454 5242657 5898213 5169207 4483796 3970719 2783454 
2200551 4447052 4676471 4774914 5263639 5378087 5358711 5206093 3764360 2912369 
2496894 3317385 5376167 4892950 5616801 4852028 5211602 4923852 3514825 2307937 
3059909 3424957 5175946 5319481 4257540 4901717 5204614 5281975 4261128 3321402 
2853091 4810158 5083403 5900719 5150868 5845561 4148313 5550008 3983210 2726546 
3362259 4013051 4473862 4988271 4700444 5286765 4867783 5187869 5007810 3354712 
2343784 4343832 5549389 5638543 4963819 4907560 5658561 5141358 4334418 3942689 
2041436 4136025 4451573 4610514 4329646 4649121 4495656 4722832 3828215 2711159 
2419582 3765508 4425120 4790288 5148482 4492809 4898279 5285578 3163952 3538276 
1960975 3204591 4720674 4754752 4291887 4711493 3616401 5133379 3338529 2288156 
2538884 3258612 4083004 3977246 4591374 3916861 5102156 4957604 3765647 3294394 
2466919 3933559 4301134 4338094 4553925 4916445 4616496 5002499 3871331 3235770 
3304006 3579680 4183646 4254713 5186433 4725194 5394743 5692966 4162771 2648553 
3325702 4451244 5009587 4521088 4156078 5066171 5824641 5928363 4684991 3790370 
3488954 4450659 5783229 5184244 4621360 5881104 5182831 4791189 4681447 2859302 
3931533 5188709 6193282 5221316 5426840 4766743 4743626 5702769 4174299 3145372 
3465565 4956761 6104428 5547366 5484646 5323658 5316440 4351102 3469986 2488924 
3605318 5275261 5653523 5471199 5466078 5485075 4476855 5411947 3511851 2186658 
2958206 5232707 6268496 5499925 6155950 4883274 4032847 4686060 2733797 1884390 
3915099 5527867 6251372 6346438 6560586 5913089 5592221 5021054 3789079 2467646 
3255378 4843978 5858917 6369009 6342219 5789474 5572481 5486655 3565390 2614186 
4242377 6133058 6604427 5919060 6686587 5978862 6208499 6182891 5175697 3201637 
3820772 5873408 5419453 6663303 6474231 6836520 6190947 6655690 5157827 3994975 
3886658 5880032 6202368 5779309 5995991 6448148 5946108 6558632 4904278 3782380 
3473711 5049276 5393116 5872421 6236005 5882506 6957725 5882260 5279150 3283400 
3104227 4657534 5098786 6159665 5808350 6225413 4978136 5646137 3730525 2758489 
3697219 4732766 4803379 5312098 6169674 6511544 5877761 5620136 4220334 3152157 
3106916 4785852 5413104 4907515 6517605 6089471 5883362 4880344 3865827 1669456 
4372143 4877388 5344458 5135763 4932503 6672899 5009230 6540874 4427845 2408565 
3343016 5385342 5830398 5443152 5911071 5604941 5706016 5269234 3579772 3049667 
4228567 4628202 6384423 5499090 5269738 6602896 5202803 5475906 5013586 2125204 
3496869 5590613 5062891 5218919 5786639 5429691 5536177 6299175 4704338 3479515 
4127847 4455610 5512312 4822862 5351828 4724618 5088080 5445317 4396774 3280297 
2900919 4901702 4378425 5477887 4146428 4319346 5430815 5879203 4985548 3789763 
3220009 3326243 5830135 4679970 5217188 5454436 4470679 5453910 4521194 3045178 
2553881 3265087 3862833 4578751 5031034 4358121 5479075 5504053 5052671 3926553 
3673550 4307306 4885713 5013929 4960773 4762388 4760700 5285648 3451434 2917181 
3753375 4184730 5418260 4526763 4351748 4761519 4757029 4644429 4069116 3024819 
4330360 6189194 5747294 6099688 5332168 4846151 5016208 4759310 3464430 2441900 
3854087 5158563 6355517 6393560 5546476 4799685 5092820 4479219 3445522 2893855 
4614229 5616855 6187769 6408627 5722942 5149052 4966651 4771104 3237522 2340601 
3589636 5281713 5738254 6487692 6120412 5027007 6224013 4935071 3541705 2273645 
3948309 5164547 5518421 4687468 5177465 4940408 4380679 5405228 3138344 2404863 
3476480 4961519 5460292 5203804 5192580 6204157 4329526 5452930 4155479 1836179 
3875096 4007171 4708940 3925313 4028226 4386011 3822253 3879686 3549070 1744863 
3250249 4643587 5644512 3706137 5272923 5232366 4533127 4909235 3254971 2802761 
3107151 3876670 4501517 3900190 3297567 4373630 4354136 3940952 3644665 2088560 
2700091 4470275 4100001 4054507 4871782 3688631 4269928 4190248 3775685 2725418 
3273122 3951453 5241302 3857673 4559551 4643559 3389910 5469956 2582061 2815085 
3235637 4645098 5390077 5856642 5016016 4303238 5129178 4982525 3131370 2403340 
3988304 4742294 6340849 4914064 6301659 4551279 4998594 4860443 4122098 2211493 
3980417 4629213 5566539 7410077 5470320 6389996 4866509 5037206 4239624 2321455 
4230971 4857423 5992457 6848242 5745469 5023567 5844306 4773514 3674101 3325621 
2927068 4712370 6127961 6022959 6635583 5712572 6016615 4827894 3548975 2625972 
2164239 4801375 4334606 6119962 4979262 4820392 5136367 3779771 2846739 2202236 
2077790 3392110 5086357 5224137 5579964 5374307 5413094 5425307 3318712 3180095 
2720709 4027335 5117841 5111463 5647451 5981800 5750362 4084027 3773715 2466780 
3681627 3554802 4931677 5337255 5359482 5908981 6088277 5682513 3788182 2870016 
3912505 4934992 5074079 6588923 6302761 5831088 6157722 5784787 3538517 2040351 
4519137 4638526 5818119 5610763 5169694 5450141 5505060 5000460 3859617 2919507 
4801748 5807788 5895503 6256180 6327497 5454078 4977992 4570970 3260850 2073299 
3913664 6220758 6039252 4470348 4695178 4363865 4368673 3880457 3101893 2610595 
4817899 5154943 6791017 6217429 3850231 4155204 5016367 4660689 3202578 2967498 
3996012 4070832 5272239 4537155 4493838 3191135 3596230 5032494 3492481 2524988 
3515338 5564564 5485288 6075724 5091796 4496585 5086534 4424228 4241114 3215211 
3902487 4396012 4489624 4726156 4990527 5131773 4651006 5791375 4366315 2972304 
3320456 5355126 5677914 5828405 6156597 5642425 5223617 5389478 3990541 2633271 
2604770 4503027 4781307 4785125 5473262 4128635 5777292 5540669 4107085 2707439 
3652417 5117094 5468624 6325281 5333330 5591198 4047679 5440226 3600568 2333183 
3044898 2951479 4613559 5539727 5073194 4631963 5359764 4690803 4241615 3270385 
2722904 3974613 4839607 5266242 5137494 5101689 4238258 4559617 3745285 2515394 
2356522 3825287 3931715 5309969 4709926 5457976 5186330 5899339 4325814 3581005 
2709036 4284237 4738568 5363545 5579782 5009501 6153213 5584273 4362475 3825256 
3155962 3549821 5264499 5667752 5917916 6170681 6076404 6993076 5585220 3483240 
2835754 4703335 4652421 6037853 6015588 6616175 6071638 5997731 4865430 3675621 
3287646 4641913 5947731 6160315 6206638 6807147 6585277 6156293 5024238 3449351 
3645925 5060222 5343700 6232644 5661011 5540338 6793768 5018464 3893743 3236905 
3818622 4469752 5877751 6748248 6027326 5883516 6114015 5730234 4308757 2747614 
4043894 4376036 5909493 5190550 4937272 5498977 5454170 4935633 3959934 3270190 
3555180 5674998 5701997 5073794 5547463 5274108 5351926 5892804 2962414 3352414 
4077584 4376254 5085957 5690809 3926375 4968844 5570892 4698809 4828336 2112604 
3983859 4875493 4881009 4572196 4809730 5339635 5207756 6079550 3784116 3625832 
2599347 4292225 4839036 4221371 5726319 4646535 4728051 5310562 4258011 3178681 
2876016 5100173 4559688 4910084 5506734 4264111 5209941 5066645 4543204 2653243 
2490131 3893215 4556829 4776241 4863929 4987942 4150111 4673788 3242872 2902172 
2963859 3603081 5832155 4295828 5140898 4359446 3653206 5221359 3454004 2723470 
2894564 3907241 3475596 4988878 4358190 4588567 4489375 4323286 4108578 1817137 
3471092 4249804 5462044 4702362 4883085 4397036 4552471 4313242 3968197 3158359 
3473421 4252683 4588194 4875096 4300120 5925563 4754900 5440695 4177305 2125298 
3247742 5376379 5726512 5382020 5148252 4929952 5624464 5495295 4855710 3729726 
3696386 4123077 4922854 4960843 4734441 5673230 5979604 5204035 4872412 3753362 
2688673 4435204 4717679 4448260 4747599 5478068 5505101 5675965 5072606 3439059 
2506727 4124251 5228966 4268515 5131873 5683967 5642498 6750093 4699164 3645046 
2734448 4012857 3981479 4198208 4619212 4668768 5912596 5549047 4226842 3786583 
2089483 3238757 4262825 5187049 4834568 5530692 5151523 5555842 4415859 2531765 
3741996 4102566 4789848 4447853 5514378 4225689 4485666 5058039 4040852 2500672 
2367029 3872667 4254880 4759430 5109143 5293351 4139545 4898717 4195874 2690095 
3726471 5428436 5716497 5142739 5431445 4794428 4916912 4600344 3687955 2223274 
2651095 3887465 4750567 4676498 4777131 4803144 4068948 5414623 3622118 3013346 
3471340 4972077 5025949 5622558 5541163 5581016 5147759 4499582 4033267 2040849 
2630005 4614077 5211062 4167112 5403493 4478922 5187203 5036622 3271393 3244257 
3367165 5140892 5431981 5773127 6049494 5485540 5073682 6036714 3470161 2336244 
2765203 4117919 5433143 5007353 5380284 5232706 4388677 5261498 3137234 2389268 
3342401 5194803 5265324 5489318 6694974 5563747 5859380 4693322 4142173 2773906 
3333383 4005795 5424697 5268844 5482585 5372611 4619985 4402437 3590244 2046366 
3899359 5382719 6004981 6101183 5917619 6664084 5706859 6624993 4155796 3137285 
2941988 5738685 6402000 5097692 6655658 5626341 5479459 4840470 3995146 2405578 
4931273 5337447 6281616 6590650 5502852 5790684 5999533 6109429 4699693 3161542 
3775096 5153308 6058802 5629818 5861105 6104684 4938727 6035624 4332636 2329710 
4575389 5139908 6200030 6131154 6312257 6088280 7051274 6202025 5176322 3720333 
3235013 4187730 4932880 4580718 5411674 5970104 5898213 6345908 4609696 3661987 
3285693 4224582 5856034 4759561 5878573 6168211 6093694 6498710 4359310 3113797 
2772007 4031301 4156792 5273440 4403854 4558083 6239344 6213338 4365375 4056816 
3476837 4074282 6690955 5902881 5630710 6254818 6206544 6191770 5266822 3256145 
3318240 3719387 4884705 6062678 5289844 5312018 5553904 6594349 4666196 3859677 
2733614 5770862 5357569 5910668 6107662 4837000 6604984 5332923 4878976 3843552 
4163649 4064191 5450188 5555404 5296511 5402414 6207027 6003770 4564232 3612429 
3380256 4442670 5735151 5807434 5339751 5210236 5682430 6068444 3647608 3430184 
4044006 3427239 5586526 5579770 4537861 4027363 5838841 5418872 3731829 3311816 
3749652 4414252 4169385 6232769 5218891 5387255 4736940 5210180 3798771 2574994 
4314490 4084914 5471351 5924158 4969392 4676682 4827839 4367682 3864466 2620956 
3608042 4697592 5681555 6590504 6252559 5729520 6030049 4892426 3675443 2477486 
3718888 5607822 6227224 6647770 5796656 5775175 5228679 4803637 2961920 1944035 
3943545 5028841 6724967 6532266 6759161 5785618 6512567 4648420 3849901 2795620 
3733096 5201748 6021820 6110800 6242946 5992609 4999456 5201302 3177327 2106078 
3441337 5371739 6305463 5537551 5540894 5584979 4735614 5200122 3280071 2326641 
4255412 4764303 6519513 5404144 5797535 5492963 5294810 4886896 3507181 2256271 
3485669 5469111 4889946 6275001 5081852 4964284 4983356 6054726 3789067 2774942 
3841735 4673025 6219874 6231926 6199788 5797534 5472510 5415451 4382167 3228166 
2973429 5177823 6235475 5627629 6363114 5718556 6154976 4779817 4566353 3353583 
2965298 5085047 5697220 6593853 6703983 6556121 6297644 6971796 4169861 3947200 
3265487 4078447 5950918 5414457 5960844 6216129 6369461 5595551 4767033 3666128 
2587023 4671143 5291095 5169583 5497588 5673488 6264041 6209828 4985124 3956241 
2743011 4516548 5119889 4761174 6007303 5281957 5405599 6114089 4537963 3103246 
2380769 3227813 4888581 4535265 3840981 5052013 4910917 5636655 4377684 3312732 
2258754 4117472 4356989 4040252 4522764 4484096 5080632 6219262 4307953 2978100 
3221267 3159528 4322001 4711838 3573686 4363104 3647509 4551355 4544673 2562958 
3777968 4034954 4499607 5184175 4362535 4608288 4910575 4629036 4563095 3161845 
3330705 3965051 4265865 4851206 4441461 4558307 4179046 4661566 3985907 2671908 
4112074 5286990 4966521 5487615 5119365 4370688 5233655 4877497 3942705 3130598 
3344829 4890024 5035029 5185989 4700384 4846293 4380965 5537534 3954483 3107899 
3910478 5398524 5904675 6079074 5050254 5183182 5412633 5161487 4696627 3158474 
3712140 4892244 5325945 5385294 4809633 4423911 4772329 5693751 3983527 3788104 
4202232 5413375 6452330 6774883 5282096 5920536 5680603 4864660 4412451 2770049 
4283977 5872079 5824117 5966387 5705784 5332240 5194725 5760669 3547543 3170069 
3449155 4779545 5485743 5600641 5766355 6054378 5507958 5231292 4222611 2541833 
4432690 4865487 6220384 5676151 4517088 4813732 4631927 4477813 3593776 2310202 
3659098 4620130 5355464 6089044 4727730 5590435 5163492 4990135 3474405 1995346 
4364624 5679105 5457380 6172762 5738381 4846487 5087096 4879094 3705729 2950885 
3316141 4404496 4845732 4932327 6068041 4812039 5122640 5311597 3842911 2388277 
3634807 4486943 5959679 5429431 5517121 5761171 5560372 5188296 3640788 2436719 
2618723 3625503 5614431 4959769 5298569 5532824 4273432 4765568 2609169 2262922 
3883640 4188143 4888823 5749158 5480628 4946876 5272371 5237428 3151319 2411019 
2214403 2690828 4213028 5578820 4004028 5367955 4208976 2903986 3116130 1227035 
2537124 4719743 4391581 4523701 5147682 5100566 3916666 4457074 3190044 2272601 
2296434 3751132 3913508 4855487 5834724 4761920 4327354 4273155 3141067 1736680 
2812450 3857614 4383688 4021956 5605094 5152928 5258492 5314909 3716418 3023973 
2339909 3629705 4476729 4293727 4373821 5522718 4092780 4296633 3266041 2460334 
2583113 3362405 5095390 3331095 4335389 4370715 4479433 5114268 4264286 2903310 
2466720 4086370 5157086 4690332 4705138 4252516 4761433 4884711 3450979 3379498 
2212869 3401126 4318517 4323234 4442648 5009654 4592214 5547296 4475268 3363588 
2118528 3488543 4121074 3853119 4477719 4807285 4858193 4755125 4585583 2600760 
1586989 4077540 4557604 4055615 5288950 4967939 4951488 5561169 4042376 3521220 
3097924 4473031 4556092 4629419 4559674 5690139 4757333 5436235 4830931 2872733 
2463903 3750369 4722900 4628477 4794124 3868776 3700256 4814891 4070859 2761070 
3844997 6232618 5561245 4901392 4508103 4679113 3280040 4991369 3846734 2460622 
3220434 4185414 5585825 4394198 4542300 3528814 3742588 4161616 3424916 3005140 
3833354 4564760 4928840 5670386 4321773 4890349 3975209 4638187 4237117 2470746 
2260086 3257438 4360698 3625127 3626557 4244548 4099269 4861173 3593659 3475372 
2763763 3489894 4724512 3871777 4311181 3792573 4838106 5367553 3519600 3063854 
2305186 2936349 3922962 4557277 3484629 4642344 4907248 5352108 4925151 3671742 
2991505 2869119 4127452 4704362 3291034 3920187 4651838 4701207 4026345 3885177 
3686273 3491826 4724179 4738542 4909749 4829675 5806494 5047771 4638634 3347197 
4019279 4846968 4378723 5388945 4279828 5105934 4994066 5617321 4185638 3270148 
3612359 4638484 5111284 4442904 5123638 4589782 6090779 6106846 4085255 2746103 
3583416 5368865 4645669 4500604 4051933 4423334 5217259 5664333 4124213 3191823 
2643294 3782204 5436660 4862803 4659393 5027705 4543762 4831249 4548557 2407300 
3539791 3152123 4494355 4961090 4597190 4697131 5398556 5485082 4458210 3479461 
2751594 3393000 4505784 5453437 4919402 5273283 5068452 5119225 3627953 3611099 
4030004 4298711 4921266 5568422 5401349 5391246 6569339 5860471 4756519 3267122 
3530226 4896789 5842143 5427680 6262181 6295909 6223302 6931201 4302678 4044904 
3504512 5182369 5784330 6413236 6039189 6325800 7613745 6333362 5045006 3823710 
3543972 5534118 5679760 5499382 6635529 5934102 5981170 6771772 5074692 3339244 
3557674 5001507 6681791 5744517 5938907 6890558 5177776 5649395 4772824 2935879 
2308219 3891047 5562961 4810666 4846122 5101866 6175969 5373534 4148459 3483176 
3358810 4819787 6501206 6002062 5079357 5626222 5258355 5160028 4251551 2450552 
3277520 3363165 5364471 5938374 4665308 5355763 5953816 5353457 4527064 3768951 
4167765 3790412 5699361 6998795 5684321 5504515 6318410 5151454 3322578 3322801 
2800542 3058290 4520786 5545331 4956259 5407835 5538658 5486883 4061854 3309599 
2180003 4246483 4760573 6108643 6356613 5802794 6086101 5221659 3523273 3100815 
2097259 3505247 5537581 5505285 5486082 4910582 5958836 5804927 3901916 3446173 
2914297 4397898 5846539 6875977 7056838 5639464 5898472 6065287 4107771 2343657 
3872780 4880001 6539702 6537062 7329410 6709699 6012858 6654232 5062823 3268111 
3916920 5929700 6357105 5830606 6728742 6148491 5270359 5646885 4090973 2780156 
4818565 6712258 6125151 6992144 6793217 6086070 5681120 5118859 4698252 2323673 
4115911 5887488 6557643 6324488 5738729 4879862 4298579 4097504 2955544 1809351 
3626686 5605048 6109198 6111694 5999682 5741425 4380231 3924343 2761965 1886375 
2760470 5712118 4327821 5016532 5288604 5041979 4293444 3815125 3110463 1611424 
2919074 4297953 4908530 4639583 5053916 5212926 4187558 4917849 2631406 2194301 
3142087 4453632 4808778 5055340 3947578 4373021 4890604 4795622 3419031 2873005 
3212242 4646241 4282054 4377063 4745130 4145893 4042857 5078681 4297955 2750729 
3959939 5006273 4552596 4594921 3684534 4282804 3452538 5276407 4054166 3688201 
2887464 4849582 5175546 4488358 5238641 3999371 4165093 5407236 4227609 2982839 
2812060 4104156 4945870 4857524 4135292 4062428 4861952 5080241 4235926 3359697 
3232506 3959937 5433785 5511081 5124672 5446623 4498685 5415702 4011107 2831886 
3602781 3955840 4968961 4178466 4622982 5007718 4581843 4454179 4447410 2978773 
3896305 5261324 5390627 6004934 5712624 5909646 4864815 5019908 3183238 2376370 
3074632 4657922 4451938 5361542 4451710 4545192 5715970 4773543 3649561 2796150 
3811894 5536766 6149982 6387621 5805578 5944584 6619433 4911867 3802916 2646842 
3460884 3618133 5376952 4772163 4922439 4797489 5355535 5647125 3635552 2481374 
3865746 5377875 5544590 5486825 5449829 5309845 6005239 6042180 3520639 2683246 
3113468 3852097 4721778 4880145 4289197 5356690 4932096 4681902 4225166 3025781 
3992095 3509991 5073523 5273507 4504200 4922487 4889084 4968581 4340088 3198704 
2721928 3982093 4117967 3987035 4696026 4656796 4299271 4871408 3829231 2770106 
3729939 4393506 4430630 4918426 4098757 4610923 4977372 5452505 3942673 3407828 
4056796 4223285 5028884 4386081 4252656 4402868 4465870 6091338 4919509 2934999 
3052160 4003011 6079135 5061296 4988714 4897627 5562814 5759577 4670135 3856352 
3954566 5081114 4733227 5298793 4201224 4553922 4356361 5616117 4385290 2935541 
3412612 3792102 5375503 5439838 5611884 5513397 5372671 5649131 4458827 3139614 
3404168 4295512 4820962 5021804 3723842 4667210 5073621 5323186 4458513 4015506 
3600042 5223280 5504641 5757883 5254909 4956805 6020299 5159999 4421210 2961668 
3594290 4338616 5631562 4555588 4011248 4984472 5238986 5335689 4069758 3945896 
3645326 6052971 6758109 5707905 5424178 4643483 6039566 5431160 4068281 3748636 
3219309 4346940 5472147 5149942 5066087 4409539 5118114 5248223 3867037 3058360 
4043283 5305756 5902484 6984699 5182815 5350406 4426756 4787005 4038597 2973072 
2860866 3688621 5256808 4437972 6026396 5005609 4565320 4381483 3155113 2918408 
3461822 5017015 5013672 5572650 5513896 5309435 4813043 4477124 3886825 2607324 
2626904 3829107 4098453 5352005 4788582 5534749 5710371 4541976 4007123 2603022 
3487689 4951859 5425311 5022109 5298935 4901566 4251457 5936337 4300467 3589651 
2851594 4795790 5192269 4371527 5358728 5041587 5914318 5597774 4712612 3136442 
3756293 4876943 5687154 5644698 5058050 5985238 5435262 6291770 4454712 3441742 
3137978 3884013 5368224 5564075 5289644 5022301 5726025 5274665 5298871 2887402 
3249977 3751588 5246917 5614822 5706516 6356895 5585462 6212027 4460595 2754663 
2627814 4369708 4806798 6269393 5408723 6196428 5715045 4466553 3952014 2790524 
2962697 4182511 4936344 4493425 6427828 4969545 5416584 5433393 3339256 2155207 
2799610 4395517 5490190 5177231 5164718 6246435 4657760 4179544 3437370 1701545 
3482330 4341868 4898707 4771450 4256365 5210047 4499486 4666689 3692310 2530313 
3805986 4413492 4699796 4956889 4122970 5170878 4090931 4062052 3415084 2494670 
2947700 5002897 4460471 3822444 3469664 4070191 4277396 3876703 3786073 2704921 
4022778 4682741 4127326 4105445 3347938 3465036 4751121 5117238 3758890 3130792 
2781986 4580059 5421771 3408501 4143033 4097588 4290723 4827259 4200654 3908229 
3444956 5106590 4672047 3080925 3766180 3927337 4671817 5057400 4804515 3525861 
3227789 4364839 4936488 5354860 3355431 5410592 4324238 5117704 4358436 3224950 
3395978 4478905 5827176 3787990 4963074 4277323 4669633 5345064 4087440 2973317 
2233301 4653705 4985414 5516801 5511858 4736562 4938797 5156086 3778601 2132614 
3027391 5287488 5468186 4962994 4952220 5954604 4534501 4868030 4665807 2653582 
2629607 4658293 5877918 4581691 6157019 5796959 4959409 4802637 3381366 2795869 
3298722 4952032 5496373 5631481 4891189 5763241 5695240 5768379 4239357 3060185 
3007327 4290964 5426118 5853578 6123723 5648402 5799049 5447924 3927218 3249247 
2937650 3952963 4418347 5462847 5395268 5914442 5120021 6718552 4301205 3195622 
2894113 4805338 4810188 5545911 6312106 5895556 6311240 5128181 4352408 2549341 
2665262 3527643 5345629 4431288 5800716 5802623 5380802 6111109 3874806 3574464 
2187588 3741648 4772113 6502256 5884526 6719273 6353536 5333485 4208273 2426443 
2461515 3278612 4245912 5527728 5725771 4409927 5264972 4599076 3134334 2695834 
3433517 2684651 4984452 5628642 5797151 6604585 5737934 5961913 4045197 2208476 
3225200 4513907 4303964 4792758 4875297 5032568 4444054 3885260 3849669 2531674 
2744816 4447588 4400499 4318334 4762092 4809956 5549239 5758071 3605141 2671038 
4181836 5517376 5600415 5599997 4125457 3952591 4818494 4204065 3197560 2141708 
3562192 4126242 5646053 5533512 5602079 5443800 4963991 5205576 4204748 2826844 
3589720 5723192 6210358 5983952 5658951 5445973 4616779 5536960 3754180 3043817 
3485198 4753275 6045044 6252535 6147915 6258126 6290366 5418973 4215019 3102617 
3987806 5703131 6866264 6863212 6943064 6876039 6428083 6440063 4643916 3651078 
4147646 5329476 6252592 6452995 6609348 7010205 7062463 6780318 5261738 3802319 
4933532 5712595 6884192 6406288 6407452 6112910 5935104 6801199 5353571 3757200 
4793777 6214694 6998435 6203504 6553314 5819210 6593328 6547623 5521076 3974512 
4446121 6108137 5820626 5314273 5987303 5068274 5166760 6207701 4285890 3468913 
4866071 5932992 6617152 6156804 4959099 5699629 4977695 4965388 4874214 2441295 
3552321 4537705 6504932 4915588 5362949 5148019 4939500 5123584 3971294 2672708 
4116541 4810326 6207946 6614172 5281484 5688820 4551692 5592602 4204067 2304033 
3106054 4259242 4215191 5133938 5376262 5622289 6321093 4709557 4955298 3242518 
4055526 5107643 5123297 5888928 4791897 5921815 4973631 4801879 3682602 2683737 
3681224 4396776 4788154 4772460 4635583 5900257 5032995 6655030 4873077 3093631 
3729930 4807400 5860737 5554908 4508384 4392516 4985239 4636407 3619295 2745946 
3686572 5332172 5075119 4840809 5060556 4557073 4671694 5873014 4152954 3012569 
4615379 5756848 5275630 6364242 5017721 5415481 5021603 4629487 4453221 2435034 
4152095 5878714 5447537 5152601 6410833 4992761 5945739 6268038 3600249 3556925 
3277819 4345332 6163190 4625750 5476486 5601231 5477277 5571619 3975809 3446451 
3075083 4881779 4457841 5507984 5270403 4841264 5524471 4681788 5005317 2750080 
2821797 4189855 4860901 4976372 4575063 4956596 4425137 5338768 3475713 3690980 
3858724 4617917 4999194 4777701 3994246 5069474 4342990 4842133 3305650 2977359 
4285316 5434778 5762189 5283479 4594397 3596694 5332202 4026932 3777876 2248361 
4454020 5085417 5564395 4952904 4356498 4395658 4233773 5311804 3518265 2403346 
4304417 5044410 5237398 5669179 4509810 5187418 4963805 5053665 4030864 2971067 
3178157 4143463 4405070 4404908 3883876 4247925 5450650 5056089 4182307 2889237 
3301976 3333312 4615837 4764959 4660781 4203527 5665626 4137411 3593953 2362011 
3015362 3349355 3141520 5272633 5019911 4360610 4420384 5066246 2892164 2786361 
2135288 3352072 3887251 4780670 4720340 5175664 5351022 4027734 3401669 2239669 
3465438 4244104 4563600 5859550 4971816 4854279 5316148 4010749 2415969 2701958 
2283218 4451317 4557303 5552277 5659088 4852427 5417835 4674294 2844168 2092291 
3463639 4275802 5587332 5190990 5060632 4803738 5024787 5223231 3182177 2531506 
3135554 4931168 5462496 5882470 5875240 5725758 5193052 5723409 4505130 2502136 
4015875 4584644 5311135 5249750 5174459 4945601 4514432 4674009 3815348 2952774 
4178945 5034218 6184109 6630388 5394186 6165508 5847750 4849957 3682403 3016415 
3642339 4601539 5200625 6046405 5249782 5628849 5999325 5634134 4477351 2692756 
3938262 5375306 5899396 6239632 6787215 5410902 6501234 6906448 4404451 3985834 
3370733 4362498 5676679 5717958 5340074 5458817 5903987 6220092 4714914 3235147 
3380723 5421316 5457129 5986993 5199837 5058239 5116641 5885063 4759135 3093283 
3681954 4547069 5215971 5792351 5302571 5169841 4473686 5725985 4200888 2981671 
3966992 4839582 4869181 5178859 4824937 3749375 3871924 4188250 3716267 2367238 
3710505 4999911 5215589 5192753 5146885 3763708 3707639 4656093 2990754 2404046 
4033444 5799780 4986138 4904174 4346996 4096578 2653916 4491309 3119052 1758789 
4450134 5900819 4904702 5215250 3988886 4076987 3155908 4414213 3105338 2384257 
5058603 5478731 6674394 4679316 5222556 3913510 4436755 4590044 3117801 2549611 
4120911 5237060 5536069 4611496 3957451 4557687 3127154 3927272 3841312 2001741 
2980310 4831290 4811460 5184404 5239517 4751377 5474122 4398847 2935634 2991838 
2768825 3408339 4646793 3310094 3903459 4146981 3629849 3842605 2698350 2202808 
2155713 3609902 3710256 3631640 5135386 5446941 5603951 4891197 4506073 2018549 
2939260 3476253 4263859 3207928 3969571 3723658 3617292 4074279 2428070 2649711 
2118312 3788991 4333262 3140490 4495333 5370642 4638930 4948005 4499216 2286980 
3602329 4533093 4665806 4359081 3037055 4314913 4114585 3708575 3662208 2418514 
2472482 3732998 5253354 4574172 5091882 4726162 5299649 6057480 3849682 3619117 
3251516 3740969 5094358 5918445 3874603 5005890 5398015 5059867 4174277 2973064 
1953126 3670829 3416397 4896308 5462959 5078631 6378094 6147602 4762607 3608432 
3114002 3360382 4978113 4384249 6091025 4864328 5869198 6866676 4972080 4217809 
2125563 4376925 3343592 5428590 5197715 5921204 5927087 6294810 5090598 3455501 
2715614 3758282 4347762 4361792 6198673 5623033 5948052 6534224 4994424 3601925 
2601571 4174219 5298905 4809248 5546005 6635469 5537920 6548563 5175319 3110400 
2932305 4155958 5154868 6173961 5322211 6169286 6902645 5936775 4614958 3555323 
3589478 4602135 5193290 5644763 6251053 5654750 6306612 5879605 3760694 3298611 
3768097 3792930 4938531 6114056 5117588 5295393 5137621 4884079 3852165 2132388 
3567399 5521679 5600706 6050381 6253545 4649034 4833878 5753026 3553661 2481766 
4096712 5132204 5072925 5337636 5545417 4716511 4678249 4853204 2602241 2622790 
4900646 4642546 5459748 5540473 5014562 4263603 5670094 4356443 3576009 2409053 
4028958 4255566 5290677 4480739 4883156 4438541 4469470 5331261 3412435 2343822 
3685337 5613986 5368166 5274567 4852473 5052669 5016955 5743405 4349288 3033290 
3781019 4361120 4815254 4990589 4601864 4392267 4717094 5153839 4631693 3145412 
3480162 4165684 6091775 5410976 4788795 5850184 4847309 5351500 4481414 3169188 
3090075 4270398 5312127 4384094 4407895 3888489 5992231 4547210 4930536 2632282 
3560057 4217274 5156272 5796259 4634232 5493632 4040989 5991714 3851925 2995710 
3333665 3610542 4333632 3733999 3976223 4068675 3934913 4761562 3523634 2896986 
3603519 4098689 5513719 4477619 4700106 4987189 4540160 4418915 3867911 2215347 
3412457 4698770 4047356 5194068 4667662 5234464 4400432 5139080 4289255 3226934 
3564724 4276178 5386917 5197717 5384350 5758851 5380621 4454283 3572409 2428860 
3407549 5117408 5414774 5423924 5752146 5392674 5508436 5858212 3820711 2549369 
3584129 5677768 5172602 5980449 6046076 5830928 5903963 4558257 3755062 2158508 
3751927 5079124 6682230 5871392 6064358 6379847 5664854 5154051 4341023 2615610 
3864269 5009590 5616417 5295643 5761169 5282349 5499804 4758326 3050107 2479621 
3622527 5400593 5463789 5871466 6697544 6253913 6659260 5631285 3634408 2348736 
3487726 4723931 5049463 4860917 4937633 4968972 4439642 6453711 3813993 2777006 
3351602 3770149 4955227 5170463 5626523 6384262 6305596 5564916 4690286 3216081 
2699013 3554932 4047544 4716937 4652002 5211168 5061558 5373494 4767138 2845454 
3526671 4048642 4354088 5481892 4913489 4924253 6153982 6267656 4377473 3672199 
3012783 3846521 4233056 5018284 4443026 4817238 5626877 4983347 4643850 2818422 
3175263 4156924 5064449 5215299 5131587 4508797 5766380 6138848 4345827 3887714 
2433554 3805432 4472505 4587415 4316623 4968315 4992897 4844125 3968604 3102263 
2848079 3617555 4939524 5223871 5146594 4152334 5087736 4858070 4405846 3327990 
2850002 3563706 3929829 4379327 3377123 4995835 4394774 5182677 3740761 2721662 
3534965 4136531 5009739 4876740 3814769 4457619 4822916 4665177 3175631 3115612 
3181154 4965375 4917855 4608463 4487100 4997313 4926237 4951496 3981468 2777195 
3527340 4844666 5898239 5051171 3953574 4388531 4723225 3974039 3808020 2401017 
3276640 4770813 4684406 6183153 5505694 5233701 4222180 5589008 3377058 2864467 
3990708 5016774 6324089 5056122 5293533 4999103 4570312 3882822 3508033 2909315 
3093428 4606932 5397111 4892476 5545219 5489470 5020747 4565719 3323695 2580634 
2990444 5075282 5254052 5333440 4984422 4766860 4466473 4644657 4314782 2185999 
3274819 3675701 5485432 5525468 4535845 5228337 4466779 4010245 3438325 2294866 
3294149 4103514 4842746 5227217 4790377 4570534 4914140 4016991 3054210 2548389 
3483001 4093636 4034436 5256278 4618093 3925030 4280757 3982705 2575982 1243349 
3882262 4745095 4043120 4955513 4360442 4151771 4308419 4236205 2424738 2129637 
3747319 5276203 5119054 4813340 5818026 4562049 4483781 4873030 3058579 1897289 
3573172 4716799 5651947 5322911 5030194 5015438 4515730 4910915 3425222 2460052 
3474678 3820272 5339997 5815575 5803795 5656224 5795354 5846619 4204956 2635124 
3564646 3969131 4710885 5749982 6456982 5390564 6044619 4715822 4001043 2402929 
2507831 4155221 4722309 5390324 6738535 6032950 5431101 5907878 3000111 2778166 
2442222 4634321 4563621 5531494 5104058 5094715 5294794 4062852 3189886 1806475 
2269230 3039321 4659419 3726338 5157614 4542904 4572429 4182733 3264404 2557236 
3543665 4126623 4225501 4421126 3858686 4504424 3412489 3822849 3481964 2117956 
2815999 4535473 4720334 3895935 3949916 4484665 4400050 4021789 3624814 3088334 
3904374 4899482 4478407 4369165 3200923 3763994 4353142 3789871 3309340 2787300 
3036206 4664492 4584364 4235427 4338974 3798773 4434942 4351257 3398727 2625827 
3793149 5419888 6003215 4973473 5017896 4455535 4481107 5314479 3509963 2627572 
3370514 4843904 5269045 4491444 4885755 5197441 4313272 4950621 3994105 2086333 
3688782 4849283 5409676 5046663 5063396 5342539 5123608 4803741 4371644 3329385 
3711090 4029113 4834720 4164865 4529072 4748353 5185458 4624408 4260285 2446338 
3280750 3925720 4774742 4910945 3738890 4985791 5682704 5440883 4593058 3314144 
3220740 4506101 3960243 3300574 3896630 3069805 4378124 4892981 3877861 3041077 
3272578 4350311 3719861 4057963 3697874 3615123 3227115 5284660 4030782 2971132 
3384816 3725323 4290435 4171241 3993925 3725153 4036892 3724746 4099717 2303611 
2915051 4667311 4418229 4017185 4587245 5182010 4431361 4716257 3618519 3057893 
3439003 5358258 4611458 4747586 4497840 5438280 5207524 4472978 3594583 2647040 
4171994 4407653 5628625 5138184 5420163 5342718 5440858 5767802 4093646 2717051 
3413293 4983804 5622709 5204386 4534060 4826536 5613363 5342162 3306488 2922568 
3099610 4351935 4929466 4739357 5588907 4593669 6173393 5997371 4181619 3434351 
3043011 3754479 4868563 4523560 4406500 4837382 4210851 5195204 3839795 2384124 
2436243 2869156 4863450 3962660 4950922 4478588 4925271 5590813 4112390 2887421 
2547541 3765369 4683704 3934213 4362548 4587548 3925800 5051736 3207516 2778988 
3383640 3612982 4613019 4723515 4365807 4400105 5211983 4539714 4201459 2953483 
3987123 4495707 4459695 4665165 5210999 4292204 4836323 4670926 3573133 2672381 
3587068 4784604 4704481 4964071 4446996 4516815 5313334 5377938 3294193 3193732 
3838242 4266430 5503585 4465912 4900943 3678173 5035593 4679421 3231134 2412917 
2845176 4353982 4982902 5697997 4894331 4869227 5011533 4864332 3169209 2716251 
2148017 3693292 4438756 4782153 4239588 4538996 4021486 3311665 3618108 1729467 
3011518 3310440 4430146 5219169 4973246 5064792 4965433 4314029 3468530 2067470 
2571829 3318810 4291944 4183844 4324656 4468676 4306626 4923345 3200677 2550066 
2825937 4317519 4651954 4767051 5022166 5101358 5472556 4765083 4534785 2636778 
3615722 3856232 4744402 4093108 3998248 4996320 4618478 5061367 4588335 2836790 
3241760 4624746 4717307 4113892 4739324 5237818 4910415 6476473 4849013 3459222 
3754003 4346923 6172117 4867612 3868115 4317469 4518016 4249208 4208813 3158381 
3145355 5628690 4852481 5712068 5705952 5240761 4881961 5097744 3550764 2687743 
2583217 4061825 5009465 5007557 5460222 4456763 4762234 4767594 2750362 2339245 
3539304 4157449 4861046 5606460 6247124 5235485 5228916 5788541 2992206 2036615 
2379072 4280512 3820564 4056803 5131942 4970214 4621391 5639420 3525667 2494489 
3796139 4878425 5228259 5366113 5671843 5836590 5182527 5457550 3799649 2629594 
3513087 3757224 4832193 4406598 5189131 4715283 5517126 5395912 4794160 3530584 
2695609 5037693 6023981 6060680 5946858 5758346 4623740 5363998 3497149 2811748 
3252991 4755264 6259671 6068620 5679344 4848642 5112323 5401814 3905884 3151591 
3796193 4891961 6411069 6623603 6772324 5417762 4781154 4781802 3712700 2285141 
3204542 3791470 5805745 6556555 5609390 5703943 4350070 4531725 3704721 3173278 
2879826 4309043 5109019 6326623 6003312 5102151 5588103 4751557 3617197 2369803 
2037261 3620570 4972572 5132195 5676973 4298910 5024545 4586091 3349261 2486244 
2630627 3982898 4558430 5729127 5194286 5653447 4074074 5502780 3804498 2904491 
2307315 3174302 5047253 4074631 4847149 4748401 4482261 4383681 3553641 2312738 
3023490 4481403 6008411 4291007 4686027 5026192 5120077 5005574 3758555 3130993 
3987682 4681619 5402576 5260135 4839623 4524816 5055076 5172696 4263621 3002594 
3667658 5145597 6040520 5313531 3924192 4765374 4215485 5230904 4156371 3388519 
3976446 5946068 6019903 4449029 4848715 4470812 5269280 5483005 4167486 3322888 
3969013 5039551 5846830 4583258 4481384 4588323 3964325 4600640 4195805 3058615 
3696173 4474014 5652243 6143150 4264376 4788851 5079068 4584657 4507046 2939802 
3505465 4044130 5465141 5408858 4499030 3993753 4027013 3959776 2624309 2186401 
3842947 4314458 5449777 6472760 5626811 5502166 4363325 4757757 2827034 2071427 
3523253 4101315 5744347 6709467 5555449 4852099 4917383 4147522 3205015 2267742 
3022008 4711142 5013755 5337860 5863710 4799724 4228858 4420653 3138400 1992490 
3159003 4345718 5927004 5934838 6170069 4781790 4404315 4802332 3221892 2452342 
3690075 4353939 5680524 5219064 4699971 4884519 4281946 3599474 2607472 1732073 
2617145 4525827 5182838 5391989 5653409 5228780 4834792 4770364 3296902 2634473 
3020054 3320388 3968491 4564003 4819547 3856205 4442208 4502519 2333611 1698696 
2980043 3910516 4112901 5204692 4813568 4511686 4893130 5252002 3947994 2745369 
2371791 4385756 4249103 4656497 5202544 5500387 4096523 4429072 3627929 2335634 
3219763 3799249 4903855 5091064 4328835 4605015 5306173 5327637 4118701 3732445 
2894147 3795495 4668786 5489822 5181518 5289683 4910621 5450526 4372077 2628474 
3269299 4812514 5227172 5267393 5947587 5432473 5773260 5485633 4789719 3526838 
4055973 3963691 5038190 5440125 5498693 5752948 5327034 5809290 4190720 2968217 
3151404 4511844 5431315 4994309 4520255 6027664 5332513 5314388 5124836 2971273 
2800675 3738794 4297759 3853789 5308628 5031244 6074378 5681836 4013863 3231899 
3841767 4237269 4151889 5172329 4395687 5442706 5855204 5707147 4792741 2811717 
3430426 4225054 4930893 5342445 4405485 4900171 5386979 5831951 4077245 2791858 
3785329 4952780 5128740 4530957 5519400 4613213 5885077 6017977 4156415 3279018 
3459186 5466274 4708203 6010919 6037421 4577703 5800241 5552151 4172374 3605393 
3283593 4904452 5960129 5591000 6235054 6239755 5896843 6427292 4717083 3159399 
3423575 5012772 6637424 6090139 6410124 6705430 5418693 5804568 4240581 3293048 
2416434 5282871 4719913 5461157 6314477 6368092 5905591 7190254 5162899 4125791 
3711354 4696111 5762305 6135159 4995838 6220909 6062599 4767352 5562461 2791123 
3040009 4338460 5356043 4852049 5445892 5299135 5451612 6432198 4750522 3462580 
3351517 4723771 4656184 5248380 5158038 5873123 5296384 5706411 4658181 2951950 
3094709 3964198 4806015 3670978 4496395 5023533 6047309 4361282 4412897 3310636 
3465444 4335854 4972929 4248122 4151803 5815663 4571411 5108589 3284447 2478183 
2792131 4762571 4739746 5368274 4603295 4278573 5623035 4394818 3459990 2597002 
3920296 4368402 5341848 5143682 4403250 4551851 5440150 4646394 3727706 2754213 
3412678 5460936 5224334 4678198 4830218 4343839 4229838 4586314 3239930 2560281 
3380477 4612794 4785883 4906931 4023402 3663460 4487520 4468912 2835606 2603997 
3604114 5017655 4916824 4777793 4842764 4480247 4712051 5196160 3429695 2429528 
2659353 3991530 5681529 3667097 4965069 5496925 4536578 5528232 4313457 2761736 
3273232 4884717 5132610 4366941 4984361 5119161 4705455 6086996 4155866 3430674 
3276116 4949660 4817538 5436923 4043921 5285786 5223041 5140741 4855415 3486947 
4176309 4140573 6159484 3599992 5391312 5373981 5300415 5027926 5018609 2977484 
4076355 5532190 5611276 5045187 5421147 5301192 5299242 5413319 3880986 3602408 
3662320 5664568 5096775 5068261 4974212 5114675 5987036 4698058 3674525 2908933 
4431883 5348741 5961640 5492564 5724340 6278665 5446910 5267510 4253411 1856807 
2729214 5070760 5428633 4822981 4955553 5062163 5359036 5305980 3803506 2926511 
3502360 5197842 5184004 5373425 4822834 5554340 5891375 4784613 4025331 2618813 
2684369 3181682 4846690 4567092 4791443 5115329 4314003 5621095 4978878 2521430 
3042121 3563817 4739468 4622677 4822231 5372849 5794785 5261570 4579810 3661746 
1685837 3206364 3665201 3882670 4905152 5488791 4910450 6114640 4498661 3751763 
2568242 3985715 4648717 3968750 4807767 5638808 4798267 5451613 4646806 2742171 
2079031 3725451 4946315 3834503 5187101 5929011 5158033 5360894 4645961 3128465 
2941698 4300035 5484982 5268427 5105658 5430798 4610772 5250236 3661451 3106425 
2051112 4229597 5321240 5627720 5993568 5871086 5812169 4923740 3810338 2756329 
2867076 5124093 5244608 5188573 5535509 4945271 5154040 4450965 4162766 2557056 
3110979 4155186 5927794 6153541 6045351 6392213 5559138 6080431 4561534 3793477 
1930888 4536086 5012398 4860602 6278832 5396135 5877568 5771610 4638892 3731511 
3049568 4073536 5552670 5979257 5366743 7111853 6638238 6289694 5614508 3939682 
2174229 4053635 4081962 5488997 4738576 5375950 6608958 5485729 4783574 3751944 
3157240 3683227 5671654 4458397 4847861 5439001 5726128 5761709 4583518 4019619 
2568492 3545938 3475777 4818783 4060062 4591113 6033313 5465597 4569178 3361736 
3428971 3537869 4321466 4072434 4533244 4291215 4516293 5256191 3898654 3012078 
3256276 3779182 3465199 3294318 3352154 4395699 4444799 4613775 4343809 2502424 
4106582 3880890 4903764 4284137 2998444 4407233 5466646 5262345 3661665 2706754 
3615638 4234973 4975403 4717607 4375786 4503341 5058726 5754843 4486360 2984966 
3761422 4701999 5732411 5314092 4546618 4961828 4840611 4141117 4691480 2582400 
4211796 4717431 5750248 6135983 4129918 5480317 5371819 5617593 3902089 3506968 
3940439 4705559 6130928 5727494 4579370 4693943 5514038 4681100 3632021 3001271 
3761245 5804955 6470570 5784311 4938395 4639407 5017677 5120901 4156704 3001206 
4011095 5221339 4954699 6300635 4640142 4779317 4390672 4459816 3087702 2187693 
3651448 5120143 6287411 5051054 5550404 4853933 4376901 3928563 2972653 2749806 
3223335 4808480 5703548 5811324 5359115 5883079 5080707 4742742 3594272 2379371 
2414229 4381129 4786570 6010516 6110946 5510196 5632948 4844207 3908177 2919364 
2726772 4288068 5700264 5237395 5892642 6990146 6440009 5342399 4038453 3651849 
2328087 3425422 4307376 4687851 4945952 6300025 5778106 6233544 4934325 2777768 
2895843 4378145 4193351 4512178 5366433 6101913 6152248 6436525 4996477 3728917 
2722659 3500406 4059134 3902720 4935502 4823471 5905528 6620836 4538293 4111886 
2566430 3771772 3911084 4155875 4515861 5277791 5867809 5179590 4888521 2752018 
2266713 3547151 4917837 4010559 4347067 5301791 4458456 6392316 4193595 3488054 
2312176 3375749 4253700 4059674 5565277 4554854 4725819 5943924 3994767 3022094 
2655238 3095078 4826906 4329575 5361005 5339812 5934147 4545270 4473552 2883690 
2643815 3524038 4540095 4395250 4094674 5245804 3882796 4684980 3337707 1998168 
2858146 3354284 3769083 4279639 4192378 4066660 5025564 4947187 3289797 2614195 
2856423 4248330 5068109 4208248 3828934 3686484 4394109 3879011 3430898 2519951 
3373734 3864436 4812066 5313266 4200753 4288741 4443102 5279652 3806900 2865096 
3173414 4469770 5393880 5278236 5170136 4945739 4182332 4697465 3804677 2602507 
3373934 4652257 4968488 5823000 5792705 4655004 4921358 5564645 3562181 3078454 
2948557 4355300 4867913 5524092 4824063 5244550 4608403 4815002 4405289 2299095 
3724241 4132492 5809203 5683424 5900142 5244707 4591003 4428562 4079728 2555213 
2946623 4586716 4428625 4236824 5811730 4558215 4728744 4877875 3692025 2582046 
3723152 4118871 5660174 5099721 4421193 5318640 4417501 4616700 2997990 2468589 
3274773 4885702 4680328 5069534 4906765 4786755 5122206 5266199 3473986 2711442 
3144200 4099824 5006103 5246550 5681000 5080669 5144171 5308465 4617802 2633611 
2962907 4628595 4636123 5139102 4908428 5575702 5157311 6120831 4954473 3852702 
3356379 4854956 4568059 4803510 4432413 4628198 5037667 4927272 3463014 3426262 
2997358 4039790 4260614 4532402 4314148 4028611 5569522 5479550 5300099 3392651 
3583462 4911698 4386804 3178795 4912946 4248112 5011582 5321059 4288265 3637352 
2063999 3080850 2956949 3786611 3336177 4852653 4854885 6649312 4923001 4115329 
4023542 4855731 5410029 4007560 4439024 4191534 5490250 5256471 4182651 2736077 
2683424 3492696 4558264 3535952 4789850 5319045 5902026 6411918 5221614 3930770 
4092764 5033006 5420466 5197176 4602814 5238629 5961331 5001432 4668576 2754377 
3474224 4671740 4285777 4362960 4254417 5833467 5940624 5827652 4133807 3569803 
4023861 4854600 6161492 4660100 5558304 4983809 6534870 5506797 3950169 2965204 
3558221 4219321 5609949 4485015 4317510 5126378 6305901 5821842 4686784 3346064 
3386369 4161195 4593714 5753759 4791459 5585047 6279120 6049475 4272529 3772133 
3692512 4603789 5969841 6182418 4955506 5989021 6275531 6471037 4857248 3702483 
2878874 4678325 5946624 6646706 5726199 6564631 6342376 5994265 5435321 3756841 
3101183 5436858 5980223 6730568 6647348 6210212 6731274 6114841 5283523 3961079 
2044190 4637909 5610163 5464908 6169879 6181206 5644617 5804457 4718389 3988621 
2923693 4425050 5594656 4941974 6580317 6319564 5792453 5669566 4433559 3051354 
2124815 3940103 4731544 4541039 4747957 5572962 5416381 5594113 3951133 3513257 
2559521 3774027 5063798 4086469 4355314 6187735 5480549 5606463 3937898 2953258 
2842628 3590520 4388181 3960491 4073836 3780678 4613212 5363104 4432685 2851647 
2405518 3527240 4604993 4950036 3974369 4487564 4992492 4636167 4447351 3458273 
2838048 4368267 4135070 4740842 5051006 4867695 3880249 4146083 4017598 2752804 
2198137 3730008 4938469 5177636 5454658 5647844 4921570 4273720 3976598 2520384 
3501100 4843298 5439913 6171974 5351368 5689972 4997442 4689124 2803798 2258059 
2855096 5641530 5680213 6278078 6104649 5186238 4603353 3952021 3435723 2003139 
4322530 5295891 6661841 6126121 5805726 5280319 5843713 4245129 3159511 2172962 
4455051 5909969 5479079 6377568 5067498 4498736 4608561 5106744 2899707 2464346 
5187874 5126862 6583031 5939086 5882442 5573779 4098611 4736063 2953414 1997443 
5133582 5484775 4935783 5794652 5570761 4914376 4783980 4653653 3291193 1984822 
3624798 4599650 5368063 4556377 5412646 5309284 5306094 4838523 3282897 2225373 
3706186 4212557 5081895 5284396 4720167 4834638 4870719 4675072 3433202 2072547 
2618995 4108116 4532451 4091092 5236138 4392590 5051152 4799730 3359932 2419162 
3588058 3942937 5540358 5595068 4752775 4855871 4478431 4736535 2546761 1938394 
3105814 5082567 4767313 5947116 5598268 3812238 4750273 5025085 3844776 2357184 
3654133 5866678 6480778 5791462 6921838 5882831 5158606 5297244 3519494 2406046 
3367392 5440420 6248391 6743679 6662903 6734991 5447989 5587630 4518246 2682644 
4712340 5643353 6699399 6480942 7101958 6839340 6413090 6020553 4825765 2716668 
3895541 4854407 6244927 6334626 6501300 7444870 5676789 6077685 4997009 2785572 
4049222 6163523 5901314 5632990 6098205 6797494 6823650 6093651 4480441 3372460 
3445201 6085296 5846365 6030762 5845783 6243764 5711936 5467035 4497603 2822107 
4138953 5624351 7387007 5171524 6499105 5619018 4782647 5511877 3960258 2608688 
3404917 5734486 7019674 6566549 6647124 6501748 5480362 5569604 3901720 3451217 
3831228 6029853 6372438 6384221 6151045 6094357 5892324 5058156 4340558 2961591 
3805363 4486105 7044658 6532216 6600416 7154237 6208724 6404499 4196054 3544672 
3094991 5359809 6719047 5567499 5799508 5600555 5651660 6068681 4665472 3534599 
3262250 5438284 6132045 6113120 6568562 6291892 6386497 6083776 4981340 3455090 
3615251 4411884 5918256 5540636 5035274 5465719 4722310 5758030 4844133 3696670 
2955841 4281470 5251015 5710121 5719059 6250712 6293604 5666908 4570005 3283660 
2388272 4151733 4544003 5276412 5211058 5115657 5410086 5675606 4406631 3143667 
3269072 4294227 4428959 4230629 5916961 5852286 6161271 5748159 4370045 2692327 
2926180 4241391 5659406 5220279 5823066 5406403 5873716 5478507 4009622 2858375 
4181671 4348115 5458265 5235076 5153552 6619588 7011094 6271706 4911990 3057533 
3859270 4741723 6274679 5867482 5838348 6742613 5068303 4831853 3558392 2417070 
4957994 5660927 6747130 6507012 6089075 6203517 5745053 5747106 4075441 2228442 
4852123 6161614 6282271 7426356 6548220 5819923 6383506 4157446 3448419 2508589 
4947475 6604178 6786671 7314103 6902600 5973156 6337990 5399692 3534922 2930719 
4142225 7064051 6089948 6366626 6311100 5398410 5481470 5299452 3841293 2239286 
4251840 6047086 6616610 6434656 7295641 5509663 5368215 6042334 3061681 2562826 
3564662 5699379 6070651 6077332 5772125 5648691 5178387 5251491 4534164 2709385 
3786041 5351882 6000836 6009541 6469199 5996529 4804512 4641367 4460621 2135032 
3382331 4628478 5195394 5473312 4989032 5650554 4214618 4699281 3648678 2585506 
3954927 4585637 6309945 5668575 5151825 5583666 6227012 4743776 4065959 2969203 
2824553 4785540 5083335 4717930 5007186 5132998 4330971 4753492 3908637 2194009 
3577397 4129352 5409985 5903685 4207282 5491384 5003059 5571282 3500983 2828665 
2631885 4190151 4668384 4310964 4500230 5058741 4477588 4444587 3711830 2178519 
3208581 3816985 5138709 5540120 5367002 5909429 4467020 4893766 3987606 2720480 
3098229 4365807 4745448 5758931 4934851 5541564 4699616 4151306 3655252 2574270 
2668730 3937076 5706471 5049358 5500441 4480954 4572069 3781819 3142851 2405233 
2897548 4950600 6048396 6407952 5548996 6241844 5109450 5446809 3595528 2788767 
3445407 4483431 5981258 5499742 4946445 5335546 4556324 4035258 3247568 2704276 
4482611 5001941 6578309 5751957 6099642 5404409 5745437 4801473 3606463 2811785 
4014717 5930077 5387236 5708521 3909308 4318802 4116987 4261619 3070180 2034552 
4179548 5437238 6319492 5167255 4300986 4397738 4856816 4517119 3815362 3285601 
4062829 4493043 5979596 5087720 4706691 4125852 4016392 4415076 3418859 2537880 
2697384 3646492 5785337 4586182 4492430 4691448 4149182 4727993 4035706 2676581 
2732321 3307840 4042647 4421598 4469460 4369541 4245744 5139188 3289689 2791391 
2793949 3248250 5004253 4417386 4982896 5059166 5371453 5606641 4180031 3004899 
2665572 3333499 3778425 4287264 4123565 5020922 5087082 5054724 3982037 3082698 
2927222 4646638 4964173 4504008 4677794 4300859 4845968 4878568 4199954 3262333 
3117220 4266455 4624862 5245084 3928848 3984655 4941874 4626331 3458685 3186155 
3199256 5115194 5638412 5414431 5626472 3893386 5058771 4270888 3390830 2836646 
4157320 5583369 5634987 6559725 5528645 4654054 4906147 5035568 3816089 2600074 
3536938 5636479 6458571 6702986 5301011 5759765 4946599 4984995 3567885 2782241 
4809742 5809715 6204945 6213313 5397244 4565338 4227030 5176248 3593229 2676155 
4075669 5807311 6555824 6386287 6168153 4946785 4735450 4902878 3918853 2564457 
4991229 6290616 6187688 5782888 4772205 4937177 3667239 4398208 3873059 2992161 
4566665 6405707 6875229 5625551 5863767 4561270 4499879 4171545 3031133 3139100 
4045880 5797495 6905542 5862430 5600033 4554652 3144982 4315388 2418968 2063636 
3359985 6047132 6026853 5451231 5568640 4281125 4411778 3299603 2957168 1523333 
3462379 4444562 6780143 4959599 5619455 4893781 4392663 4117736 2781421 2596963 
2603719 4707618 4621515 4785870 4768442 4850079 3931485 4073879 2711390 1852942 
3025279 4301970 5143013 4960244 4727758 4877182 4804668 4535397 3571593 2086075 
3463871 3440527 4369572 5055136 5093010 4343630 4470282 4699951 3707397 2304899 
2703833 4468397 4828782 4017443 5875814 5697640 4091731 5059986 3864147 2774362 
2470673 4252041 4189080 4618801 5573121 6047326 5153286 4255863 3912463 2339000 
2318803 3995324 4934631 5660528 5678857 6129639 5715680 4821550 3722670 1784864 
2252077 3066916 4962891 4800375 5558306 6182509 6585815 6323690 3690654 3035540 
2729967 4362492 4554436 5250606 6152008 5476074 5569933 5274689 4445542 2542373 
3226374 4239925 4667058 5810164 6376642 6316720 6571329 6284064 4373629 3177048 
2602676 4331465 5437441 4666806 5416471 5886743 4619768 6208857 3679287 2484753 
2069285 3864354 5248036 5646563 5637375 6958269 6021111 6296120 4813682 2994072 
2456974 4086626 6129202 5347024 5529600 6030414 5273996 5061570 4194806 2887604 
2409148 3669063 5227335 5417931 5917327 7131521 6255452 5028473 5047318 2891232 
3247629 4364127 4791274 5582421 6189810 5730007 5735163 5512828 3866608 2794900 
2182162 3686045 5217437 4893676 6191116 5781219 6119704 5691691 3865753 3618741 
2023378 4543223 5146032 5389260 6407883 6173234 5540324 5502677 3768585 2004334 
1975111 3524728 5408055 4709013 5983410 5994836 5122657 4831370 3574562 2806913 
2625912 2803046 4934586 5576055 6288903 5962629 5253159 5415838 3213834 2706744 
2894490 4556481 4305601 5533997 5615387 5334130 5711404 5040731 4233606 1786871 
3384520 4815367 5720403 5032339 5322179 5683460 5823529 5272083 3142274 3318832 
3181253 4401556 4747197 5063862 4528008 4674773 5176427 5382567 4242127 2596359 
2896657 4781413 5547912 4939661 5982382 5211847 5300477 5044411 4532150 2322525 
2794867 3940554 5484286 4588675 5359443 5242787 5426921 5668239 3308155 3403837 
2508210 4516025 5023771 5511600 6076606 5702175 5306232 4940938 4011263 2042734 
2426309 3816841 4030731 4339615 5489910 4800737 4959177 4383727 3226424 2389505 
2986064 4326145 4868348 5359903 5546347 5811312 5406683 5182624 3155158 2432997 
2964881 4158204 4966375 4489510 5167788 4426763 4352891 4281120 3242908 2096707 
2975947 3858335 4874418 5076311 5567603 4960838 4004804 5479815 3611335 2190605 
2704473 4159583 4025931 4779113 4566725 5019705 4741006 4135155 3996496 2133658 
3152543 4103621 5070138 5725170 4942970 5853081 4579193 4882266 3976840 2728333 
3553516 5479733 5364870 6052537 5120930 4945535 5273012 4925019 3864536 2451981 
3938524 5845630 5476530 5879656 6468093 4964913 5923792 4354255 3284408 2902612 
3977371 6938087 6495000 5603782 6029266 5497823 5106694 4866592 3629477 3114592 
3896292 6065387 7002069 5871714 6062049 5424534 4855701 5773781 3222079 2633208 
3450727 6238138 5747034 6067426 5529521 4938352 4148352 4675553 3384813 3048655 
3753075 4923225 6820531 5835346 5432901 5278350 4926276 4307797 4018474 2906262 
3846722 5048758 5584828 5347754 4638359 4256208 4716951 4098963 3394627 2717953 
3259836 5928298 6170980 5772277 5337650 5737695 5437312 4803733 4023172 3604459 
3292769 4758104 5180128 5439870 5425464 3851429 5081204 5079447 3554689 3356217 
2485685 3986845 5309766 5254246 5892568 5732926 5704452 6308135 4834715 3248609 
1897685 3344422 5122499 4045031 5196557 5484344 4693695 5694809 4414415 3145086 
1987068 3442824 3498194 4125900 4412786 6011437 6212416 6413939 4901617 3678908 
1861279 2382856 3805427 3851295 4101760 4660194 5704033 4715198 4692050 3212658 
2180325 3735575 2836158 3830626 3962236 4464831 4920362 6085164 4633426 3169532 
2213567 3844579 4235506 4079547 5457537 3984751 5643183 5565903 3573620 3395133 
3586104 4127939 4170903 4111930 4313915 4358600 4635579 6361142 4019217 3419599 
3104497 5232778 5402560 4928855 5924656 5686179 4511317 5853192 4906267 2512532 
4407750 4753825 5800054 5567891 4875802 5934142 5492565 6127866 5171357 3681544 
3614104 5077433 5529579 5244120 5616387 6357281 5115591 6006319 5301177 2974950 
4016056 4841501 5917627 5090237 4930106 6084501 5229914 5885879 5630610 3670683 
3865834 5228870 5612874 5711113 4410854 4826897 5109899 4262205 4946556 3195012 
4369870 5545565 6052683 5736507 5618943 5702755 5484813 5692862 4114389 3627607 
4254356 5480433 6508358 4562646 4720877 5431059 4041987 4681623 3808175 2585332 
3727739 5741808 6683743 5220578 5470963 5287772 5379818 5165491 3936618 2725544 
4060220 5632586 5578597 4807090 5487865 5639439 4176933 5658219 3874189 1956023 
3665705 4124731 6210074 5039379 5783823 6241786 5281676 4668222 4126793 2670561 
3446383 5149601 4688263 4787310 5057454 5161049 5705399 5231606 4294159 2693105 
3813813 5063266 4876405 4561435 5309244 5457443 5074047 4886774 3909755 2368621 
3779936 4779074 5593903 4701001 4437120 4930635 4811761 6603479 4124509 3772101 
3465107 4297916 5502595 4211529 5385276 3680453 5027266 5619576 4295479 2964496 
3487300 4552456 5027693 5744105 4155680 4296925 4692425 4599312 4499531 3483134 
3834269 4903433 5602943 5539777 4992593 4606920 4854574 5560870 3693717 3414099 
4500738 4940489 6600657 6397917 6466027 5070997 5300460 4419896 3989083 2721611 
3811946 5168425 5938062 7498253 6559106 4967149 5679096 5381594 3641962 3094524 
3532167 5431206 6704063 7265399 6983915 6539257 5278475 4709451 3599154 1953470 
3909510 5360860 5754057 5853928 6905454 5531401 5597197 5159748 4030692 2908464 
3167533 4217628 5465160 5242664 5521470 5341988 4151486 4794913 3092668 1857848 
2685523 4402548 5059613 4436903 4868909 4665835 4474806 4712929 2873212 1897925 
2344186 3657818 4921619 4240321 5127271 4178529 3498332 4643372 2583784 2357137 
1737589 4192713 4783613 4980363 5185868 5258742 4448907 3281845 3818999 1946248 
2011954 3932244 4139455 3989519 5148233 4195952 4104200 3979312 2746351 2250554 
2425902 4215151 5897147 5340699 5281249 5592244 4431129 4608150 2493506 2180551 
2673422 4917870 5106443 4970352 4979598 4122746 5324305 3378143 3229905 2293006 
3678689 4903758 5643038 5362015 5811331 4895174 4917288 4801988 2909045 2455005 
3122909 5199032 5192102 5301009 4148444 5228641 4597313 4721303 3293151 2392370 
3794762 5425386 5664856 4699280 6009335 3994024 5386826 5192405 3805882 3369083 
2898494 4051084 5031075 4708893 5546462 4946194 4499181 5774638 4241644 2734041 
2032505 4672319 4489111 4913215 4665631 4470182 4337998 4645279 3717408 2757180 
2786056 3383121 3818349 4824852 5260420 4582335 4527466 4610582 3001728 2614306 
1612841 3627492 4148154 4211786 4975138 4657852 4109761 3940746 3201726 2019818 
2621018 3607774 4536556 4656661 5314649 5091177 4895804 4994125 4081008 2606767 
1817592 4774198 4703552 4945632 5403743 4772929 3809209 4976289 3341085 2450058 
2219387 4070754 5587130 5797620 5041214 5833050 5373909 5148763 4462415 3572452 
2744697 4874783 4887071 4824038 5029063 4895596 4939288 5373235 4506432 3073982 
3115741 3703511 6361051 5355889 5083178 5467084 5947316 6156312 4621107 3519219 
4555178 5086515 5088709 4977135 4430718 4821686 4754489 5950314 4147000 3679871 
3606669 5420481 5894893 5748750 5431668 6238648 4795252 6184403 5261910 3239730 
4391474 4359724 5840471 6103987 4788493 5890452 6022623 6155492 5079001 3661053 
3400579 5634710 5588368 6733548 6215931 5272385 6092313 6291008 4331068 3731892 
3784302 4913296 6034110 5993089 6581190 6001386 6022981 6671792 5400787 3022205 
3632962 4549463 5159319 5536622 6056385 6229257 6252237 5945316 4869398 3783858 
3279826 4543207 4784402 4677571 5547114 5489532 6218086 6164466 4659175 3554297 
4014262 3827834 4175646 4802775 4006003 4922378 5323840 5399615 4159604 2682749 
4216524 4632666 5125430 4485706 5145885 5093751 5109757 5296356 4037762 2841253 
3508104 4646753 5120888 4381644 4240841 5424125 4770604 4799705 4673838 2592506 
3749787 5982373 5072564 4564840 4772418 5205417 4643797 4713178 3601865 2409670 
4168766 5170898 6217565 5725412 4671895 5737465 4577116 3980220 3563788 2243193 
4396111 5601871 6721168 5440310 5131062 5505506 4739637 4871176 3470017 1925779 
3220831 4364196 6664582 5696462 5616724 5601403 5227227 4908340 3625015 2443034 
3783668 4310572 5336761 5531180 4465707 5519087 4676796 5218455 4360517 2893623 
3109065 3782433 5203208 6415720 5462524 5888388 5738917 5174156 4317095 3062165 
3634436 4342206 5081469 5164532 5243074 5085959 6378318 5301627 4797234 3581486 
3445421 4178983 4190893 5470988 5517019 5672754 5521065 5541247 4357958 3033435 
3448314 5058501 5515055 5238918 5356924 4738675 4910986 5696091 3785175 3041227 
3305188 5291116 6297417 5228291 5748440 5402421 5263910 5477779 4243780 2626052 
3942066 5729645 6612005 6615071 5028729 5735366 3891032 4859723 4597168 2866217 
3984174 5301683 6654704 6833661 5545023 4885584 4282017 4787668 3823753 2834404 
4382169 6015560 7734523 7866755 6468401 5621925 4409980 5098306 3312395 2557313 
4404104 5837592 5941878 6540043 6859030 5031452 4609607 4036737 3510696 2233564 
4575217 6069491 6645417 7293860 6210359 6172954 4467601 4758749 2808648 2093404 
3286298 4993686 5567978 5212101 5223695 4876847 4875428 3962298 2221975 2048675 
4059821 5589766 6093766 5596294 5980086 4878659 4159330 4540041 3545302 1864231 
2766260 3887756 4721576 5190253 4876141 4992808 4446815 4485450 3469511 2449564 
4244933 5196723 5823847 5330056 5715757 4361866 5289762 5224100 3707349 3486084 
3835729 4715799 4690073 5196339 5545245 5170552 5228172 5136597 4328012 2416753 
3182911 4641604 5239495 6160635 5066870 5385941 5066057 5972437 3999298 3609860 
2227564 4188744 5171737 4793737 5896347 4481835 6348215 5077783 4125641 2717888 
2234160 3401762 4258255 5550734 5237903 5185438 5194911 6791584 3918583 3325721 
3229616 3705281 4786361 5219878 5623895 4978078 5957659 5801151 4195330 2726977 
3839151 4409974 4821724 4869552 5490108 5405101 5175207 5757593 4533200 3027827 
3652972 5571197 5117617 5801766 5766270 5749930 5483180 5754048 3838411 3056292 
4362221 6028757 5565938 5944245 5898603 5547060 5280176 4666348 4127497 2445235 
3667556 5387866 6127308 5890799 6311151 5145861 5993088 4795259 3251589 2681839 
3793150 5055894 6459408 6279856 5265166 5999999 5109459 4881104 3218910 2578269 
3067051 4927126 6159384 5173973 5997397 4745364 5290178 4560919 3817480 2985652 
4102315 5019280 5952747 6233976 6366111 5044047 5363724 5783187 3441307 2803814 
3515036 4832452 6498361 6350163 5899002 5767894 5900336 5499775 4299917 3431960 
3476788 4941878 6714746 5723438 6227518 5932346 5382475 6230639 3682200 3280316 
3069568 4842474 5570065 6202930 5343098 5533389 6417982 5168655 4730988 2668843 
3396039 4491910 5932717 5307843 5182186 5577840 4949774 5414799 3985960 2865015 
3244906 3928315 4845685 4959815 5556574 5827570 5595283 5801297 4805097 2520872 
3629593 4627370 4420209 5306683 5152827 5523996 5588060 5077296 4705874 2551496 
3497161 4418418 5178103 4336912 4906522 5641625 5195707 5672283 4171557 2737143 
4119088 5100661 6037216 6559607 5744933 6598864 5308307 5197330 4330973 2451082 
3003393 5490928 5092976 6219169 5763406 5663399 5829980 4994038 4105429 2603865 
4499166 5049166 7006072 7084763 7009080 6872800 6175682 6099938 3654898 2871096 
3625058 5288261 5394341 6728600 5595053 6252537 5510501 4675456 3947104 2247777 
4574733 6261942 5728612 5942744 6596175 6149567 6159342 5394998 4285890 2671022 
3710877 5371791 5657083 5741935 5421686 6357345 6058801 5754356 4263758 3162679 
4338077 6175867 6715087 6082888 5789256 6091461 5867889 5403426 4937644 3041081 
3347483 5376155 5264971 4952533 6303204 5405688 6051934 6446275 4254802 3655794 
4295816 4746878 5757126 4780874 4146277 5501620 5714443 6033893 4586047 3617528 
4208862 4842590 5219620 5208710 4843938 6002713 6220722 7188493 5660331 4152222 
4354283 4476887 5814445 5170430 4483641 5242054 5601887 7250435 4948413 4224544 
3459289 4559913 4913114 5285627 5871965 5290394 6172574 6051785 6145466 3657072 
3502625 4562841 4543694 5649423 5555184 5534644 5811738 6312114 4865028 4310062 
2498270 3717893 5517549 5752800 6300621 7050007 6095544 7032459 4834260 2865231 
2979316 3764500 5082118 5219170 5513127 5161622 5980478 5385304 4571986 3531065 
3296784 3554398 5254688 6043533 5276754 5718079 5845870 5353323 3837069 2914170 
3251271 3193575 5552029 5359062 4208380 4539802 5217721 5294032 4442277 2673561 
3483640 4559752 4573252 6579817 5203174 5180448 5057816 6135570 3724468 3067059 
3015917 4245919 4710655 4834242 5318765 3874370 5042125 4432066 4238620 3390727 
3681603 4252556 5240611 5541568 5698194 5780751 4551200 4804874 3788354 2493496 
2647963 4826102 4207635 5850747 6051416 5462366 5895361 5273255 4088886 2777852 
3141341 5001893 5840678 4940391 6410676 5224274 5881564 5530783 3728554 3050007 
2783925 5023627 4800537 6201743 5162473 6556069 5942685 5578220 4360139 2665256 
3745147 4715521 5992713 5182304 5197384 4927265 5356184 4688093 3679310 2861622 
3172778 3466557 5124056 4960885 4822787 5396493 5771875 5076054 4134333 2449128 
3246336 4736179 4373562 4915868 3899094 5163921 5127126 5292703 3846185 3268366 
2310070 2990689 4154913 4521949 4514724 5701253 5304540 5700021 3987329 3450729 
2053961 3119254 4537598 4991022 5014226 5742079 5894912 5875621 5259226 3285140 
2482221 2656825 4308522 4614330 5090438 6054114 5447401 5881264 4463584 3338011 
2044029 2683085 4599432 5124244 4898866 6269582 7075282 6120821 5227541 4093806 
3017108 3537024 3499149 5509054 4537148 5167338 5608759 5758811 4314990 3606158 
2548241 2905873 4020068 4637192 5098959 4846822 6920041 6640105 4782456 3599361 
3101361 4608621 4534256 4392735 5359849 4257633 5900929 5559999 4036639 3293697 
3508784 5037806 4317491 5738138 4747413 5544193 5799662 7421780 4813367 3733486 
3299900 4370517 5388365 4692724 6091755 4511252 5462980 6364822 4381818 3250394 
3317805 6005769 4632264 5642188 5958091 4868743 5253182 5382949 4127100 3106967 
3448701 4359708 5813806 5495339 5769938 5077769 4864629 5444262 3604730 3005418 
4004100 4531736 6089639 4841096 5149869 4643015 4306766 4682457 3111422 2679145 
2895545 4379844 5701024 5498021 5338442 5613937 5613930 5337972 4102923 2951543 
4412976 4731963 5661235 5397356 4642885 5552558 4500189 5850008 3670122 3222404 
2850039 5055263 5290059 5903376 6419619 5527431 6407126 5443158 5222550 3320062 
3357966 4264872 6438702 5413448 5402687 4841718 5223429 5041395 4528102 3327408 
2592056 3650579 4344822 5940166 5557039 5977759 5157502 5755331 4081214 2937091 
2354443 3986596 4714668 5752113 6284356 5252821 5560626 5221140 3959194 3090451 
2689611 3612171 4544400 4682912 4909509 4252119 4724796 4970774 3444216 2427029 
2555945 4716297 4417938 5783541 5459255 5688348 6100928 5245936 4150000 2728601 
3264859 3927296 5385149 4994113 5242083 4545297 5267514 6064528 3830043 3694532 
3503399 3748930 6284530 5367173 6044699 6347203 6604116 6962851 5096392 3768533 
2719923 5074811 5177677 5945970 6152465 5810976 5899026 6113964 4535163 3519679 
2990345 3456629 5022278 4808553 4740799 6835872 5757892 6377530 5319707 3341581 
2793359 3434181 5183330 4688774 6108404 5289900 6907579 5840351 4588021 3389342 
2570463 3377668 4176341 4926946 4300744 5264064 5725701 6199360 4859598 3562690 
2431322 3710369 4935828 4998999 5697800 6267480 6290185 5490317 4960746 2857396 
3397128 4125138 4848734 4561350 5462385 5314728 6256972 6574744 4711760 3774776 
2604352 4303494 4198400 6366834 5320038 6100921 5986931 7032791 4969540 3425653 
3903984 5463750 5657047 5685664 6121955 5422239 6514546 5960626 5028160 3977736 
3192564 4210984 4926769 5165152 5699117 5274944 5924835 5349251 4091273 3465295 
2700096 5453392 5177923 5941718 5813525 5534930 5047231 6352213 4251505 3012981 
3308140 4974237 5062576 4482262 4511255 4023271 4152253 5028650 3754324 3071274 
3260280 4007835 5685796 5085001 5192806 4678993 4873804 4656181 3616351 2884279 
3924161 5149963 4990777 4557267 3756137 3599871 3497053 3710873 3315482 1809326 
3594278 4942188 4320893 5139824 3973425 4415882 4752014 4597589 3853990 3031744 
4439601 5019063 5568702 4290612 4013993 3869929 3551472 3690836 3057260 1945767 
3653827 5059585 5246880 4644656 4238340 4726619 4590109 4979112 3575051 3058690 
4293534 5995429 6052922 5353848 5715958 4465166 4767244 4859617 3350215 1954072 
4781830 6122646 6225166 5867254 5683418 5729896 5837664 5706837 4311174 3112213 
4745763 6223942 6887274 6072730 5641240 6056176 4444257 6137285 3297151 2434715 
4537202 6839338 6748662 5718924 5917939 5204627 5256385 4559729 3988125 2385253 
3873461 6277105 7318449 5468280 6055156 5420384 4038694 3955507 3373881 2349837 
4182134 5409608 7054009 6825430 5240837 5984699 4829058 4107588 3965008 2252898 
3952909 4822383 5800270 5759780 5019034 4864456 3939795 3478378 2765735 2363528 
4336032 4621063 6298865 6883977 5497710 5187432 4592945 4558701 3477963 2133989 
4092891 4907889 5513633 5575599 5169236 5466899 5607229 4665528 4106519 2323254 
3341172 4491160 5107465 5307419 5376418 5270864 5638150 6152610 4160246 3730160 
3133961 5077574 4767962 5174301 5632334 5511984 5427395 5739546 4215427 3001516 
2923311 3670474 5107233 4059543 4695817 4647533 6013135 5402535 4354234 3652094 
2663498 4169001 4789038 5204684 5617022 5787535 4845958 5597159 3705554 2609418 
2971179 4688902 4855051 5175350 4959367 4386237 5114377 5145849 4189466 3147452 
2963480 3709018 5056505 5103731 6332474 5903882 4807780 5211481 3070382 1719461 
2660221 5037737 4214124 5207516 4610247 4752117 5168355 4550523 3893585 2579362 
2711699 4034182 5532360 4799254 5567858 4829214 5446393 4226171 3417588 2320096 
2598049 3879754 4445256 5149477 4739620 5633857 4570151 4890810 3245794 2746211 
2716100 3699486 4755502 4409291 5410654 4838099 4604829 4576984 2712677 2240974 
2681072 4356703 4176730 4074603 5643813 4647405 4284291 4996045 3115088 1656195 
2826686 3836967 4549726 5003636 5086005 6244208 4931309 5278332 3932696 2193305 
2862528 3705846 4433988 4482464 4920676 5300192 5041796 4868278 4219273 2417120 
1673588 3417036 4494096 4157229 5066779 5622523 4922913 5068752 3840548 2401661 
2352803 4255479 4054078 4060266 4763972 3962787 4095401 4463048 3760576 2355017 
2087088 2455517 4702595 4215523 3754276 5018604 3636745 3885241 3913989 2497603 
2258794 4036760 4087561 3871191 4344073 3758303 3818582 4083676 2528854 2628967 
2466645 4320289 5011530 3961478 3860640 5321517 4007912 3800550 3435485 2247107 
3074435 4014637 5108288 4345567 3773670 4157319 4535139 3838265 3528960 2499942 
2442355 4166352 4960981 4430951 4037949 4839560 4825593 4456924 3731988 2932718 
2855720 4163458 6183999 5259249 4426846 4491766 4030144 3891174 3155046 3179751 
2828281 3672178 4753446 5118044 5168162 5461486 4690807 4112587 3385681 2252901 
2402466 3422719 4442882 4411715 4775930 4319694 4511917 4725847 3526371 3102661 
3044753 3750273 4667117 4585060 4104341 5440617 3963974 4916939 3640772 2336527 
2193124 4631952 4309442 4391177 4433992 4303556 5699471 4776810 4541569 3322582 
2821390 3376882 4916546 4334502 4257320 4746291 5152248 5155627 3980335 3051942 
3319255 3973043 4150670 4522315 4291544 4583350 4659748 5459695 4401260 2683430 
3142751 4253619 5918939 4714114 6122648 4586672 5249071 4307943 3009504 2485569 
3056610 3894769 5417734 5419942 4555827 6753179 4838680 5786848 3802403 2585620 
3479767 4405146 5238974 5975518 5179333 5404292 5434810 4043918 4090621 1991906 
3993800 4083292 5364328 5159416 6078402 4534913 5939546 5619359 3476401 3380089 
4925282 5796140 5393767 5904301 4637830 5153573 4720082 4531483 3352344 2660712 
3710066 5171800 5483712 5238713 5502172 4240043 5324280 5441839 4520149 2887337 
3837789 5817810 6032364 5303181 5705856 4954181 4256421 5520978 3674394 2982980 
3993582 5432986 6587773 6304947 5740991 6100620 4873778 4581856 4086737 2734859 
4175309 5107446 6726297 6817833 6113680 6781609 6036269 5024074 4599450 2336571 
4414858 5417274 6418637 7209164 5886936 5512253 5788013 5274723 3663571 2845305 
3679263 5488468 5991126 6313540 6617862 5771483 6121676 5470600 4447270 3145939 
3704852 5293907 5679200 6431310 5345964 5528695 5160744 4785130 3916301 3107910 
3220016 5548877 5558414 4556269 5518334 4637222 4869639 5267079 3980467 3067673 
3444229 3919758 5750479 4908523 4217247 5502081 4757595 4464347 4262246 2837150 
3665352 4227793 4557861 4836548 4381137 5250594 5223074 4882960 4400774 3111103 
2960990 4017792 5135894 4078830 5260558 5340164 5342570 5396698 3770026 3118590 
2731162 4126507 3999954 5052441 4928863 5621563 5583535 4765625 3816076 2038681 
2506277 4127538 4820670 5323290 5503000 6313938 5868999 6602521 4592437 3106825 
2170484 4611968 5394045 5642566 6431122 6831034 6154594 5323628 4369535 2656986 
3030295 5671849 6123216 6104312 7159115 6459081 6129289 6472207 4728734 2932325 
2777679 4555292 5868656 5602735 6306442 7048034 6223800 5014534 4149828 2981502 
2940935 5296503 6102922 5697884 6483991 6799821 5650392 5996706 3982646 3536414 
3432505 4906458 6253567 6493387 5065639 6346540 5449492 5140416 4522392 2377635 
3139174 3984263 6152516 6451233 6575183 6496205 6315879 5885065 4340598 3542255 
3007300 5060311 4994151 6402854 5581092 5763315 6067648 5382636 4705655 3379443 
3577875 5339260 6205357 6573825 7145955 6352430 7006632 6036809 4358783 3458460 
3856446 5341278 5825527 6102686 6507418 5496706 5304358 5784302 3834805 2749767 
3247674 4901907 6506596 5782663 6647299 6044199 5418638 6008570 4369652 3166002 
3610602 5872434 4402637 6237557 5683643 6207439 4901898 5884465 3851096 2415155 
4129191 5513737 6439535 5242233 6532492 6265117 5346919 5660565 4365005 2606695 
3587751 4845784 5611949 5615086 6094126 6516953 6957746 5511173 4730017 3275929 
3020677 5478663 5819406 5385868 5437454 5622925 6325749 6086452 5139508 3432426 
3567387 4591418 5692410 7071975 5765614 6015916 6038815 6171158 4586614 3313795 
3134836 5068083 5202790 5197047 6107383 4624470 5834143 6552738 4206507 3724984 
3638762 4572193 4573706 5595302 4844210 4808150 4962123 5356739 3942170 2691458 
3614449 5487089 5402880 5725756 5809861 4905961 5078248 4763385 3968645 2801586 
3766598 4816757 6224105 4806917 4999710 6058252 4762205 5202002 3337757 2639633 
4030905 6095106 6320265 6146809 5426350 5524878 4438533 4383565 2950059 2520828 
4129097 4542969 5864959 6118701 5115565 4565858 5657725 5376201 3862609 2212354 
4203151 5064756 6160925 5707475 5084752 4417786 4073284 4300728 3410457 2624148 
3145560 4256351 4967206 5400237 4847234 5604528 3838236 4447872 4026626 3005535 
3076864 4191598 5131747 5662316 4853556 4540327 4524167 3530705 3297971 2571288 
2771853 3753802 5390106 4541907 5596069 5797995 5105636 5095292 3525705 2859791 
2617642 3724066 4423619 5390462 5330374 5559901 5282298 4873862 3640830 2870625 
2840888 4400568 4641134 5231165 5905862 5387464 6284828 5817552 3820722 2630697 
2826868 4403378 6268813 5401807 6187261 6230912 5736603 5311103 3686056 2228801 
3304037 4143090 4879756 5674639 5884003 6043696 6317339 5390528 4361722 2925368 
2961191 3858188 4936801 5105505 5584238 5276599 5997930 4637083 3826989 2323757 
4048812 4389591 5414209 5041887 5678001 6142136 5538788 5973347 3622155 2960792 
4219961 5394648 4955276 5953074 5461352 4864560 6455544 5442092 4075589 2678475 
4504722 4571489 6398291 5484816 4881640 4830351 5817584 5054038 3725115 3122631 
4127373 4826122 5448503 4784350 5008675 5075248 4694594 5917817 3255054 2658714 
3602051 5558248 5347209 6054360 5669075 4731102 5973393 4575911 3925981 2306132 
4103496 4649492 5325652 5306283 5575443 4939976 4754219 6165974 3528584 2812092 
3539610 5080131 5688965 5208562 4786268 4847150 4464325 3983199 3944617 2340655 
3564322 5112337 5123087 5244121 5713931 3841213 5562092 4771586 3500552 3079343 
3852488 6172277 5942966 5533370 4641256 5307944 3540805 4029882 3313352 2284493 
3828727 5835728 5628295 4788106 5892079 4231178 4298675 4883067 3152379 2800215 
3120243 5263057 5636430 4064744 5080800 3891143 4045634 3906283 2881948 2371508 
3298580 5400531 5827770 3825956 5234105 5252347 4299533 4467149 3883667 2141409 
3181235 4757155 5972379 4934138 4422886 5387301 4623077 4533792 3118778 2262807 
3301439 4938646 5581327 4852151 5474650 5126426 4355405 4528077 2782680 1982168 
3230935 4178236 5497772 6097247 4363306 4943626 5441585 3428797 3335138 2116119 
3161935 4866298 5415974 4953277 5416459 4962658 4334372 4823260 3448070 1832358 
3786434 3909775 5381924 5083214 5108191 4115266 4453348 4907201 2866727 2946129 
3856036 4935305 4553341 5739768 4888842 4105426 4425461 4852209 3514290 2959044 
3080947 3884520 4961607 4912932 4790068 5158346 5247838 5573310 4200546 2726509 
3737023 4756143 5091905 5167270 4913099 4657207 5332975 6307554 4820863 3706848 
2244456 3924602 4125386 4514411 5720917 4803289 5747039 6338601 5182732 4161482 
3760962 5420972 4749467 5851382 5107933 4879044 5082724 5815292 4719537 3423545 
3480203 4318583 5031884 5478680 6002960 5003982 6196176 6121405 5197345 3208353 
3965790 4833634 5919706 5562671 5020341 5516680 4271314 6163326 4325490 3322991 
3078013 5571669 4813700 5520510 6093448 4798606 4938118 5752413 4248065 2725763 
3510606 4168991 5317906 5319424 4805165 5388073 4821572 4995030 3828936 2426190 
3200883 4808428 5882679 5196304 4868328 5644607 4954149 5271052 3456929 2820409 
2648039 3415235 5645764 4305790 4905607 4950220 4559330 5745717 3344273 3406507 
3927137 4912339 5032801 6540808 5045890 4130513 5451948 4850889 3976337 3091934 
3188710 4369167 5628543 4903837 5237722 4940553 4810240 4879460 4574097 3519580 
4230931 4941009 5696849 6013749 5329393 5536604 5032382 5365912 3901596 3928707 
3124344 4634217 4875640 5502817 6289756 4757981 5867603 5371541 4307733 2807755 
3244101 5340295 5687239 6026943 5769274 5393103 5633713 4731049 3997771 2387884 
2381669 4110232 4821695 5694779 5172582 5785803 4414768 5093839 3046444 2271903 
3202575 4661573 5651439 5873827 6399353 5003087 4462117 4304689 3944477 1597079 
2843068 3822157 5320805 5383105 5921484 5534541 5298736 4987023 3556236 2366409 
3922117 3923697 4872076 4887301 4635591 5435395 4465096 4579965 3391509 2388068 
3378799 5120797 5458449 4450943 4741241 5790448 5009395 4734180 4706215 2795983 
3032625 4033550 5461237 4907762 4382224 5975347 5021190 4914856 4201285 3049455 
3542238 4980544 5642644 5734765 5067228 4623870 5064374 4944924 3471842 3055182 
2802016 3748043 5596795 4591699 4993808 5122853 4453583 4129277 3438278 1832507 
3750785 4965212 5877696 5235860 4476211 4574849 4179407 4730794 3074789 2552467 
2873360 4207415 5088945 4698845 5481814 4994334 4817211 4397737 3185386 2250726 
3460004 4163819 5041756 4802018 3926191 5407110 3643218 3971270 3893763 2020334 
2260869 3546283 4839240 3800258 4753692 4974426 4450270 4855126 3167343 2104314 
3169060 4421082 4573192 4663287 4683828 3890039 4637905 3713725 3299965 2354246 
2384966 3032946 4160584 4793790 4326714 5485451 4801177 4283070 3220805 2112407 
2720640 4361444 5876590 5074082 5859727 5280235 4240249 5000073 2916765 1525979 
2178560 4194695 5102176 4926509 5726307 5156314 5182972 4393990 3763795 2860863 
3219649 3462928 5629124 6125852 5038274 6137567 6086204 5020199 4055908 3112529 
3429428 4675936 4945810 4909135 4427324 5281999 4650015 4818506 4309923 2856522 
2948593 3929939 5273367 5921497 4830779 5150482 5834308 5492306 3862469 4015543 
3456488 4564239 5590541 4928590 4958635 4126468 4482387 4822429 3520056 2352136 
2349485 3889723 5187709 5092829 5525072 4916225 4953517 5116110 3663610 2829411 
4321067 4980506 5340977 6053643 6137729 5006228 5235893 4687081 3098616 2436057 
3484746 4064501 5148842 5341482 6022783 6188392 5517321 5115100 3613627 2553395 
3530954 5199711 5601622 6021828 6797471 6030248 6702276 5928068 4055730 2516002 
3446111 5209281 5113429 5105328 6203666 6394611 5989892 5562291 4466980 2646037 
3015697 3803037 4615150 4855012 5573771 6393250 5834861 6941761 5277238 2988544 
3444947 3658559 5631531 4446602 3979680 5218082 5991920 5205196 4511193 2966513 
2280799 3826163 4173987 4586018 4585363 5605734 5775314 5219083 4528199 3109269 
3258261 4265346 5910662 4568204 5116694 5512004 4418420 4772144 3706193 2548521 
2589826 3001255 4131094 5491732 4887671 4979739 6107475 5189595 3474135 3159904 
3454679 4387769 5641547 5674945 5082551 5814358 5445621 3990606 3755576 2408512 
3360079 4865212 5816685 6099467 5313464 5438474 5077876 4768344 2975095 2680895 
4465247 5778557 5676793 6799596 6190016 5226410 6012876 4275859 3351296 2327070 
4044347 5823987 6147632 6620821 6412130 4838039 5535194 4422381 3194444 2882148 
3966523 5289352 5906624 6937020 5906537 5691437 5633748 4888787 3425315 2190150 
3123927 5420734 6266186 6458814 6086392 6132979 6360301 4847348 4064195 3196457 
3742376 4752232 5214561 5189949 4965766 5333945 5250371 5388857 3180526 2559610 
3528384 5394132 6213216 5922263 5602141 5695635 6119431 4849424 4257066 2589134 
3882735 4003762 4628219 4645098 4339834 4243828 4573013 5451396 3255659 2433230 
3039447 4502127 5000432 4381434 3837694 5105502 3982212 5334002 4408087 2788059 
2799029 3862387 4372004 3680208 4500392 4158527 4303313 4657880 4296415 2663303 
2756343 3115817 4076858 3618575 3704206 4786236 4030219 5466234 4517958 3343221 
2484841 2798720 4467559 3990925 4290179 4764992 4600069 5329526 4378239 2763955 
2151394 2618149 3969996 3121056 4282153 3631607 4072448 4444886 3768714 2977488 
2608770 4172662 4220331 5265642 4782644 5149136 3879580 5645724 3277003 2440317 
2896136 4336037 4104097 3829228 4508369 3392039 3497221 3353435 3432914 2095399 
3293049 4320047 5888353 4833291 5345014 4373119 4644174 4159318 2938243 2902555 
2611808 4533084 4541534 4412155 3163871 4089645 3429108 3944665 3144203 2279524 
3318743 4774751 5883166 5153191 5050985 4265782 4212830 4849137 3446056 2543194 
3586093 3824537 5765784 5513279 4768676 3896661 3621307 4598541 3007275 2427278 
3246106 4450322 4743792 5311843 4397714 4839374 4797761 3786631 3868844 2622541 
3435518 5556139 6038980 6002627 5510381 4963603 4666650 4213079 3780355 2323481 
3333441 4614760 5722987 5328116 5867491 5084386 5508834 5177946 2902645 2981878 
3543023 5448033 5529051 6820865 5771522 5067904 5601140 4899180 3085913 2596799 
3358694 4726004 5084298 5535881 6076466 5321763 6117873 5367502 3648572 2769224 
3999142 5874197 5603498 6135277 6743886 5544767 4843629 5885468 3798826 3139255 
3061598 5251545 5268334 4839844 5738249 5806191 5167717 5092788 4522699 2737371 
2978903 4760664 5673339 4991326 5663689 5086136 4438951 5108738 2856025 2437181 
2882393 4704320 6055576 4962865 5978313 6477035 4756346 5131481 4611303 2128229 
3047806 3905401 5220239 5411064 5385662 6267948 6182213 4743608 4104153 2860537 
2775748 3932961 5689408 5185381 5893927 6069830 5900720 4971166 3762318 2347285 
3305032 4550447 5909066 5443413 5886564 6797240 5860682 5299420 4277254 3131861 
3301768 5410077 4928951 5510990 5849999 5991564 5255613 4170901 3563793 2319235 
3849644 4676448 6445562 5207151 5659880 6210531 5598084 5019081 4126568 2455508 
3034365 4479213 5551414 4847007 4343846 6081389 5167360 5170562 3772526 2905942 
3079766 4740983 5677369 5530799 5501800 5406471 5528204 5219117 4140974 2822403 
2794578 3808334 5539148 4462324 4735778 5550666 5300783 5357686 5067643 3213156 
3145265 4006291 4791026 5169414 4448328 5304841 5560949 5540734 3969181 3545595 
2788404 3853821 4216640 5297791 4354976 4636242 5752629 5296359 4288400 3896336 
2945958 3601784 4612350 5491765 5048679 4829147 5406485 4854272 4200018 2726129 
3348544 4315388 4395390 5315257 4487230 4883099 5597329 4445996 4118856 2771903 
3902124 4555259 4404224 4859453 5382617 4695693 5242873 5710127 3448696 3351932 
4115686 5028096 4775156 4876691 5288533 4462069 4676397 4759380 3858122 1991180 
3594263 5327421 5292092 5590153 5338475 4950683 5235352 5945657 3979722 3099363 
3722132 5338290 5716362 5425755 5973671 5960014 4748991 6006932 4112313 2337680 
3470369 4918122 6043380 5730372 6653854 5974943 4499902 5327234 4544049 3153940 
3006734 5155407 5095912 6360681 6738394 6773490 5580188 6220786 4426227 2431561 
2467922 5207347 6010607 5953806 5899371 5903588 5928792 4899823 4148426 2894302 
3883622 3834033 5861995 5288822 5305116 5847409 5393676 5725204 4149235 3248495 
3375588 4520301 5416246 4608590 4873488 4679810 4785315 4858238 3729285 2781334 
4266833 4164476 5743916 5293985 4483539 4605390 4815773 4692547 3593506 2929267 
3502046 5261596 4411579 5558374 5219459 4916237 4474600 5201578 4103140 2410892 
3321309 4765834 5052572 6081459 4815090 5759145 4855257 4320742 3788120 2429965 
4036130 4043691 5543607 5354093 5643383 5427017 6640017 4950535 4542708 3094579 
3054716 4974102 4820613 6410769 5602026 5801650 6305253 5636734 3925116 2865252 
4114046 5547165 5461400 5530458 4747204 4998131 6132823 6293020 4237844 3730962 
3214579 4557290 5150594 5182056 5772900 5450025 5846881 5858684 4585082 3420290 
4014178 5091412 5268859 5780789 4511580 4874440 5001817 5701400 4646184 3881264 
3046739 4443474 5883312 4816809 6495253 6282196 4595353 5323439 4167000 2654504 
3860525 4777677 5674363 5559923 5711042 5137039 4685915 5056001 3176837 2317838 
2546271 4093318 5461520 5000057 5840314 6143477 4992938 4958782 2987624 1992545 
3439200 4826958 5847365 4880530 5084426 5406875 5042854 4305570 3496661 1990107 
3369437 4091785 5069234 5491261 5392825 4855615 5375324 4744445 3097399 2140648 
3597113 4465203 4842529 5165196 5406473 4582958 4186121 4234073 3027420 2105959 
2134536 3637050 4061096 4303199 4969464 4381295 5356955 3619392 3016937 2146808 
2814783 3793255 5281482 4310386 4555939 5532884 4434484 3709811 2474465 2049200 
2691372 3146990 3859106 5397379 4102220 4446229 5602496 3442033 2996299 1789271 
3764118 2942413 4414583 4477167 4278687 3843705 5128301 4103445 2423310 2515454 
3021195 3594947 4262465 5059223 4595028 4766638 4845511 5218047 3248629 2420134 
3270047 4422936 4183669 5124438 4762323 4106428 6373626 5083733 3572255 3011108 
2899365 4227095 5175412 4980069 5624508 6057312 5731181 6059721 4465002 3137158 
3244780 4249409 5287872 5271854 4914728 5554443 5627762 5318765 4680945 2718685 
2553702 4010083 5553556 5138275 5502878 6033187 6327617 5965331 4382786 3546783 
3227575 3558097 4944293 5152889 4763478 5412085 5339531 4755856 4467628 2725559 
2787238 3261916 4323874 4380379 5291676 5183682 5678362 5826041 3970251 3145663 
2579835 3122638 4364709 4833904 3530387 5959303 4533777 5045295 4232875 3305279 
1580839 3881788 3683424 3599452 5622171 4009945 5282859 5100812 4612885 2956423 
2511793 3295076 4562742 5138982 4729588 5804317 5360209 5648745 3977820 3214940 
2820394 3772174 3976758 5539105 5537043 5299936 5189120 5399270 3221988 2499656 
3203780 4721361 5839446 5494926 6913966 5702519 5964348 5105702 4360079 2362107 
3476140 5147448 4555013 6269116 6689924 5182430 5623747 4645236 3051228 2339018 
3893115 4156191 5966876 5561249 6511889 6130411 5437206 5618802 3216502 2288377 
2659010 4146366 5318065 5278369 5913476 5360097 5807125 4230546 2678751 2287298 
2768069 4055666 5375183 4626300 4680423 4909597 4294082 4616748 2831309 1832903 
1749860 4307016 4342096 4949708 5216221 5104670 4350432 3784850 3354203 1864274 
2315041 3946417 5188444 4890776 4216828 4655986 4314140 3241841 3106046 2482973 
1987356 4358891 4645258 4217146 5089764 4732861 4675357 4251201 3019630 1884012 
2330204 4998721 4981689 4101311 5752993 5337806 5270331 5225332 3832777 2635232 
2706261 4266256 4534625 4711864 4288267 4651352 5255203 4606703 4297778 3116083 
3487453 4623498 5584576 4734821 5408624 5617691 5028922 5586554 4312271 3199511 
3245525 4950369 4478274 4738989 5344935 4800687 5320317 4631730 4048172 2887062 
3268335 4284375 4972061 4988348 5168625 4576122 5765899 6278588 3524253 3691976 
2828308 4857337 4196730 5082152 4435033 5457079 5274781 5865154 4262077 2913898 
2415284 3117997 5267886 4453273 5374897 5162309 5832015 6029549 5033514 3035739 
2388380 2778895 3300288 4599045 3386380 5790120 5548500 6573512 5078535 3974169 
2591305 3314863 3926149 4796750 4705734 4852006 6295472 5698089 4612833 3561913 
2391820 2571474 4839393 4428916 4672245 5865287 5803068 5694381 5100078 3351971 
3042585 4700610 4835463 5831820 6097533 5451918 5422745 5585273 4026578 3131991 
2938402 3427258 5089520 5738494 5098084 6136271 4941727 5653571 3921480 2959856 
3334992 4972872 6093802 5443097 5567758 5322823 5168811 5264100 3690504 2993057 
2322931 4661747 5236091 5520463 5378667 5312967 5155540 4562115 4313521 3183850 
2594658 5386231 4092280 4870949 4786223 4408449 5707034 4689186 3935283 3419466 
3114534 4044958 4918206 5163961 4541402 4220485 4069513 5299013 3456092 2768221 
2742766 4058767 4897349 4731274 4637452 4620358 4851676 5182077 3717030 2661204 
3448990 3712728 4643101 4491030 4931685 3689524 3903326 4261253 2974981 2310792 
3060981 3785965 3640161 5481615 4472501 5311154 5292252 4428522 4317638 2296528 
3593945 4295103 4690101 4256136 4238027 4423682 4519765 4039670 2902783 2759216 
2623264 3681941 3993456 4556880 4652637 4720936 5337118 5230618 3305745 2996489 
1835594 3444877 4820029 4415986 4508561 3877602 3980091 4319660 3154926 1852182 
1828749 2698432 4074748 4861770 5245269 4744303 5050397 5408537 3184513 2959550 
2489803 2998814 4887255 4719809 5106940 5186171 4762632 4386051 3229778 2097972 
2153474 3383427 3538001 5158992 4655540 5463384 4966290 5580179 3350018 2752368 
2596010 4306684 4484171 4499167 5096715 4115677 4782428 5516903 3880845 2925790 
2734576 4236483 3957958 3928392 4684525 3980827 4897957 5334325 4594037 3211618 
3571715 4682536 4322575 4110137 4934060 4328549 4187208 5304986 4218740 3272782 
2655036 4193285 4697469 2788374 3986659 4537145 4065696 4788332 4268216 3400973 
2488933 3984740 4805994 4116673 3946989 4284281 4744493 4012904 3303184 2480097 
1885124 3767496 4126204 3868332 4207226 4541019 3859491 4745896 4191825 2350480 
2177579 4166113 5069379 4956220 5242598 4669416 4495392 4532001 3424586 2403234 
2727614 3785548 4365712 5271787 4881591 5340316 5689267 5547151 4285715 3423672 
3175427 4290962 4280943 4992816 5339871 5490198 5607598 4591498 4183232 2658501 
3817424 3808246 4179183 4448509 5393872 5239963 5983483 6375706 4176712 3602050 
2800306 4840783 4312801 5063725 4693008 6033988 6270853 5799240 4445849 3498286 
3637821 3738607 4334273 5109966 4864676 5020293 6653626 6644739 5018149 3840380 
3027279 4360033 4161488 4415581 5145843 4582013 5362803 6430050 4453541 3164831 
3017049 4097815 4089480 3830556 4854569 4502195 6455959 5739658 5168045 3874546 
3364222 5246980 5086253 4278844 5001851 5136707 5458580 6008883 4464970 3822632 
2298147 4614996 5155418 4204970 4880450 4526464 6082538 5549989 4049870 3316185 
3929752 5175200 5220059 5267686 4078793 4473706 5040348 5369710 4020730 3382754 
3184188 4575225 4733025 4825886 4345609 4335190 4723470 4607626 3627839 2986855 
4065976 5277137 5624671 4113663 4970303 3938380 5666704 5199302 4395887 3546239 
3689825 5261194 5413325 5821341 5411726 5144429 4979351 5158233 4048807 2752958 
4065358 5597667 5265084 4943114 5084961 5382997 5483457 5168779 4612269 3628704 
3660507 4908622 6184746 5007553 5898165 5494979 5789013 5648508 3554601 3223415 
3900563 5716760 6187773 4893977 4920443 5618412 5393777 5022090 4657293 2489333 
3666680 5222966 5754436 5241639 5015177 4818598 5850330 4691784 3694911 3381204 
3727910 4218973 5530599 5754493 4712160 5805630 5454478 4662114 3738118 2703752 
3352497 4882503 4917988 4327774 4796695 4611736 5439233 5060993 3981592 2636543 
3286085 5318398 5625162 6350595 5844640 5718839 6158043 5147693 3490380 2564733 
4034745 5542433 5519761 4766739 5631500 5138242 4852599 4623369 4344418 2210145 
4130382 5019020 6532184 6254240 5967489 6159632 6041260 6076627 3752305 3132616 
3829981 6236564 6262441 5533676 5555198 5033496 5417281 4721618 3738946 2272970 
4372306 6525533 6331273 6123128 5920690 6765714 5531005 5152632 4237480 3076904 
3918986 4875627 5879869 5909117 5065470 4880174 5128546 4489215 3677087 3374487 
3478610 5186835 5679037 5493043 5629403 5202378 6073160 4813840 4077610 3318959 
2713350 4264997 5290918 4317523 4071295 4670450 4746689 4760489 3239060 3226877 
3109053 3432010 4994371 4767267 4157080 5092728 5965537 5181469 3930732 3206294 
2663290 3423032 4072292 4331678 4222748 4190493 4162471 5949883 3823842 3241120 
3478098 4232000 5025864 4931350 4376901 5104837 5828422 5096997 5437951 3132107 
3275648 4758768 5958325 5971075 5119389 4972540 4784809 4342435 4325673 3367326 
3672959 5057388 6336591 5212585 5498752 5602920 5147490 6312550 3817268 3023560 
3531237 5091417 5910278 5865350 6710741 5170485 5858443 4996891 3833770 2455455 
4162548 4555420 5855701 5562900 5363044 6224301 5837379 5961761 4613973 3199637 
3503059 4072266 5137307 6272986 5661659 7090883 5614751 5993904 4429100 2597043 
3560326 4957654 5332935 5093665 6008111 4987830 6352222 6145948 5070768 3808599 
3971856 3870561 6139499 6373299 6342992 6378147 5969162 4823908 4767183 2739634 
3536418 5002697 5796318 6198835 4955132 6357189 5301435 5192010 3921872 3269993 
3709614 5109620 6854156 6122312 5395410 5819708 5247173 4757877 2758932 2205671 
4443018 4739169 5490927 5827889 5089411 4381339 5062659 4306909 3922494 1951545 
4199888 5325679 6264232 6204674 5257553 5225247 4218476 4508187 3549098 3054414 
3409830 5494163 6389597 5845960 5298817 5704132 4244845 4339946 4328440 2559889 
3753049 5409621 6732505 5085532 5305341 5248498 5442500 4378053 3885873 3211606 
3502938 4952947 6504900 5501160 4438472 6191477 4919892 4437648 3697071 2994133 
3663287 4968924 6670340 5710660 4375816 4351077 5646412 5012107 3788268 2939754 
4083877 4298808 6023296 5581377 4267812 5635205 5737599 5219508 3599345 2741861 
3408788 3888218 5034983 5160466 3610291 4122337 4167900 3813183 3634395 2732921 
3369937 3689229 5022574 4837273 5166606 5210858 5439493 5620220 4106777 3053354 
3395284 4264336 5013465 5885856 5115138 5078591 4437426 3920983 4064979 2359205 
2667946 4012873 4470188 4212238 5743116 6666013 5085033 5501276 3928091 2705411 
3667968 4010110 5613786 5158517 5042753 5869658 5712123 4677869 3274062 2500724 
2966988 3907080 4823472 5775613 5101866 5534472 6570848 5348184 4119368 2196760 
2889516 3660309 4680589 5827576 5953979 6272614 6618012 6519143 4287492 2706717 
3289079 4285295 3633331 5172688 6642306 5138076 6006955 6623904 4090176 3147167 
2855600 4216707 4667912 4610802 6733406 6047185 5928380 6111617 4313212 2712310 
3240946 3981299 4697960 5475823 5783953 5596644 5999685 6273813 4472256 2945873 
2558028 4075501 4801033 5096821 6284953 5198644 5060714 6049914 3959284 2267788 
3293371 4659913 4974621 5975172 5529767 5946682 4762808 5701497 4184078 2547892 
3138911 4121032 5278288 5717425 6558448 5379107 4721127 5200559 4079348 2235896 
3381469 3619666 5067459 4609314 5451842 4306975 5499810 5198716 3923949 3097447 
3519367 5165275 4478298 5809393 4782828 4351076 5425899 5250382 3782973 3153914 
4022627 4278510 4408185 4432461 4416353 3767011 4201123 5825869 3785339 3502508 
4186658 5269886 5619731 4924983 5495520 3594582 4804561 5659376 4209661 3128294 
3438846 4760325 5355124 5157300 4401070 4797481 5300588 5354199 4210861 3479084 
3124551 5202190 5122265 5739770 5334170 5006198 4754212 5127538 4151979 3328746 
4108696 4567471 6205231 5564854 5331994 4906110 5653687 4546770 4435258 3198799 
2661436 3998862 4946376 5340442 5301905 5188111 5815076 4842913 3975822 3703373 
3199106 4186869 5877476 5351047 5330570 5372630 5768649 5640254 4378756 3072032 
2382435 3622040 3715748 5161496 3810100 5075112 5525464 6107321 3916613 3149421 
3612932 4642782 5212247 5284822 6009329 5626772 6741651 5945540 4380694 3015531 
2986415 3480672 4343531 5472427 5373542 5088998 5911385 5334375 4113334 2247618 
3011954 4511373 4299387 6070383 6009616 6399912 5967993 6271479 3897763 3331599 
3038257 4707963 5587510 5712106 6238137 5773363 5666734 4765875 3700684 2397818 
3212178 5212642 6566472 5667872 6345799 6055991 5854106 5742570 3938550 3018165 
3542902 5177030 6174710 6822693 5594330 6210251 5259037 5491093 3552137 2795887 
3847204 5324151 6916322 5586418 6304855 5425672 5472351 4928654 4824797 2707902 
4658653 5688612 6832271 6197957 6944543 6424601 5360291 5674965 3809493 2915240 
4411396 5681817 6852950 6494004 5472530 5849103 4902973 5384655 3543182 2578916 
4234287 5349585 6883679 5752483 5816028 5863592 6400948 5076523 3893887 2747502 
4306599 5818605 5622376 5780960 5428208 4827371 4333908 4684247 3395830 2631897 
3454098 4676411 5676649 5816763 5105846 6175700 6522207 6112002 5240353 3229982 
3804769 4934785 6180173 5118872 6057614 4476984 5987123 5841529 3711912 3710884 
1641906 2950459 3446364 4457715 4602526 5313545 5269188 5701547 4529779 3156212 
2602688 3277118 3661875 3801757 3571967 3507184 3716527 3893695 3633260 2333091 
