19 Mar 2023 17:42:07,335 INFO  concurs.repository.AdminDBRepository 24 <init> - Initializing AdminDBRepository with properties: {jdbc.url=jdbc:sqlite:D:\Facultate\Faculta\An_2_sem_2\MPP_Java\Concurs_inot_Java\swimming_race.db}
19 Mar 2023 17:42:07,341 INFO  concurs.repository.ContestantDBRepository 21 <init> - Initializing ContestantDBRepository with properties: {jdbc.url=jdbc:sqlite:D:\Facultate\Faculta\An_2_sem_2\MPP_Java\Concurs_inot_Java\swimming_race.db}
19 Mar 2023 17:42:07,343 INFO  concurs.repository.ParticipationDBRepository 20 <init> - Initializing ParicipationDBRepository with properties: {jdbc.url=jdbc:sqlite:D:\Facultate\Faculta\An_2_sem_2\MPP_Java\Concurs_inot_Java\swimming_race.db}
19 Mar 2023 17:42:07,344 INFO  concurs.repository.SwimmingRaceDBRepository 20 <init> - Initializing SwimmingRaceDBRepository with properties: {jdbc.url=jdbc:sqlite:D:\Facultate\Faculta\An_2_sem_2\MPP_Java\Concurs_inot_Java\swimming_race.db}
19 Mar 2023 17:42:07,348 TRACE concurs.repository.AdminDBRepository 30 getAccount - Enter getting account by email boss@email.com and password boss
19 Mar 2023 17:42:07,348 TRACE concurs.repository.JdbcUtils 47 getConnection - Enter
19 Mar 2023 17:42:07,348 TRACE concurs.repository.JdbcUtils 24 getNewConnection - Enter
19 Mar 2023 17:42:07,349 INFO  concurs.repository.JdbcUtils 29 getNewConnection - trying to connect to database ... jdbc:sqlite:D:\Facultate\Faculta\An_2_sem_2\MPP_Java\Concurs_inot_Java\swimming_race.db
19 Mar 2023 17:42:07,349 INFO  concurs.repository.JdbcUtils 30 getNewConnection - user: null
19 Mar 2023 17:42:07,349 INFO  concurs.repository.JdbcUtils 31 getNewConnection - pass: null
19 Mar 2023 17:42:07,535 TRACE concurs.repository.JdbcUtils 56 getConnection - Exit with(org.sqlite.jdbc4.JDBC4Connection@5b247367)
19 Mar 2023 17:42:07,547 TRACE concurs.repository.AdminDBRepository 47 getAccount - Exit with(Admin{ID=1, email='boss@email.com', password='boss', officeID=1})
19 Mar 2023 17:44:39,204 INFO  concurs.repository.AdminDBRepository 24 <init> - Initializing AdminDBRepository with properties: {jdbc.url=jdbc:sqlite:D:\Facultate\Faculta\An_2_sem_2\MPP_Java\Concurs_inot_Java\swimming_race.db}
19 Mar 2023 17:44:39,214 INFO  concurs.repository.ContestantDBRepository 21 <init> - Initializing ContestantDBRepository with properties: {jdbc.url=jdbc:sqlite:D:\Facultate\Faculta\An_2_sem_2\MPP_Java\Concurs_inot_Java\swimming_race.db}
19 Mar 2023 17:44:39,217 INFO  concurs.repository.ParticipationDBRepository 20 <init> - Initializing ParicipationDBRepository with properties: {jdbc.url=jdbc:sqlite:D:\Facultate\Faculta\An_2_sem_2\MPP_Java\Concurs_inot_Java\swimming_race.db}
19 Mar 2023 17:44:39,219 INFO  concurs.repository.SwimmingRaceDBRepository 20 <init> - Initializing SwimmingRaceDBRepository with properties: {jdbc.url=jdbc:sqlite:D:\Facultate\Faculta\An_2_sem_2\MPP_Java\Concurs_inot_Java\swimming_race.db}
19 Mar 2023 17:44:39,228 TRACE concurs.repository.ContestantDBRepository 58 add - Enter saving task Contestant{ID=-1, name='Radu', age=21}
19 Mar 2023 17:44:39,228 TRACE concurs.repository.JdbcUtils 47 getConnection - Enter
19 Mar 2023 17:44:39,228 TRACE concurs.repository.JdbcUtils 24 getNewConnection - Enter
19 Mar 2023 17:44:39,229 INFO  concurs.repository.JdbcUtils 29 getNewConnection - trying to connect to database ... jdbc:sqlite:D:\Facultate\Faculta\An_2_sem_2\MPP_Java\Concurs_inot_Java\swimming_race.db
19 Mar 2023 17:44:39,229 INFO  concurs.repository.JdbcUtils 30 getNewConnection - user: null
19 Mar 2023 17:44:39,229 INFO  concurs.repository.JdbcUtils 31 getNewConnection - pass: null
19 Mar 2023 17:44:39,479 TRACE concurs.repository.JdbcUtils 56 getConnection - Exit with(org.sqlite.jdbc4.JDBC4Connection@221a3fa4)
19 Mar 2023 17:44:39,622 TRACE concurs.repository.ContestantDBRepository 65 add - Saved 1 instances
19 Mar 2023 17:44:39,623 TRACE concurs.repository.ContestantDBRepository 70 add - Exit
19 Mar 2023 17:51:08,392 INFO  concurs.repository.AdminDBRepository 24 <init> - Initializing AdminDBRepository with properties: {jdbc.url=jdbc:sqlite:D:\Facultate\Faculta\An_2_sem_2\MPP_Java\Concurs_inot_Java\swimming_race.db}
19 Mar 2023 17:51:08,402 INFO  concurs.repository.ContestantDBRepository 21 <init> - Initializing ContestantDBRepository with properties: {jdbc.url=jdbc:sqlite:D:\Facultate\Faculta\An_2_sem_2\MPP_Java\Concurs_inot_Java\swimming_race.db}
19 Mar 2023 17:51:08,405 INFO  concurs.repository.ParticipationDBRepository 20 <init> - Initializing ParicipationDBRepository with properties: {jdbc.url=jdbc:sqlite:D:\Facultate\Faculta\An_2_sem_2\MPP_Java\Concurs_inot_Java\swimming_race.db}
19 Mar 2023 17:51:08,408 INFO  concurs.repository.SwimmingRaceDBRepository 20 <init> - Initializing SwimmingRaceDBRepository with properties: {jdbc.url=jdbc:sqlite:D:\Facultate\Faculta\An_2_sem_2\MPP_Java\Concurs_inot_Java\swimming_race.db}
19 Mar 2023 17:51:08,413 TRACE concurs.repository.AdminDBRepository 30 getAccount - Enter getting account by email boss@email.com and password boss
19 Mar 2023 17:51:08,413 TRACE concurs.repository.JdbcUtils 47 getConnection - Enter
19 Mar 2023 17:51:08,414 TRACE concurs.repository.JdbcUtils 24 getNewConnection - Enter
19 Mar 2023 17:51:08,414 INFO  concurs.repository.JdbcUtils 29 getNewConnection - trying to connect to database ... jdbc:sqlite:D:\Facultate\Faculta\An_2_sem_2\MPP_Java\Concurs_inot_Java\swimming_race.db
19 Mar 2023 17:51:08,415 INFO  concurs.repository.JdbcUtils 30 getNewConnection - user: null
19 Mar 2023 17:51:08,415 INFO  concurs.repository.JdbcUtils 31 getNewConnection - pass: null
19 Mar 2023 17:51:08,665 TRACE concurs.repository.JdbcUtils 56 getConnection - Exit with(org.sqlite.jdbc4.JDBC4Connection@5b247367)
19 Mar 2023 17:51:08,683 TRACE concurs.repository.AdminDBRepository 48 getAccount - Exit with(Admin{ID=1, email='boss@email.com', password='boss', officeID=1})
19 Mar 2023 17:51:52,494 INFO  concurs.repository.AdminDBRepository 24 <init> - Initializing AdminDBRepository with properties: {jdbc.url=jdbc:sqlite:D:\Facultate\Faculta\An_2_sem_2\MPP_Java\Concurs_inot_Java\swimming_race.db}
19 Mar 2023 17:51:52,501 INFO  concurs.repository.ContestantDBRepository 21 <init> - Initializing ContestantDBRepository with properties: {jdbc.url=jdbc:sqlite:D:\Facultate\Faculta\An_2_sem_2\MPP_Java\Concurs_inot_Java\swimming_race.db}
19 Mar 2023 17:51:52,503 INFO  concurs.repository.ParticipationDBRepository 20 <init> - Initializing ParicipationDBRepository with properties: {jdbc.url=jdbc:sqlite:D:\Facultate\Faculta\An_2_sem_2\MPP_Java\Concurs_inot_Java\swimming_race.db}
19 Mar 2023 17:51:52,506 INFO  concurs.repository.SwimmingRaceDBRepository 20 <init> - Initializing SwimmingRaceDBRepository with properties: {jdbc.url=jdbc:sqlite:D:\Facultate\Faculta\An_2_sem_2\MPP_Java\Concurs_inot_Java\swimming_race.db}
19 Mar 2023 17:51:52,515 TRACE concurs.repository.ContestantDBRepository 59 add - Enter saving task Contestant{ID=null, name='Vlad', age=20}
19 Mar 2023 17:51:52,515 TRACE concurs.repository.JdbcUtils 47 getConnection - Enter
19 Mar 2023 17:51:52,516 TRACE concurs.repository.JdbcUtils 24 getNewConnection - Enter
19 Mar 2023 17:51:52,516 INFO  concurs.repository.JdbcUtils 29 getNewConnection - trying to connect to database ... jdbc:sqlite:D:\Facultate\Faculta\An_2_sem_2\MPP_Java\Concurs_inot_Java\swimming_race.db
19 Mar 2023 17:51:52,516 INFO  concurs.repository.JdbcUtils 30 getNewConnection - user: null
19 Mar 2023 17:51:52,516 INFO  concurs.repository.JdbcUtils 31 getNewConnection - pass: null
19 Mar 2023 17:51:52,699 TRACE concurs.repository.JdbcUtils 56 getConnection - Exit with(org.sqlite.jdbc4.JDBC4Connection@451001e5)
19 Mar 2023 17:51:52,817 TRACE concurs.repository.ContestantDBRepository 66 add - Saved 1 instances
19 Mar 2023 17:51:52,818 TRACE concurs.repository.ContestantDBRepository 71 add - Exit
19 Mar 2023 17:54:37,586 INFO  concurs.repository.AdminDBRepository 24 <init> - Initializing AdminDBRepository with properties: {jdbc.url=jdbc:sqlite:D:\Facultate\Faculta\An_2_sem_2\MPP_Java\Concurs_inot_Java\swimming_race.db}
19 Mar 2023 17:54:37,595 INFO  concurs.repository.ContestantDBRepository 21 <init> - Initializing ContestantDBRepository with properties: {jdbc.url=jdbc:sqlite:D:\Facultate\Faculta\An_2_sem_2\MPP_Java\Concurs_inot_Java\swimming_race.db}
19 Mar 2023 17:54:37,597 INFO  concurs.repository.ParticipationDBRepository 20 <init> - Initializing ParicipationDBRepository with properties: {jdbc.url=jdbc:sqlite:D:\Facultate\Faculta\An_2_sem_2\MPP_Java\Concurs_inot_Java\swimming_race.db}
19 Mar 2023 17:54:37,599 INFO  concurs.repository.SwimmingRaceDBRepository 20 <init> - Initializing SwimmingRaceDBRepository with properties: {jdbc.url=jdbc:sqlite:D:\Facultate\Faculta\An_2_sem_2\MPP_Java\Concurs_inot_Java\swimming_race.db}
19 Mar 2023 17:54:37,602 TRACE concurs.repository.ContestantDBRepository 27 getByRace - Enter finding by race with distance 50m and style liber
19 Mar 2023 17:54:37,603 TRACE concurs.repository.JdbcUtils 47 getConnection - Enter
19 Mar 2023 17:54:37,603 TRACE concurs.repository.JdbcUtils 24 getNewConnection - Enter
19 Mar 2023 17:54:37,603 INFO  concurs.repository.JdbcUtils 29 getNewConnection - trying to connect to database ... jdbc:sqlite:D:\Facultate\Faculta\An_2_sem_2\MPP_Java\Concurs_inot_Java\swimming_race.db
19 Mar 2023 17:54:37,604 INFO  concurs.repository.JdbcUtils 30 getNewConnection - user: null
19 Mar 2023 17:54:37,604 INFO  concurs.repository.JdbcUtils 31 getNewConnection - pass: null
19 Mar 2023 17:54:37,832 TRACE concurs.repository.JdbcUtils 56 getConnection - Exit with(org.sqlite.jdbc4.JDBC4Connection@5b247367)
19 Mar 2023 17:54:37,842 TRACE concurs.repository.ContestantDBRepository 53 getByRace - Exit with([Contestant{ID=1, name='Flaviu', age=20}, Contestant{ID=3, name='Radu', age=21}])
19 Mar 2023 17:55:10,288 INFO  concurs.repository.AdminDBRepository 24 <init> - Initializing AdminDBRepository with properties: {jdbc.url=jdbc:sqlite:D:\Facultate\Faculta\An_2_sem_2\MPP_Java\Concurs_inot_Java\swimming_race.db}
19 Mar 2023 17:55:10,293 INFO  concurs.repository.ContestantDBRepository 21 <init> - Initializing ContestantDBRepository with properties: {jdbc.url=jdbc:sqlite:D:\Facultate\Faculta\An_2_sem_2\MPP_Java\Concurs_inot_Java\swimming_race.db}
19 Mar 2023 17:55:10,295 INFO  concurs.repository.ParticipationDBRepository 20 <init> - Initializing ParicipationDBRepository with properties: {jdbc.url=jdbc:sqlite:D:\Facultate\Faculta\An_2_sem_2\MPP_Java\Concurs_inot_Java\swimming_race.db}
19 Mar 2023 17:55:10,297 INFO  concurs.repository.SwimmingRaceDBRepository 20 <init> - Initializing SwimmingRaceDBRepository with properties: {jdbc.url=jdbc:sqlite:D:\Facultate\Faculta\An_2_sem_2\MPP_Java\Concurs_inot_Java\swimming_race.db}
19 Mar 2023 17:55:10,299 TRACE concurs.repository.ContestantDBRepository 27 getByRace - Enter finding by race with distance 200m and style spate
19 Mar 2023 17:55:10,299 TRACE concurs.repository.JdbcUtils 47 getConnection - Enter
19 Mar 2023 17:55:10,299 TRACE concurs.repository.JdbcUtils 24 getNewConnection - Enter
19 Mar 2023 17:55:10,299 INFO  concurs.repository.JdbcUtils 29 getNewConnection - trying to connect to database ... jdbc:sqlite:D:\Facultate\Faculta\An_2_sem_2\MPP_Java\Concurs_inot_Java\swimming_race.db
19 Mar 2023 17:55:10,300 INFO  concurs.repository.JdbcUtils 30 getNewConnection - user: null
19 Mar 2023 17:55:10,300 INFO  concurs.repository.JdbcUtils 31 getNewConnection - pass: null
19 Mar 2023 17:55:10,485 TRACE concurs.repository.JdbcUtils 56 getConnection - Exit with(org.sqlite.jdbc4.JDBC4Connection@5b247367)
19 Mar 2023 17:55:10,496 TRACE concurs.repository.ContestantDBRepository 53 getByRace - Exit with([Contestant{ID=1, name='Flaviu', age=20}, Contestant{ID=2, name='Ilinca', age=19}, Contestant{ID=4, name='Vlad', age=20}])
19 Mar 2023 17:55:30,311 INFO  concurs.repository.AdminDBRepository 24 <init> - Initializing AdminDBRepository with properties: {jdbc.url=jdbc:sqlite:D:\Facultate\Faculta\An_2_sem_2\MPP_Java\Concurs_inot_Java\swimming_race.db}
19 Mar 2023 17:55:30,317 INFO  concurs.repository.ContestantDBRepository 21 <init> - Initializing ContestantDBRepository with properties: {jdbc.url=jdbc:sqlite:D:\Facultate\Faculta\An_2_sem_2\MPP_Java\Concurs_inot_Java\swimming_race.db}
19 Mar 2023 17:55:30,318 INFO  concurs.repository.ParticipationDBRepository 20 <init> - Initializing ParicipationDBRepository with properties: {jdbc.url=jdbc:sqlite:D:\Facultate\Faculta\An_2_sem_2\MPP_Java\Concurs_inot_Java\swimming_race.db}
19 Mar 2023 17:55:30,320 INFO  concurs.repository.SwimmingRaceDBRepository 20 <init> - Initializing SwimmingRaceDBRepository with properties: {jdbc.url=jdbc:sqlite:D:\Facultate\Faculta\An_2_sem_2\MPP_Java\Concurs_inot_Java\swimming_race.db}
19 Mar 2023 17:55:30,324 TRACE concurs.repository.ContestantDBRepository 27 getByRace - Enter finding by race with distance 800m and style fluture
19 Mar 2023 17:55:30,324 TRACE concurs.repository.JdbcUtils 47 getConnection - Enter
19 Mar 2023 17:55:30,324 TRACE concurs.repository.JdbcUtils 24 getNewConnection - Enter
19 Mar 2023 17:55:30,325 INFO  concurs.repository.JdbcUtils 29 getNewConnection - trying to connect to database ... jdbc:sqlite:D:\Facultate\Faculta\An_2_sem_2\MPP_Java\Concurs_inot_Java\swimming_race.db
19 Mar 2023 17:55:30,325 INFO  concurs.repository.JdbcUtils 30 getNewConnection - user: null
19 Mar 2023 17:55:30,326 INFO  concurs.repository.JdbcUtils 31 getNewConnection - pass: null
19 Mar 2023 17:55:30,517 TRACE concurs.repository.JdbcUtils 56 getConnection - Exit with(org.sqlite.jdbc4.JDBC4Connection@5b247367)
19 Mar 2023 17:55:30,526 TRACE concurs.repository.ContestantDBRepository 53 getByRace - Exit with([Contestant{ID=2, name='Ilinca', age=19}])
19 Mar 2023 17:56:13,896 INFO  concurs.repository.AdminDBRepository 24 <init> - Initializing AdminDBRepository with properties: {jdbc.url=jdbc:sqlite:D:\Facultate\Faculta\An_2_sem_2\MPP_Java\Concurs_inot_Java\swimming_race.db}
19 Mar 2023 17:56:13,903 INFO  concurs.repository.ContestantDBRepository 21 <init> - Initializing ContestantDBRepository with properties: {jdbc.url=jdbc:sqlite:D:\Facultate\Faculta\An_2_sem_2\MPP_Java\Concurs_inot_Java\swimming_race.db}
19 Mar 2023 17:56:13,905 INFO  concurs.repository.ParticipationDBRepository 20 <init> - Initializing ParicipationDBRepository with properties: {jdbc.url=jdbc:sqlite:D:\Facultate\Faculta\An_2_sem_2\MPP_Java\Concurs_inot_Java\swimming_race.db}
19 Mar 2023 17:56:13,908 INFO  concurs.repository.SwimmingRaceDBRepository 20 <init> - Initializing SwimmingRaceDBRepository with properties: {jdbc.url=jdbc:sqlite:D:\Facultate\Faculta\An_2_sem_2\MPP_Java\Concurs_inot_Java\swimming_race.db}
19 Mar 2023 17:56:13,911 TRACE concurs.repository.AdminDBRepository 30 getAccount - Enter getting account by email boss@email.com and password boss
19 Mar 2023 17:56:13,911 TRACE concurs.repository.JdbcUtils 47 getConnection - Enter
19 Mar 2023 17:56:13,911 TRACE concurs.repository.JdbcUtils 24 getNewConnection - Enter
19 Mar 2023 17:56:13,912 INFO  concurs.repository.JdbcUtils 29 getNewConnection - trying to connect to database ... jdbc:sqlite:D:\Facultate\Faculta\An_2_sem_2\MPP_Java\Concurs_inot_Java\swimming_race.db
19 Mar 2023 17:56:13,912 INFO  concurs.repository.JdbcUtils 30 getNewConnection - user: null
19 Mar 2023 17:56:13,913 INFO  concurs.repository.JdbcUtils 31 getNewConnection - pass: null
19 Mar 2023 17:56:14,112 TRACE concurs.repository.JdbcUtils 56 getConnection - Exit with(org.sqlite.jdbc4.JDBC4Connection@5b247367)
19 Mar 2023 17:56:14,122 TRACE concurs.repository.AdminDBRepository 48 getAccount - Exit with(Admin{ID=1, email='boss@email.com', password='boss', officeID=1})
19 Mar 2023 17:56:14,123 TRACE concurs.repository.ContestantDBRepository 27 getByRace - Enter finding by race with distance 800m and style fluture
19 Mar 2023 17:56:14,123 TRACE concurs.repository.JdbcUtils 47 getConnection - Enter
19 Mar 2023 17:56:14,123 TRACE concurs.repository.JdbcUtils 24 getNewConnection - Enter
19 Mar 2023 17:56:14,123 INFO  concurs.repository.JdbcUtils 29 getNewConnection - trying to connect to database ... jdbc:sqlite:D:\Facultate\Faculta\An_2_sem_2\MPP_Java\Concurs_inot_Java\swimming_race.db
19 Mar 2023 17:56:14,124 INFO  concurs.repository.JdbcUtils 30 getNewConnection - user: null
19 Mar 2023 17:56:14,124 INFO  concurs.repository.JdbcUtils 31 getNewConnection - pass: null
19 Mar 2023 17:56:14,125 TRACE concurs.repository.JdbcUtils 56 getConnection - Exit with(org.sqlite.jdbc4.JDBC4Connection@17fc391b)
19 Mar 2023 17:56:14,130 TRACE concurs.repository.ContestantDBRepository 53 getByRace - Exit with([Contestant{ID=2, name='Ilinca', age=19}])
19 Mar 2023 17:56:30,712 INFO  concurs.repository.AdminDBRepository 24 <init> - Initializing AdminDBRepository with properties: {jdbc.url=jdbc:sqlite:D:\Facultate\Faculta\An_2_sem_2\MPP_Java\Concurs_inot_Java\swimming_race.db}
19 Mar 2023 17:56:30,717 INFO  concurs.repository.ContestantDBRepository 21 <init> - Initializing ContestantDBRepository with properties: {jdbc.url=jdbc:sqlite:D:\Facultate\Faculta\An_2_sem_2\MPP_Java\Concurs_inot_Java\swimming_race.db}
19 Mar 2023 17:56:30,719 INFO  concurs.repository.ParticipationDBRepository 20 <init> - Initializing ParicipationDBRepository with properties: {jdbc.url=jdbc:sqlite:D:\Facultate\Faculta\An_2_sem_2\MPP_Java\Concurs_inot_Java\swimming_race.db}
19 Mar 2023 17:56:30,720 INFO  concurs.repository.SwimmingRaceDBRepository 20 <init> - Initializing SwimmingRaceDBRepository with properties: {jdbc.url=jdbc:sqlite:D:\Facultate\Faculta\An_2_sem_2\MPP_Java\Concurs_inot_Java\swimming_race.db}
19 Mar 2023 17:56:30,722 TRACE concurs.repository.AdminDBRepository 30 getAccount - Enter getting account by email boss@email.com and password boss
19 Mar 2023 17:56:30,723 TRACE concurs.repository.JdbcUtils 47 getConnection - Enter
19 Mar 2023 17:56:30,723 TRACE concurs.repository.JdbcUtils 24 getNewConnection - Enter
19 Mar 2023 17:56:30,723 INFO  concurs.repository.JdbcUtils 29 getNewConnection - trying to connect to database ... jdbc:sqlite:D:\Facultate\Faculta\An_2_sem_2\MPP_Java\Concurs_inot_Java\swimming_race.db
19 Mar 2023 17:56:30,724 INFO  concurs.repository.JdbcUtils 30 getNewConnection - user: null
19 Mar 2023 17:56:30,724 INFO  concurs.repository.JdbcUtils 31 getNewConnection - pass: null
19 Mar 2023 17:56:30,910 TRACE concurs.repository.JdbcUtils 56 getConnection - Exit with(org.sqlite.jdbc4.JDBC4Connection@5b247367)
19 Mar 2023 17:56:30,923 TRACE concurs.repository.AdminDBRepository 48 getAccount - Exit with(Admin{ID=1, email='boss@email.com', password='boss', officeID=1})
19 Mar 2023 17:56:30,924 TRACE concurs.repository.ContestantDBRepository 27 getByRace - Enter finding by race with distance 800m and style brate
19 Mar 2023 17:56:30,924 TRACE concurs.repository.JdbcUtils 47 getConnection - Enter
19 Mar 2023 17:56:30,924 TRACE concurs.repository.JdbcUtils 24 getNewConnection - Enter
19 Mar 2023 17:56:30,924 INFO  concurs.repository.JdbcUtils 29 getNewConnection - trying to connect to database ... jdbc:sqlite:D:\Facultate\Faculta\An_2_sem_2\MPP_Java\Concurs_inot_Java\swimming_race.db
19 Mar 2023 17:56:30,925 INFO  concurs.repository.JdbcUtils 30 getNewConnection - user: null
19 Mar 2023 17:56:30,925 INFO  concurs.repository.JdbcUtils 31 getNewConnection - pass: null
19 Mar 2023 17:56:30,927 TRACE concurs.repository.JdbcUtils 56 getConnection - Exit with(org.sqlite.jdbc4.JDBC4Connection@17fc391b)
19 Mar 2023 17:56:30,928 TRACE concurs.repository.ContestantDBRepository 53 getByRace - Exit with([])
19 Mar 2023 18:04:28,631 INFO  concurs.repository.AdminDBRepository 24 <init> - Initializing AdminDBRepository with properties: {jdbc.url=jdbc:sqlite:D:\Facultate\Faculta\An_2_sem_2\MPP_Java\Concurs_inot_Java\swimming_race.db}
19 Mar 2023 18:04:28,642 INFO  concurs.repository.ContestantDBRepository 21 <init> - Initializing ContestantDBRepository with properties: {jdbc.url=jdbc:sqlite:D:\Facultate\Faculta\An_2_sem_2\MPP_Java\Concurs_inot_Java\swimming_race.db}
19 Mar 2023 18:04:28,644 INFO  concurs.repository.ParticipationDBRepository 20 <init> - Initializing ParicipationDBRepository with properties: {jdbc.url=jdbc:sqlite:D:\Facultate\Faculta\An_2_sem_2\MPP_Java\Concurs_inot_Java\swimming_race.db}
19 Mar 2023 18:04:28,647 INFO  concurs.repository.SwimmingRaceDBRepository 20 <init> - Initializing SwimmingRaceDBRepository with properties: {jdbc.url=jdbc:sqlite:D:\Facultate\Faculta\An_2_sem_2\MPP_Java\Concurs_inot_Java\swimming_race.db}
19 Mar 2023 18:04:28,650 TRACE concurs.repository.AdminDBRepository 30 getAccount - Enter getting account by email boss@email.com and password boss
19 Mar 2023 18:04:28,650 TRACE concurs.repository.JdbcUtils 47 getConnection - Enter
19 Mar 2023 18:04:28,651 TRACE concurs.repository.JdbcUtils 24 getNewConnection - Enter
19 Mar 2023 18:04:28,651 INFO  concurs.repository.JdbcUtils 29 getNewConnection - trying to connect to database ... jdbc:sqlite:D:\Facultate\Faculta\An_2_sem_2\MPP_Java\Concurs_inot_Java\swimming_race.db
19 Mar 2023 18:04:28,652 INFO  concurs.repository.JdbcUtils 30 getNewConnection - user: null
19 Mar 2023 18:04:28,652 INFO  concurs.repository.JdbcUtils 31 getNewConnection - pass: null
19 Mar 2023 18:04:28,913 TRACE concurs.repository.JdbcUtils 56 getConnection - Exit with(org.sqlite.jdbc4.JDBC4Connection@5b247367)
19 Mar 2023 18:04:28,924 TRACE concurs.repository.AdminDBRepository 48 getAccount - Exit with(Admin{ID=1, email='boss@email.com', password='boss', officeID=1})
19 Mar 2023 18:04:28,925 TRACE concurs.repository.ContestantDBRepository 27 getByRace - Enter finding by race with distance 200m and style spate
19 Mar 2023 18:04:28,925 TRACE concurs.repository.JdbcUtils 47 getConnection - Enter
19 Mar 2023 18:04:28,925 TRACE concurs.repository.JdbcUtils 24 getNewConnection - Enter
19 Mar 2023 18:04:28,926 INFO  concurs.repository.JdbcUtils 29 getNewConnection - trying to connect to database ... jdbc:sqlite:D:\Facultate\Faculta\An_2_sem_2\MPP_Java\Concurs_inot_Java\swimming_race.db
19 Mar 2023 18:04:28,926 INFO  concurs.repository.JdbcUtils 30 getNewConnection - user: null
19 Mar 2023 18:04:28,926 INFO  concurs.repository.JdbcUtils 31 getNewConnection - pass: null
19 Mar 2023 18:04:28,927 TRACE concurs.repository.JdbcUtils 56 getConnection - Exit with(org.sqlite.jdbc4.JDBC4Connection@17fc391b)
19 Mar 2023 18:04:28,933 TRACE concurs.repository.ContestantDBRepository 53 getByRace - Exit with([Contestant{ID=1, name='Flaviu', age=20}, Contestant{ID=2, name='Ilinca', age=19}, Contestant{ID=4, name='Vlad', age=20}])
19 Mar 2023 18:04:49,445 INFO  concurs.repository.AdminDBRepository 24 <init> - Initializing AdminDBRepository with properties: {jdbc.url=jdbc:sqlite:D:\Facultate\Faculta\An_2_sem_2\MPP_Java\Concurs_inot_Java\swimming_race.db}
19 Mar 2023 18:04:49,450 INFO  concurs.repository.ContestantDBRepository 21 <init> - Initializing ContestantDBRepository with properties: {jdbc.url=jdbc:sqlite:D:\Facultate\Faculta\An_2_sem_2\MPP_Java\Concurs_inot_Java\swimming_race.db}
19 Mar 2023 18:04:49,452 INFO  concurs.repository.ParticipationDBRepository 20 <init> - Initializing ParicipationDBRepository with properties: {jdbc.url=jdbc:sqlite:D:\Facultate\Faculta\An_2_sem_2\MPP_Java\Concurs_inot_Java\swimming_race.db}
19 Mar 2023 18:04:49,453 INFO  concurs.repository.SwimmingRaceDBRepository 20 <init> - Initializing SwimmingRaceDBRepository with properties: {jdbc.url=jdbc:sqlite:D:\Facultate\Faculta\An_2_sem_2\MPP_Java\Concurs_inot_Java\swimming_race.db}
19 Mar 2023 18:04:49,455 TRACE concurs.repository.AdminDBRepository 30 getAccount - Enter getting account by email boss@email.com and password boss
19 Mar 2023 18:04:49,456 TRACE concurs.repository.JdbcUtils 47 getConnection - Enter
19 Mar 2023 18:04:49,456 TRACE concurs.repository.JdbcUtils 24 getNewConnection - Enter
19 Mar 2023 18:04:49,456 INFO  concurs.repository.JdbcUtils 29 getNewConnection - trying to connect to database ... jdbc:sqlite:D:\Facultate\Faculta\An_2_sem_2\MPP_Java\Concurs_inot_Java\swimming_race.db
19 Mar 2023 18:04:49,457 INFO  concurs.repository.JdbcUtils 30 getNewConnection - user: null
19 Mar 2023 18:04:49,457 INFO  concurs.repository.JdbcUtils 31 getNewConnection - pass: null
19 Mar 2023 18:04:49,641 TRACE concurs.repository.JdbcUtils 56 getConnection - Exit with(org.sqlite.jdbc4.JDBC4Connection@5b247367)
19 Mar 2023 18:04:49,653 TRACE concurs.repository.AdminDBRepository 48 getAccount - Exit with(Admin{ID=1, email='boss@email.com', password='boss', officeID=1})
19 Mar 2023 18:04:49,653 TRACE concurs.repository.ContestantDBRepository 27 getByRace - Enter finding by race with distance 200m and style spate
19 Mar 2023 18:04:49,654 TRACE concurs.repository.JdbcUtils 47 getConnection - Enter
19 Mar 2023 18:04:49,654 TRACE concurs.repository.JdbcUtils 24 getNewConnection - Enter
19 Mar 2023 18:04:49,654 INFO  concurs.repository.JdbcUtils 29 getNewConnection - trying to connect to database ... jdbc:sqlite:D:\Facultate\Faculta\An_2_sem_2\MPP_Java\Concurs_inot_Java\swimming_race.db
19 Mar 2023 18:04:49,654 INFO  concurs.repository.JdbcUtils 30 getNewConnection - user: null
19 Mar 2023 18:04:49,655 INFO  concurs.repository.JdbcUtils 31 getNewConnection - pass: null
19 Mar 2023 18:04:49,656 TRACE concurs.repository.JdbcUtils 56 getConnection - Exit with(org.sqlite.jdbc4.JDBC4Connection@17fc391b)
19 Mar 2023 18:04:49,664 TRACE concurs.repository.ContestantDBRepository 53 getByRace - Exit with([Contestant{ID=1, name='Flaviu', age=20}, Contestant{ID=2, name='Ilinca', age=19}, Contestant{ID=4, name='Vlad', age=20}])
19 Mar 2023 18:04:49,665 TRACE concurs.repository.ContestantDBRepository 59 add - Enter saving task Contestant{ID=1, name='ads', age=2}
19 Mar 2023 18:04:49,665 TRACE concurs.repository.JdbcUtils 47 getConnection - Enter
19 Mar 2023 18:04:49,665 TRACE concurs.repository.JdbcUtils 56 getConnection - Exit with(org.sqlite.jdbc4.JDBC4Connection@17fc391b)
19 Mar 2023 18:04:49,668 ERROR concurs.repository.ContestantDBRepository 69 add - org.sqlite.SQLiteException: [SQLITE_CONSTRAINT_PRIMARYKEY]  A PRIMARY KEY constraint failed (UNIQUE constraint failed: Contestant.ID)
19 Mar 2023 18:04:49,669 TRACE concurs.repository.ContestantDBRepository 72 add - Exit
19 Mar 2023 18:05:08,802 INFO  concurs.repository.AdminDBRepository 24 <init> - Initializing AdminDBRepository with properties: {jdbc.url=jdbc:sqlite:D:\Facultate\Faculta\An_2_sem_2\MPP_Java\Concurs_inot_Java\swimming_race.db}
19 Mar 2023 18:05:08,808 INFO  concurs.repository.ContestantDBRepository 21 <init> - Initializing ContestantDBRepository with properties: {jdbc.url=jdbc:sqlite:D:\Facultate\Faculta\An_2_sem_2\MPP_Java\Concurs_inot_Java\swimming_race.db}
19 Mar 2023 18:05:08,810 INFO  concurs.repository.ParticipationDBRepository 20 <init> - Initializing ParicipationDBRepository with properties: {jdbc.url=jdbc:sqlite:D:\Facultate\Faculta\An_2_sem_2\MPP_Java\Concurs_inot_Java\swimming_race.db}
19 Mar 2023 18:05:08,812 INFO  concurs.repository.SwimmingRaceDBRepository 20 <init> - Initializing SwimmingRaceDBRepository with properties: {jdbc.url=jdbc:sqlite:D:\Facultate\Faculta\An_2_sem_2\MPP_Java\Concurs_inot_Java\swimming_race.db}
19 Mar 2023 18:05:08,814 TRACE concurs.repository.AdminDBRepository 30 getAccount - Enter getting account by email boss@email.com and password boss
19 Mar 2023 18:05:08,815 TRACE concurs.repository.JdbcUtils 47 getConnection - Enter
19 Mar 2023 18:05:08,815 TRACE concurs.repository.JdbcUtils 24 getNewConnection - Enter
19 Mar 2023 18:05:08,815 INFO  concurs.repository.JdbcUtils 29 getNewConnection - trying to connect to database ... jdbc:sqlite:D:\Facultate\Faculta\An_2_sem_2\MPP_Java\Concurs_inot_Java\swimming_race.db
19 Mar 2023 18:05:08,815 INFO  concurs.repository.JdbcUtils 30 getNewConnection - user: null
19 Mar 2023 18:05:08,815 INFO  concurs.repository.JdbcUtils 31 getNewConnection - pass: null
19 Mar 2023 18:05:08,996 TRACE concurs.repository.JdbcUtils 56 getConnection - Exit with(org.sqlite.jdbc4.JDBC4Connection@5b247367)
19 Mar 2023 18:05:09,008 TRACE concurs.repository.AdminDBRepository 48 getAccount - Exit with(Admin{ID=1, email='boss@email.com', password='boss', officeID=1})
19 Mar 2023 18:05:09,008 TRACE concurs.repository.ContestantDBRepository 27 getByRace - Enter finding by race with distance 200m and style spate
19 Mar 2023 18:05:09,008 TRACE concurs.repository.JdbcUtils 47 getConnection - Enter
19 Mar 2023 18:05:09,009 TRACE concurs.repository.JdbcUtils 24 getNewConnection - Enter
19 Mar 2023 18:05:09,009 INFO  concurs.repository.JdbcUtils 29 getNewConnection - trying to connect to database ... jdbc:sqlite:D:\Facultate\Faculta\An_2_sem_2\MPP_Java\Concurs_inot_Java\swimming_race.db
19 Mar 2023 18:05:09,009 INFO  concurs.repository.JdbcUtils 30 getNewConnection - user: null
19 Mar 2023 18:05:09,010 INFO  concurs.repository.JdbcUtils 31 getNewConnection - pass: null
19 Mar 2023 18:05:09,011 TRACE concurs.repository.JdbcUtils 56 getConnection - Exit with(org.sqlite.jdbc4.JDBC4Connection@17fc391b)
19 Mar 2023 18:05:09,017 TRACE concurs.repository.ContestantDBRepository 53 getByRace - Exit with([Contestant{ID=1, name='Flaviu', age=20}, Contestant{ID=2, name='Ilinca', age=19}, Contestant{ID=4, name='Vlad', age=20}])
19 Mar 2023 18:05:09,017 TRACE concurs.repository.ContestantDBRepository 59 add - Enter saving task Contestant{ID=8, name='ads', age=2}
19 Mar 2023 18:05:09,018 TRACE concurs.repository.JdbcUtils 47 getConnection - Enter
19 Mar 2023 18:05:09,018 TRACE concurs.repository.JdbcUtils 56 getConnection - Exit with(org.sqlite.jdbc4.JDBC4Connection@17fc391b)
19 Mar 2023 18:05:09,162 TRACE concurs.repository.ContestantDBRepository 67 add - Saved 1 instances
19 Mar 2023 18:05:09,163 TRACE concurs.repository.ContestantDBRepository 72 add - Exit
19 Mar 2023 18:19:52,690 INFO  concurs.repository.AdminDBRepository 24 <init> - Initializing AdminDBRepository with properties: {jdbc.url=jdbc:sqlite:D:\Facultate\Faculta\An_2_sem_2\MPP_Java\Concurs_inot_Java\swimming_race.db}
19 Mar 2023 18:19:52,698 INFO  concurs.repository.ContestantDBRepository 23 <init> - Initializing ContestantDBRepository with properties: {jdbc.url=jdbc:sqlite:D:\Facultate\Faculta\An_2_sem_2\MPP_Java\Concurs_inot_Java\swimming_race.db}
19 Mar 2023 18:19:52,700 INFO  concurs.repository.ParticipationDBRepository 20 <init> - Initializing ParicipationDBRepository with properties: {jdbc.url=jdbc:sqlite:D:\Facultate\Faculta\An_2_sem_2\MPP_Java\Concurs_inot_Java\swimming_race.db}
19 Mar 2023 18:19:52,702 INFO  concurs.repository.SwimmingRaceDBRepository 20 <init> - Initializing SwimmingRaceDBRepository with properties: {jdbc.url=jdbc:sqlite:D:\Facultate\Faculta\An_2_sem_2\MPP_Java\Concurs_inot_Java\swimming_race.db}
19 Mar 2023 18:19:52,704 TRACE concurs.repository.AdminDBRepository 30 getAccount - Enter getting account by email boss@email.com and password boss
19 Mar 2023 18:19:52,705 TRACE concurs.repository.JdbcUtils 47 getConnection - Enter
19 Mar 2023 18:19:52,705 TRACE concurs.repository.JdbcUtils 24 getNewConnection - Enter
19 Mar 2023 18:19:52,705 INFO  concurs.repository.JdbcUtils 29 getNewConnection - trying to connect to database ... jdbc:sqlite:D:\Facultate\Faculta\An_2_sem_2\MPP_Java\Concurs_inot_Java\swimming_race.db
19 Mar 2023 18:19:52,706 INFO  concurs.repository.JdbcUtils 30 getNewConnection - user: null
19 Mar 2023 18:19:52,706 INFO  concurs.repository.JdbcUtils 31 getNewConnection - pass: null
19 Mar 2023 18:19:52,940 TRACE concurs.repository.JdbcUtils 56 getConnection - Exit with(org.sqlite.jdbc4.JDBC4Connection@5b247367)
19 Mar 2023 18:19:52,954 TRACE concurs.repository.AdminDBRepository 48 getAccount - Exit with(Admin{ID=1, email='boss@email.com', password='boss', officeID=1})
19 Mar 2023 18:19:52,955 TRACE concurs.repository.ContestantDBRepository 29 getByRace - Enter finding by race with distance 200m and style spate
19 Mar 2023 18:19:52,955 TRACE concurs.repository.JdbcUtils 47 getConnection - Enter
19 Mar 2023 18:19:52,956 TRACE concurs.repository.JdbcUtils 24 getNewConnection - Enter
19 Mar 2023 18:19:52,956 INFO  concurs.repository.JdbcUtils 29 getNewConnection - trying to connect to database ... jdbc:sqlite:D:\Facultate\Faculta\An_2_sem_2\MPP_Java\Concurs_inot_Java\swimming_race.db
19 Mar 2023 18:19:52,956 INFO  concurs.repository.JdbcUtils 30 getNewConnection - user: null
19 Mar 2023 18:19:52,957 INFO  concurs.repository.JdbcUtils 31 getNewConnection - pass: null
19 Mar 2023 18:19:52,958 TRACE concurs.repository.JdbcUtils 56 getConnection - Exit with(org.sqlite.jdbc4.JDBC4Connection@17fc391b)
19 Mar 2023 18:19:52,967 TRACE concurs.repository.ContestantDBRepository 55 getByRace - Exit with([Contestant{ID=1, name='Flaviu', age=20}, Contestant{ID=2, name='Ilinca', age=19}, Contestant{ID=4, name='Vlad', age=20}])
19 Mar 2023 18:19:52,968 TRACE concurs.repository.SwimmingRaceDBRepository 26 nrContestantEachRace - Enter
19 Mar 2023 18:19:52,968 TRACE concurs.repository.JdbcUtils 47 getConnection - Enter
19 Mar 2023 18:19:52,968 TRACE concurs.repository.JdbcUtils 24 getNewConnection - Enter
19 Mar 2023 18:19:52,968 INFO  concurs.repository.JdbcUtils 29 getNewConnection - trying to connect to database ... jdbc:sqlite:D:\Facultate\Faculta\An_2_sem_2\MPP_Java\Concurs_inot_Java\swimming_race.db
19 Mar 2023 18:19:52,969 INFO  concurs.repository.JdbcUtils 30 getNewConnection - user: null
19 Mar 2023 18:19:52,969 INFO  concurs.repository.JdbcUtils 31 getNewConnection - pass: null
19 Mar 2023 18:19:52,971 TRACE concurs.repository.JdbcUtils 56 getConnection - Exit with(org.sqlite.jdbc4.JDBC4Connection@1972e513)
19 Mar 2023 18:19:52,972 TRACE concurs.repository.SwimmingRaceDBRepository 49 nrContestantEachRace - Exit with({200mspate=3, 800mfluture=1, 50mliber=2})
19 Mar 2023 18:20:32,175 INFO  concurs.repository.AdminDBRepository 24 <init> - Initializing AdminDBRepository with properties: {jdbc.url=jdbc:sqlite:D:\Facultate\Faculta\An_2_sem_2\MPP_Java\Concurs_inot_Java\swimming_race.db}
19 Mar 2023 18:20:32,181 INFO  concurs.repository.ContestantDBRepository 23 <init> - Initializing ContestantDBRepository with properties: {jdbc.url=jdbc:sqlite:D:\Facultate\Faculta\An_2_sem_2\MPP_Java\Concurs_inot_Java\swimming_race.db}
19 Mar 2023 18:20:32,182 INFO  concurs.repository.ParticipationDBRepository 20 <init> - Initializing ParicipationDBRepository with properties: {jdbc.url=jdbc:sqlite:D:\Facultate\Faculta\An_2_sem_2\MPP_Java\Concurs_inot_Java\swimming_race.db}
19 Mar 2023 18:20:32,184 INFO  concurs.repository.SwimmingRaceDBRepository 20 <init> - Initializing SwimmingRaceDBRepository with properties: {jdbc.url=jdbc:sqlite:D:\Facultate\Faculta\An_2_sem_2\MPP_Java\Concurs_inot_Java\swimming_race.db}
19 Mar 2023 18:20:32,187 TRACE concurs.repository.AdminDBRepository 30 getAccount - Enter getting account by email boss@email.com and password boss
19 Mar 2023 18:20:32,187 TRACE concurs.repository.JdbcUtils 47 getConnection - Enter
19 Mar 2023 18:20:32,187 TRACE concurs.repository.JdbcUtils 24 getNewConnection - Enter
19 Mar 2023 18:20:32,187 INFO  concurs.repository.JdbcUtils 29 getNewConnection - trying to connect to database ... jdbc:sqlite:D:\Facultate\Faculta\An_2_sem_2\MPP_Java\Concurs_inot_Java\swimming_race.db
19 Mar 2023 18:20:32,187 INFO  concurs.repository.JdbcUtils 30 getNewConnection - user: null
19 Mar 2023 18:20:32,188 INFO  concurs.repository.JdbcUtils 31 getNewConnection - pass: null
19 Mar 2023 18:20:32,369 TRACE concurs.repository.JdbcUtils 56 getConnection - Exit with(org.sqlite.jdbc4.JDBC4Connection@5b247367)
19 Mar 2023 18:20:32,381 TRACE concurs.repository.AdminDBRepository 48 getAccount - Exit with(Admin{ID=1, email='boss@email.com', password='boss', officeID=1})
19 Mar 2023 18:20:32,381 TRACE concurs.repository.ContestantDBRepository 29 getByRace - Enter finding by race with distance 200m and style spate
19 Mar 2023 18:20:32,382 TRACE concurs.repository.JdbcUtils 47 getConnection - Enter
19 Mar 2023 18:20:32,382 TRACE concurs.repository.JdbcUtils 24 getNewConnection - Enter
19 Mar 2023 18:20:32,382 INFO  concurs.repository.JdbcUtils 29 getNewConnection - trying to connect to database ... jdbc:sqlite:D:\Facultate\Faculta\An_2_sem_2\MPP_Java\Concurs_inot_Java\swimming_race.db
19 Mar 2023 18:20:32,383 INFO  concurs.repository.JdbcUtils 30 getNewConnection - user: null
19 Mar 2023 18:20:32,383 INFO  concurs.repository.JdbcUtils 31 getNewConnection - pass: null
19 Mar 2023 18:20:32,384 TRACE concurs.repository.JdbcUtils 56 getConnection - Exit with(org.sqlite.jdbc4.JDBC4Connection@17fc391b)
19 Mar 2023 18:20:32,389 TRACE concurs.repository.ContestantDBRepository 55 getByRace - Exit with([Contestant{ID=1, name='Flaviu', age=20}, Contestant{ID=2, name='Ilinca', age=19}, Contestant{ID=4, name='Vlad', age=20}])
19 Mar 2023 18:20:32,390 TRACE concurs.repository.SwimmingRaceDBRepository 26 nrContestantEachRace - Enter
19 Mar 2023 18:20:32,390 TRACE concurs.repository.JdbcUtils 47 getConnection - Enter
19 Mar 2023 18:20:32,390 TRACE concurs.repository.JdbcUtils 24 getNewConnection - Enter
19 Mar 2023 18:20:32,391 INFO  concurs.repository.JdbcUtils 29 getNewConnection - trying to connect to database ... jdbc:sqlite:D:\Facultate\Faculta\An_2_sem_2\MPP_Java\Concurs_inot_Java\swimming_race.db
19 Mar 2023 18:20:32,391 INFO  concurs.repository.JdbcUtils 30 getNewConnection - user: null
19 Mar 2023 18:20:32,391 INFO  concurs.repository.JdbcUtils 31 getNewConnection - pass: null
19 Mar 2023 18:20:32,392 TRACE concurs.repository.JdbcUtils 56 getConnection - Exit with(org.sqlite.jdbc4.JDBC4Connection@1972e513)
19 Mar 2023 18:20:32,393 TRACE concurs.repository.SwimmingRaceDBRepository 49 nrContestantEachRace - Exit with({200mspate=3, 800mfluture=1, 50mliber=2})
19 Mar 2023 18:21:06,328 INFO  concurs.repository.AdminDBRepository 24 <init> - Initializing AdminDBRepository with properties: {jdbc.url=jdbc:sqlite:D:\Facultate\Faculta\An_2_sem_2\MPP_Java\Concurs_inot_Java\swimming_race.db}
19 Mar 2023 18:21:06,334 INFO  concurs.repository.ContestantDBRepository 23 <init> - Initializing ContestantDBRepository with properties: {jdbc.url=jdbc:sqlite:D:\Facultate\Faculta\An_2_sem_2\MPP_Java\Concurs_inot_Java\swimming_race.db}
19 Mar 2023 18:21:06,335 INFO  concurs.repository.ParticipationDBRepository 20 <init> - Initializing ParicipationDBRepository with properties: {jdbc.url=jdbc:sqlite:D:\Facultate\Faculta\An_2_sem_2\MPP_Java\Concurs_inot_Java\swimming_race.db}
19 Mar 2023 18:21:06,337 INFO  concurs.repository.SwimmingRaceDBRepository 20 <init> - Initializing SwimmingRaceDBRepository with properties: {jdbc.url=jdbc:sqlite:D:\Facultate\Faculta\An_2_sem_2\MPP_Java\Concurs_inot_Java\swimming_race.db}
19 Mar 2023 18:21:06,339 TRACE concurs.repository.AdminDBRepository 30 getAccount - Enter getting account by email boss@email.com and password boss
19 Mar 2023 18:21:06,340 TRACE concurs.repository.JdbcUtils 47 getConnection - Enter
19 Mar 2023 18:21:06,340 TRACE concurs.repository.JdbcUtils 24 getNewConnection - Enter
19 Mar 2023 18:21:06,340 INFO  concurs.repository.JdbcUtils 29 getNewConnection - trying to connect to database ... jdbc:sqlite:D:\Facultate\Faculta\An_2_sem_2\MPP_Java\Concurs_inot_Java\swimming_race.db
19 Mar 2023 18:21:06,341 INFO  concurs.repository.JdbcUtils 30 getNewConnection - user: null
19 Mar 2023 18:21:06,341 INFO  concurs.repository.JdbcUtils 31 getNewConnection - pass: null
19 Mar 2023 18:21:06,529 TRACE concurs.repository.JdbcUtils 56 getConnection - Exit with(org.sqlite.jdbc4.JDBC4Connection@5b247367)
19 Mar 2023 18:21:06,541 TRACE concurs.repository.AdminDBRepository 48 getAccount - Exit with(Admin{ID=1, email='boss@email.com', password='boss', officeID=1})
19 Mar 2023 18:21:06,541 TRACE concurs.repository.ContestantDBRepository 29 getByRace - Enter finding by race with distance 200m and style spate
19 Mar 2023 18:21:06,541 TRACE concurs.repository.JdbcUtils 47 getConnection - Enter
19 Mar 2023 18:21:06,542 TRACE concurs.repository.JdbcUtils 24 getNewConnection - Enter
19 Mar 2023 18:21:06,542 INFO  concurs.repository.JdbcUtils 29 getNewConnection - trying to connect to database ... jdbc:sqlite:D:\Facultate\Faculta\An_2_sem_2\MPP_Java\Concurs_inot_Java\swimming_race.db
19 Mar 2023 18:21:06,542 INFO  concurs.repository.JdbcUtils 30 getNewConnection - user: null
19 Mar 2023 18:21:06,542 INFO  concurs.repository.JdbcUtils 31 getNewConnection - pass: null
19 Mar 2023 18:21:06,544 TRACE concurs.repository.JdbcUtils 56 getConnection - Exit with(org.sqlite.jdbc4.JDBC4Connection@17fc391b)
19 Mar 2023 18:21:06,549 TRACE concurs.repository.ContestantDBRepository 55 getByRace - Exit with([Contestant{ID=1, name='Flaviu', age=20}, Contestant{ID=2, name='Ilinca', age=19}, Contestant{ID=4, name='Vlad', age=20}])
19 Mar 2023 18:21:06,549 TRACE concurs.repository.SwimmingRaceDBRepository 26 nrContestantEachRace - Enter
19 Mar 2023 18:21:06,549 TRACE concurs.repository.JdbcUtils 47 getConnection - Enter
19 Mar 2023 18:21:06,550 TRACE concurs.repository.JdbcUtils 24 getNewConnection - Enter
19 Mar 2023 18:21:06,550 INFO  concurs.repository.JdbcUtils 29 getNewConnection - trying to connect to database ... jdbc:sqlite:D:\Facultate\Faculta\An_2_sem_2\MPP_Java\Concurs_inot_Java\swimming_race.db
19 Mar 2023 18:21:06,550 INFO  concurs.repository.JdbcUtils 30 getNewConnection - user: null
19 Mar 2023 18:21:06,550 INFO  concurs.repository.JdbcUtils 31 getNewConnection - pass: null
19 Mar 2023 18:21:06,551 TRACE concurs.repository.JdbcUtils 56 getConnection - Exit with(org.sqlite.jdbc4.JDBC4Connection@1972e513)
19 Mar 2023 18:21:06,553 TRACE concurs.repository.SwimmingRaceDBRepository 49 nrContestantEachRace - Exit with({200m spate=3, 800m fluture=1, 50m liber=2})
19 Mar 2023 18:37:40,615 INFO  concurs.repository.AdminDBRepository 24 <init> - Initializing AdminDBRepository with properties: {jdbc.url=jdbc:sqlite:D:\Facultate\Faculta\An_2_sem_2\MPP_Java\Concurs_inot_Java\swimming_race.db}
19 Mar 2023 18:37:40,624 INFO  concurs.repository.ContestantDBRepository 23 <init> - Initializing ContestantDBRepository with properties: {jdbc.url=jdbc:sqlite:D:\Facultate\Faculta\An_2_sem_2\MPP_Java\Concurs_inot_Java\swimming_race.db}
19 Mar 2023 18:37:40,627 INFO  concurs.repository.ParticipationDBRepository 20 <init> - Initializing ParicipationDBRepository with properties: {jdbc.url=jdbc:sqlite:D:\Facultate\Faculta\An_2_sem_2\MPP_Java\Concurs_inot_Java\swimming_race.db}
19 Mar 2023 18:37:40,630 INFO  concurs.repository.SwimmingRaceDBRepository 20 <init> - Initializing SwimmingRaceDBRepository with properties: {jdbc.url=jdbc:sqlite:D:\Facultate\Faculta\An_2_sem_2\MPP_Java\Concurs_inot_Java\swimming_race.db}
19 Mar 2023 18:37:40,634 TRACE concurs.repository.AdminDBRepository 30 getAccount - Enter getting account by email boss@email.com and password boss
19 Mar 2023 18:37:40,634 TRACE concurs.repository.JdbcUtils 47 getConnection - Enter
19 Mar 2023 18:37:40,634 TRACE concurs.repository.JdbcUtils 24 getNewConnection - Enter
19 Mar 2023 18:37:40,635 INFO  concurs.repository.JdbcUtils 29 getNewConnection - trying to connect to database ... jdbc:sqlite:D:\Facultate\Faculta\An_2_sem_2\MPP_Java\Concurs_inot_Java\swimming_race.db
19 Mar 2023 18:37:40,635 INFO  concurs.repository.JdbcUtils 30 getNewConnection - user: null
19 Mar 2023 18:37:40,635 INFO  concurs.repository.JdbcUtils 31 getNewConnection - pass: null
19 Mar 2023 18:37:40,864 TRACE concurs.repository.JdbcUtils 56 getConnection - Exit with(org.sqlite.jdbc4.JDBC4Connection@5b247367)
19 Mar 2023 18:37:40,879 TRACE concurs.repository.AdminDBRepository 48 getAccount - Exit with(Admin{ID=1, email='boss@email.com', password='boss', officeID=1})
19 Mar 2023 18:37:40,880 TRACE concurs.repository.ContestantDBRepository 29 getByRace - Enter finding by race with distance 200m and style spate
19 Mar 2023 18:37:40,880 TRACE concurs.repository.JdbcUtils 47 getConnection - Enter
19 Mar 2023 18:37:40,881 TRACE concurs.repository.JdbcUtils 24 getNewConnection - Enter
19 Mar 2023 18:37:40,881 INFO  concurs.repository.JdbcUtils 29 getNewConnection - trying to connect to database ... jdbc:sqlite:D:\Facultate\Faculta\An_2_sem_2\MPP_Java\Concurs_inot_Java\swimming_race.db
19 Mar 2023 18:37:40,881 INFO  concurs.repository.JdbcUtils 30 getNewConnection - user: null
19 Mar 2023 18:37:40,882 INFO  concurs.repository.JdbcUtils 31 getNewConnection - pass: null
19 Mar 2023 18:37:40,883 TRACE concurs.repository.JdbcUtils 56 getConnection - Exit with(org.sqlite.jdbc4.JDBC4Connection@17fc391b)
19 Mar 2023 18:37:40,889 TRACE concurs.repository.ContestantDBRepository 55 getByRace - Exit with([Contestant{ID=1, name='Flaviu', age=20}, Contestant{ID=2, name='Ilinca', age=19}, Contestant{ID=4, name='Vlad', age=20}])
19 Mar 2023 18:37:40,890 TRACE concurs.repository.SwimmingRaceDBRepository 26 nrContestantEachRace - Enter
19 Mar 2023 18:37:40,890 TRACE concurs.repository.JdbcUtils 47 getConnection - Enter
19 Mar 2023 18:37:40,890 TRACE concurs.repository.JdbcUtils 24 getNewConnection - Enter
19 Mar 2023 18:37:40,890 INFO  concurs.repository.JdbcUtils 29 getNewConnection - trying to connect to database ... jdbc:sqlite:D:\Facultate\Faculta\An_2_sem_2\MPP_Java\Concurs_inot_Java\swimming_race.db
19 Mar 2023 18:37:40,891 INFO  concurs.repository.JdbcUtils 30 getNewConnection - user: null
19 Mar 2023 18:37:40,891 INFO  concurs.repository.JdbcUtils 31 getNewConnection - pass: null
19 Mar 2023 18:37:40,893 TRACE concurs.repository.JdbcUtils 56 getConnection - Exit with(org.sqlite.jdbc4.JDBC4Connection@1972e513)
19 Mar 2023 18:37:40,895 TRACE concurs.repository.SwimmingRaceDBRepository 49 nrContestantEachRace - Exit with({200m spate=3, 50m liber=2})
19 Mar 2023 18:39:34,012 INFO  concurs.repository.AdminDBRepository 24 <init> - Initializing AdminDBRepository with properties: {jdbc.url=jdbc:sqlite:D:\Facultate\Faculta\An_2_sem_2\MPP_Java\Concurs_inot_Java\swimming_race.db}
19 Mar 2023 18:39:34,018 INFO  concurs.repository.ContestantDBRepository 23 <init> - Initializing ContestantDBRepository with properties: {jdbc.url=jdbc:sqlite:D:\Facultate\Faculta\An_2_sem_2\MPP_Java\Concurs_inot_Java\swimming_race.db}
19 Mar 2023 18:39:34,020 INFO  concurs.repository.ParticipationDBRepository 20 <init> - Initializing ParicipationDBRepository with properties: {jdbc.url=jdbc:sqlite:D:\Facultate\Faculta\An_2_sem_2\MPP_Java\Concurs_inot_Java\swimming_race.db}
19 Mar 2023 18:39:34,022 INFO  concurs.repository.SwimmingRaceDBRepository 20 <init> - Initializing SwimmingRaceDBRepository with properties: {jdbc.url=jdbc:sqlite:D:\Facultate\Faculta\An_2_sem_2\MPP_Java\Concurs_inot_Java\swimming_race.db}
19 Mar 2023 18:39:34,025 TRACE concurs.repository.AdminDBRepository 30 getAccount - Enter getting account by email boss@email.com and password boss
19 Mar 2023 18:39:34,025 TRACE concurs.repository.JdbcUtils 47 getConnection - Enter
19 Mar 2023 18:39:34,025 TRACE concurs.repository.JdbcUtils 24 getNewConnection - Enter
19 Mar 2023 18:39:34,025 INFO  concurs.repository.JdbcUtils 29 getNewConnection - trying to connect to database ... jdbc:sqlite:D:\Facultate\Faculta\An_2_sem_2\MPP_Java\Concurs_inot_Java\swimming_race.db
19 Mar 2023 18:39:34,026 INFO  concurs.repository.JdbcUtils 30 getNewConnection - user: null
19 Mar 2023 18:39:34,026 INFO  concurs.repository.JdbcUtils 31 getNewConnection - pass: null
19 Mar 2023 18:39:34,224 TRACE concurs.repository.JdbcUtils 56 getConnection - Exit with(org.sqlite.jdbc4.JDBC4Connection@5b247367)
19 Mar 2023 18:39:34,236 TRACE concurs.repository.AdminDBRepository 48 getAccount - Exit with(Admin{ID=1, email='boss@email.com', password='boss', officeID=1})
19 Mar 2023 18:39:34,237 TRACE concurs.repository.ContestantDBRepository 29 getByRace - Enter finding by race with distance 200m and style spate
19 Mar 2023 18:39:34,237 TRACE concurs.repository.JdbcUtils 47 getConnection - Enter
19 Mar 2023 18:39:34,237 TRACE concurs.repository.JdbcUtils 24 getNewConnection - Enter
19 Mar 2023 18:39:34,238 INFO  concurs.repository.JdbcUtils 29 getNewConnection - trying to connect to database ... jdbc:sqlite:D:\Facultate\Faculta\An_2_sem_2\MPP_Java\Concurs_inot_Java\swimming_race.db
19 Mar 2023 18:39:34,238 INFO  concurs.repository.JdbcUtils 30 getNewConnection - user: null
19 Mar 2023 18:39:34,238 INFO  concurs.repository.JdbcUtils 31 getNewConnection - pass: null
19 Mar 2023 18:39:34,239 TRACE concurs.repository.JdbcUtils 56 getConnection - Exit with(org.sqlite.jdbc4.JDBC4Connection@17fc391b)
19 Mar 2023 18:39:34,244 TRACE concurs.repository.ContestantDBRepository 55 getByRace - Exit with([Contestant{ID=1, name='Flaviu', age=20}, Contestant{ID=2, name='Ilinca', age=19}, Contestant{ID=4, name='Vlad', age=20}])
19 Mar 2023 18:39:34,245 TRACE concurs.repository.SwimmingRaceDBRepository 26 nrContestantEachRace - Enter
19 Mar 2023 18:39:34,245 TRACE concurs.repository.JdbcUtils 47 getConnection - Enter
19 Mar 2023 18:39:34,245 TRACE concurs.repository.JdbcUtils 24 getNewConnection - Enter
19 Mar 2023 18:39:34,246 INFO  concurs.repository.JdbcUtils 29 getNewConnection - trying to connect to database ... jdbc:sqlite:D:\Facultate\Faculta\An_2_sem_2\MPP_Java\Concurs_inot_Java\swimming_race.db
19 Mar 2023 18:39:34,246 INFO  concurs.repository.JdbcUtils 30 getNewConnection - user: null
19 Mar 2023 18:39:34,246 INFO  concurs.repository.JdbcUtils 31 getNewConnection - pass: null
19 Mar 2023 18:39:34,247 TRACE concurs.repository.JdbcUtils 56 getConnection - Exit with(org.sqlite.jdbc4.JDBC4Connection@1972e513)
19 Mar 2023 18:39:34,249 TRACE concurs.repository.SwimmingRaceDBRepository 49 nrContestantEachRace - Exit with({200m spate=3, 50m liber=2})
19 Mar 2023 18:39:34,249 TRACE concurs.repository.SwimmingRaceDBRepository 55 getByContestant - Enter
19 Mar 2023 18:39:34,250 TRACE concurs.repository.JdbcUtils 47 getConnection - Enter
19 Mar 2023 18:39:34,250 TRACE concurs.repository.JdbcUtils 56 getConnection - Exit with(org.sqlite.jdbc4.JDBC4Connection@1972e513)
19 Mar 2023 18:39:34,252 ERROR concurs.repository.SwimmingRaceDBRepository 77 getByContestant - org.sqlite.SQLiteException: [SQLITE_ERROR] SQL error or missing database (no such column: Race.stlye)
19 Mar 2023 18:39:34,253 TRACE concurs.repository.SwimmingRaceDBRepository 80 getByContestant - Exit with([])
19 Mar 2023 18:39:56,817 INFO  concurs.repository.AdminDBRepository 24 <init> - Initializing AdminDBRepository with properties: {jdbc.url=jdbc:sqlite:D:\Facultate\Faculta\An_2_sem_2\MPP_Java\Concurs_inot_Java\swimming_race.db}
19 Mar 2023 18:39:56,822 INFO  concurs.repository.ContestantDBRepository 23 <init> - Initializing ContestantDBRepository with properties: {jdbc.url=jdbc:sqlite:D:\Facultate\Faculta\An_2_sem_2\MPP_Java\Concurs_inot_Java\swimming_race.db}
19 Mar 2023 18:39:56,824 INFO  concurs.repository.ParticipationDBRepository 20 <init> - Initializing ParicipationDBRepository with properties: {jdbc.url=jdbc:sqlite:D:\Facultate\Faculta\An_2_sem_2\MPP_Java\Concurs_inot_Java\swimming_race.db}
19 Mar 2023 18:39:56,826 INFO  concurs.repository.SwimmingRaceDBRepository 20 <init> - Initializing SwimmingRaceDBRepository with properties: {jdbc.url=jdbc:sqlite:D:\Facultate\Faculta\An_2_sem_2\MPP_Java\Concurs_inot_Java\swimming_race.db}
19 Mar 2023 18:39:56,830 TRACE concurs.repository.AdminDBRepository 30 getAccount - Enter getting account by email boss@email.com and password boss
19 Mar 2023 18:39:56,830 TRACE concurs.repository.JdbcUtils 47 getConnection - Enter
19 Mar 2023 18:39:56,830 TRACE concurs.repository.JdbcUtils 24 getNewConnection - Enter
19 Mar 2023 18:39:56,830 INFO  concurs.repository.JdbcUtils 29 getNewConnection - trying to connect to database ... jdbc:sqlite:D:\Facultate\Faculta\An_2_sem_2\MPP_Java\Concurs_inot_Java\swimming_race.db
19 Mar 2023 18:39:56,831 INFO  concurs.repository.JdbcUtils 30 getNewConnection - user: null
19 Mar 2023 18:39:56,831 INFO  concurs.repository.JdbcUtils 31 getNewConnection - pass: null
19 Mar 2023 18:39:57,029 TRACE concurs.repository.JdbcUtils 56 getConnection - Exit with(org.sqlite.jdbc4.JDBC4Connection@5b247367)
19 Mar 2023 18:39:57,041 TRACE concurs.repository.AdminDBRepository 48 getAccount - Exit with(Admin{ID=1, email='boss@email.com', password='boss', officeID=1})
19 Mar 2023 18:39:57,042 TRACE concurs.repository.ContestantDBRepository 29 getByRace - Enter finding by race with distance 200m and style spate
19 Mar 2023 18:39:57,042 TRACE concurs.repository.JdbcUtils 47 getConnection - Enter
19 Mar 2023 18:39:57,042 TRACE concurs.repository.JdbcUtils 24 getNewConnection - Enter
19 Mar 2023 18:39:57,042 INFO  concurs.repository.JdbcUtils 29 getNewConnection - trying to connect to database ... jdbc:sqlite:D:\Facultate\Faculta\An_2_sem_2\MPP_Java\Concurs_inot_Java\swimming_race.db
19 Mar 2023 18:39:57,043 INFO  concurs.repository.JdbcUtils 30 getNewConnection - user: null
19 Mar 2023 18:39:57,043 INFO  concurs.repository.JdbcUtils 31 getNewConnection - pass: null
19 Mar 2023 18:39:57,045 TRACE concurs.repository.JdbcUtils 56 getConnection - Exit with(org.sqlite.jdbc4.JDBC4Connection@17fc391b)
19 Mar 2023 18:39:57,052 TRACE concurs.repository.ContestantDBRepository 55 getByRace - Exit with([Contestant{ID=1, name='Flaviu', age=20}, Contestant{ID=2, name='Ilinca', age=19}, Contestant{ID=4, name='Vlad', age=20}])
19 Mar 2023 18:39:57,052 TRACE concurs.repository.SwimmingRaceDBRepository 26 nrContestantEachRace - Enter
19 Mar 2023 18:39:57,052 TRACE concurs.repository.JdbcUtils 47 getConnection - Enter
19 Mar 2023 18:39:57,053 TRACE concurs.repository.JdbcUtils 24 getNewConnection - Enter
19 Mar 2023 18:39:57,053 INFO  concurs.repository.JdbcUtils 29 getNewConnection - trying to connect to database ... jdbc:sqlite:D:\Facultate\Faculta\An_2_sem_2\MPP_Java\Concurs_inot_Java\swimming_race.db
19 Mar 2023 18:39:57,053 INFO  concurs.repository.JdbcUtils 30 getNewConnection - user: null
19 Mar 2023 18:39:57,053 INFO  concurs.repository.JdbcUtils 31 getNewConnection - pass: null
19 Mar 2023 18:39:57,054 TRACE concurs.repository.JdbcUtils 56 getConnection - Exit with(org.sqlite.jdbc4.JDBC4Connection@1972e513)
19 Mar 2023 18:39:57,056 TRACE concurs.repository.SwimmingRaceDBRepository 49 nrContestantEachRace - Exit with({200m spate=3, 50m liber=2})
19 Mar 2023 18:39:57,057 TRACE concurs.repository.SwimmingRaceDBRepository 55 getByContestant - Enter
19 Mar 2023 18:39:57,057 TRACE concurs.repository.JdbcUtils 47 getConnection - Enter
19 Mar 2023 18:39:57,057 TRACE concurs.repository.JdbcUtils 56 getConnection - Exit with(org.sqlite.jdbc4.JDBC4Connection@1972e513)
19 Mar 2023 18:39:57,059 TRACE concurs.repository.SwimmingRaceDBRepository 80 getByContestant - Exit with([SwimmingRace{ID=1, distance='50m', style='liber'}, SwimmingRace{ID=2, distance='200m', style='spate'}])
19 Mar 2023 18:40:30,046 INFO  concurs.repository.AdminDBRepository 24 <init> - Initializing AdminDBRepository with properties: {jdbc.url=jdbc:sqlite:D:\Facultate\Faculta\An_2_sem_2\MPP_Java\Concurs_inot_Java\swimming_race.db}
19 Mar 2023 18:40:30,052 INFO  concurs.repository.ContestantDBRepository 23 <init> - Initializing ContestantDBRepository with properties: {jdbc.url=jdbc:sqlite:D:\Facultate\Faculta\An_2_sem_2\MPP_Java\Concurs_inot_Java\swimming_race.db}
19 Mar 2023 18:40:30,054 INFO  concurs.repository.ParticipationDBRepository 20 <init> - Initializing ParicipationDBRepository with properties: {jdbc.url=jdbc:sqlite:D:\Facultate\Faculta\An_2_sem_2\MPP_Java\Concurs_inot_Java\swimming_race.db}
19 Mar 2023 18:40:30,056 INFO  concurs.repository.SwimmingRaceDBRepository 20 <init> - Initializing SwimmingRaceDBRepository with properties: {jdbc.url=jdbc:sqlite:D:\Facultate\Faculta\An_2_sem_2\MPP_Java\Concurs_inot_Java\swimming_race.db}
19 Mar 2023 18:40:30,058 TRACE concurs.repository.AdminDBRepository 30 getAccount - Enter getting account by email boss@email.com and password boss
19 Mar 2023 18:40:30,059 TRACE concurs.repository.JdbcUtils 47 getConnection - Enter
19 Mar 2023 18:40:30,059 TRACE concurs.repository.JdbcUtils 24 getNewConnection - Enter
19 Mar 2023 18:40:30,059 INFO  concurs.repository.JdbcUtils 29 getNewConnection - trying to connect to database ... jdbc:sqlite:D:\Facultate\Faculta\An_2_sem_2\MPP_Java\Concurs_inot_Java\swimming_race.db
19 Mar 2023 18:40:30,059 INFO  concurs.repository.JdbcUtils 30 getNewConnection - user: null
19 Mar 2023 18:40:30,060 INFO  concurs.repository.JdbcUtils 31 getNewConnection - pass: null
19 Mar 2023 18:40:30,280 TRACE concurs.repository.JdbcUtils 56 getConnection - Exit with(org.sqlite.jdbc4.JDBC4Connection@5b247367)
19 Mar 2023 18:40:30,291 TRACE concurs.repository.AdminDBRepository 48 getAccount - Exit with(Admin{ID=1, email='boss@email.com', password='boss', officeID=1})
19 Mar 2023 18:40:30,292 TRACE concurs.repository.ContestantDBRepository 29 getByRace - Enter finding by race with distance 200m and style spate
19 Mar 2023 18:40:30,292 TRACE concurs.repository.JdbcUtils 47 getConnection - Enter
19 Mar 2023 18:40:30,292 TRACE concurs.repository.JdbcUtils 24 getNewConnection - Enter
19 Mar 2023 18:40:30,292 INFO  concurs.repository.JdbcUtils 29 getNewConnection - trying to connect to database ... jdbc:sqlite:D:\Facultate\Faculta\An_2_sem_2\MPP_Java\Concurs_inot_Java\swimming_race.db
19 Mar 2023 18:40:30,293 INFO  concurs.repository.JdbcUtils 30 getNewConnection - user: null
19 Mar 2023 18:40:30,293 INFO  concurs.repository.JdbcUtils 31 getNewConnection - pass: null
19 Mar 2023 18:40:30,295 TRACE concurs.repository.JdbcUtils 56 getConnection - Exit with(org.sqlite.jdbc4.JDBC4Connection@17fc391b)
19 Mar 2023 18:40:30,302 TRACE concurs.repository.ContestantDBRepository 55 getByRace - Exit with([Contestant{ID=1, name='Flaviu', age=20}, Contestant{ID=2, name='Ilinca', age=19}, Contestant{ID=4, name='Vlad', age=20}])
19 Mar 2023 18:40:30,302 TRACE concurs.repository.SwimmingRaceDBRepository 26 nrContestantEachRace - Enter
19 Mar 2023 18:40:30,302 TRACE concurs.repository.JdbcUtils 47 getConnection - Enter
19 Mar 2023 18:40:30,303 TRACE concurs.repository.JdbcUtils 24 getNewConnection - Enter
19 Mar 2023 18:40:30,303 INFO  concurs.repository.JdbcUtils 29 getNewConnection - trying to connect to database ... jdbc:sqlite:D:\Facultate\Faculta\An_2_sem_2\MPP_Java\Concurs_inot_Java\swimming_race.db
19 Mar 2023 18:40:30,303 INFO  concurs.repository.JdbcUtils 30 getNewConnection - user: null
19 Mar 2023 18:40:30,303 INFO  concurs.repository.JdbcUtils 31 getNewConnection - pass: null
19 Mar 2023 18:40:30,304 TRACE concurs.repository.JdbcUtils 56 getConnection - Exit with(org.sqlite.jdbc4.JDBC4Connection@1972e513)
19 Mar 2023 18:40:30,306 TRACE concurs.repository.SwimmingRaceDBRepository 49 nrContestantEachRace - Exit with({200m spate=3, 50m liber=2})
19 Mar 2023 18:40:30,306 TRACE concurs.repository.SwimmingRaceDBRepository 55 getByContestant - Enter
19 Mar 2023 18:40:30,307 TRACE concurs.repository.JdbcUtils 47 getConnection - Enter
19 Mar 2023 18:40:30,307 TRACE concurs.repository.JdbcUtils 56 getConnection - Exit with(org.sqlite.jdbc4.JDBC4Connection@1972e513)
19 Mar 2023 18:40:30,309 TRACE concurs.repository.SwimmingRaceDBRepository 80 getByContestant - Exit with([SwimmingRace{ID=1, distance='50m', style='liber'}, SwimmingRace{ID=2, distance='200m', style='spate'}])
19 Mar 2023 18:42:34,729 INFO  concurs.repository.AdminDBRepository 24 <init> - Initializing AdminDBRepository with properties: {jdbc.url=jdbc:sqlite:D:\Facultate\Faculta\An_2_sem_2\MPP_Java\Concurs_inot_Java\swimming_race.db}
19 Mar 2023 18:42:34,735 INFO  concurs.repository.ContestantDBRepository 23 <init> - Initializing ContestantDBRepository with properties: {jdbc.url=jdbc:sqlite:D:\Facultate\Faculta\An_2_sem_2\MPP_Java\Concurs_inot_Java\swimming_race.db}
19 Mar 2023 18:42:34,735 INFO  concurs.repository.ParticipationDBRepository 20 <init> - Initializing ParicipationDBRepository with properties: {jdbc.url=jdbc:sqlite:D:\Facultate\Faculta\An_2_sem_2\MPP_Java\Concurs_inot_Java\swimming_race.db}
19 Mar 2023 18:42:34,737 INFO  concurs.repository.SwimmingRaceDBRepository 20 <init> - Initializing SwimmingRaceDBRepository with properties: {jdbc.url=jdbc:sqlite:D:\Facultate\Faculta\An_2_sem_2\MPP_Java\Concurs_inot_Java\swimming_race.db}
19 Mar 2023 18:42:34,740 TRACE concurs.repository.AdminDBRepository 30 getAccount - Enter getting account by email boss@email.com and password boss
19 Mar 2023 18:42:34,740 TRACE concurs.repository.JdbcUtils 47 getConnection - Enter
19 Mar 2023 18:42:34,740 TRACE concurs.repository.JdbcUtils 24 getNewConnection - Enter
19 Mar 2023 18:42:34,741 INFO  concurs.repository.JdbcUtils 29 getNewConnection - trying to connect to database ... jdbc:sqlite:D:\Facultate\Faculta\An_2_sem_2\MPP_Java\Concurs_inot_Java\swimming_race.db
19 Mar 2023 18:42:34,741 INFO  concurs.repository.JdbcUtils 30 getNewConnection - user: null
19 Mar 2023 18:42:34,741 INFO  concurs.repository.JdbcUtils 31 getNewConnection - pass: null
19 Mar 2023 18:42:34,935 TRACE concurs.repository.JdbcUtils 56 getConnection - Exit with(org.sqlite.jdbc4.JDBC4Connection@5b247367)
19 Mar 2023 18:42:34,948 TRACE concurs.repository.AdminDBRepository 48 getAccount - Exit with(Admin{ID=1, email='boss@email.com', password='boss', officeID=1})
19 Mar 2023 18:42:34,948 TRACE concurs.repository.ContestantDBRepository 29 getByRace - Enter finding by race with distance 200m and style spate
19 Mar 2023 18:42:34,949 TRACE concurs.repository.JdbcUtils 47 getConnection - Enter
19 Mar 2023 18:42:34,949 TRACE concurs.repository.JdbcUtils 24 getNewConnection - Enter
19 Mar 2023 18:42:34,949 INFO  concurs.repository.JdbcUtils 29 getNewConnection - trying to connect to database ... jdbc:sqlite:D:\Facultate\Faculta\An_2_sem_2\MPP_Java\Concurs_inot_Java\swimming_race.db
19 Mar 2023 18:42:34,949 INFO  concurs.repository.JdbcUtils 30 getNewConnection - user: null
19 Mar 2023 18:42:34,949 INFO  concurs.repository.JdbcUtils 31 getNewConnection - pass: null
19 Mar 2023 18:42:34,951 TRACE concurs.repository.JdbcUtils 56 getConnection - Exit with(org.sqlite.jdbc4.JDBC4Connection@17fc391b)
19 Mar 2023 18:42:34,958 TRACE concurs.repository.ContestantDBRepository 55 getByRace - Exit with([Contestant{ID=1, name='Flaviu', age=20}, Contestant{ID=2, name='Ilinca', age=19}, Contestant{ID=4, name='Vlad', age=20}])
19 Mar 2023 18:42:34,958 TRACE concurs.repository.SwimmingRaceDBRepository 26 nrContestantEachRace - Enter
19 Mar 2023 18:42:34,958 TRACE concurs.repository.JdbcUtils 47 getConnection - Enter
19 Mar 2023 18:42:34,958 TRACE concurs.repository.JdbcUtils 24 getNewConnection - Enter
19 Mar 2023 18:42:34,959 INFO  concurs.repository.JdbcUtils 29 getNewConnection - trying to connect to database ... jdbc:sqlite:D:\Facultate\Faculta\An_2_sem_2\MPP_Java\Concurs_inot_Java\swimming_race.db
19 Mar 2023 18:42:34,959 INFO  concurs.repository.JdbcUtils 30 getNewConnection - user: null
19 Mar 2023 18:42:34,959 INFO  concurs.repository.JdbcUtils 31 getNewConnection - pass: null
19 Mar 2023 18:42:34,960 TRACE concurs.repository.JdbcUtils 56 getConnection - Exit with(org.sqlite.jdbc4.JDBC4Connection@1972e513)
19 Mar 2023 18:42:34,962 TRACE concurs.repository.SwimmingRaceDBRepository 51 nrContestantEachRace - Exit with({SwimmingRace{ID=1, distance='50m', style='liber'}=2, SwimmingRace{ID=2, distance='200m', style='spate'}=3})
19 Mar 2023 18:42:34,963 TRACE concurs.repository.SwimmingRaceDBRepository 57 getByContestant - Enter
19 Mar 2023 18:42:34,963 TRACE concurs.repository.JdbcUtils 47 getConnection - Enter
19 Mar 2023 18:42:34,964 TRACE concurs.repository.JdbcUtils 56 getConnection - Exit with(org.sqlite.jdbc4.JDBC4Connection@1972e513)
19 Mar 2023 18:42:34,964 TRACE concurs.repository.SwimmingRaceDBRepository 82 getByContestant - Exit with([SwimmingRace{ID=1, distance='50m', style='liber'}, SwimmingRace{ID=2, distance='200m', style='spate'}])
19 Mar 2023 18:43:30,492 INFO  concurs.repository.AdminDBRepository 24 <init> - Initializing AdminDBRepository with properties: {jdbc.url=jdbc:sqlite:D:\Facultate\Faculta\An_2_sem_2\MPP_Java\Concurs_inot_Java\swimming_race.db}
19 Mar 2023 18:43:30,499 INFO  concurs.repository.ContestantDBRepository 23 <init> - Initializing ContestantDBRepository with properties: {jdbc.url=jdbc:sqlite:D:\Facultate\Faculta\An_2_sem_2\MPP_Java\Concurs_inot_Java\swimming_race.db}
19 Mar 2023 18:43:30,501 INFO  concurs.repository.ParticipationDBRepository 20 <init> - Initializing ParicipationDBRepository with properties: {jdbc.url=jdbc:sqlite:D:\Facultate\Faculta\An_2_sem_2\MPP_Java\Concurs_inot_Java\swimming_race.db}
19 Mar 2023 18:43:30,504 INFO  concurs.repository.SwimmingRaceDBRepository 20 <init> - Initializing SwimmingRaceDBRepository with properties: {jdbc.url=jdbc:sqlite:D:\Facultate\Faculta\An_2_sem_2\MPP_Java\Concurs_inot_Java\swimming_race.db}
19 Mar 2023 18:43:30,507 TRACE concurs.repository.AdminDBRepository 30 getAccount - Enter getting account by email boss@email.com and password boss
19 Mar 2023 18:43:30,508 TRACE concurs.repository.JdbcUtils 47 getConnection - Enter
19 Mar 2023 18:43:30,508 TRACE concurs.repository.JdbcUtils 24 getNewConnection - Enter
19 Mar 2023 18:43:30,509 INFO  concurs.repository.JdbcUtils 29 getNewConnection - trying to connect to database ... jdbc:sqlite:D:\Facultate\Faculta\An_2_sem_2\MPP_Java\Concurs_inot_Java\swimming_race.db
19 Mar 2023 18:43:30,509 INFO  concurs.repository.JdbcUtils 30 getNewConnection - user: null
19 Mar 2023 18:43:30,509 INFO  concurs.repository.JdbcUtils 31 getNewConnection - pass: null
19 Mar 2023 18:43:30,698 TRACE concurs.repository.JdbcUtils 56 getConnection - Exit with(org.sqlite.jdbc4.JDBC4Connection@5b247367)
19 Mar 2023 18:43:30,710 TRACE concurs.repository.AdminDBRepository 48 getAccount - Exit with(Admin{ID=1, email='boss@email.com', password='boss', officeID=1})
19 Mar 2023 18:43:30,711 TRACE concurs.repository.ContestantDBRepository 29 getByRace - Enter finding by race with distance 200m and style spate
19 Mar 2023 18:43:30,711 TRACE concurs.repository.JdbcUtils 47 getConnection - Enter
19 Mar 2023 18:43:30,711 TRACE concurs.repository.JdbcUtils 24 getNewConnection - Enter
19 Mar 2023 18:43:30,712 INFO  concurs.repository.JdbcUtils 29 getNewConnection - trying to connect to database ... jdbc:sqlite:D:\Facultate\Faculta\An_2_sem_2\MPP_Java\Concurs_inot_Java\swimming_race.db
19 Mar 2023 18:43:30,712 INFO  concurs.repository.JdbcUtils 30 getNewConnection - user: null
19 Mar 2023 18:43:30,712 INFO  concurs.repository.JdbcUtils 31 getNewConnection - pass: null
19 Mar 2023 18:43:30,714 TRACE concurs.repository.JdbcUtils 56 getConnection - Exit with(org.sqlite.jdbc4.JDBC4Connection@17fc391b)
19 Mar 2023 18:43:30,720 TRACE concurs.repository.ContestantDBRepository 55 getByRace - Exit with([Contestant{ID=1, name='Flaviu', age=20}, Contestant{ID=2, name='Ilinca', age=19}, Contestant{ID=4, name='Vlad', age=20}])
19 Mar 2023 18:43:30,720 TRACE concurs.repository.SwimmingRaceDBRepository 26 nrContestantEachRace - Enter
19 Mar 2023 18:43:30,720 TRACE concurs.repository.JdbcUtils 47 getConnection - Enter
19 Mar 2023 18:43:30,721 TRACE concurs.repository.JdbcUtils 24 getNewConnection - Enter
19 Mar 2023 18:43:30,721 INFO  concurs.repository.JdbcUtils 29 getNewConnection - trying to connect to database ... jdbc:sqlite:D:\Facultate\Faculta\An_2_sem_2\MPP_Java\Concurs_inot_Java\swimming_race.db
19 Mar 2023 18:43:30,721 INFO  concurs.repository.JdbcUtils 30 getNewConnection - user: null
19 Mar 2023 18:43:30,721 INFO  concurs.repository.JdbcUtils 31 getNewConnection - pass: null
19 Mar 2023 18:43:30,723 TRACE concurs.repository.JdbcUtils 56 getConnection - Exit with(org.sqlite.jdbc4.JDBC4Connection@1972e513)
19 Mar 2023 18:43:30,725 TRACE concurs.repository.SwimmingRaceDBRepository 51 nrContestantEachRace - Exit with({SwimmingRace{ID=1, distance='50m', style='liber'}=2, SwimmingRace{ID=2, distance='200m', style='spate'}=3})
19 Mar 2023 18:43:30,725 TRACE concurs.repository.SwimmingRaceDBRepository 57 getByContestant - Enter
19 Mar 2023 18:43:30,726 TRACE concurs.repository.JdbcUtils 47 getConnection - Enter
19 Mar 2023 18:43:30,726 TRACE concurs.repository.JdbcUtils 56 getConnection - Exit with(org.sqlite.jdbc4.JDBC4Connection@1972e513)
19 Mar 2023 18:43:30,726 TRACE concurs.repository.SwimmingRaceDBRepository 82 getByContestant - Exit with([SwimmingRace{ID=1, distance='50m', style='liber'}, SwimmingRace{ID=2, distance='200m', style='spate'}])
19 Mar 2023 18:43:30,727 TRACE concurs.repository.SwimmingRaceDBRepository 88 findByDistanceAndStyle - Enter finding by distance 200m and style spate
19 Mar 2023 18:43:30,727 TRACE concurs.repository.JdbcUtils 47 getConnection - Enter
19 Mar 2023 18:43:30,727 TRACE concurs.repository.JdbcUtils 56 getConnection - Exit with(org.sqlite.jdbc4.JDBC4Connection@1972e513)
19 Mar 2023 18:43:30,730 ERROR concurs.repository.SwimmingRaceDBRepository 103 findByDistanceAndStyle - org.sqlite.SQLiteException: [SQLITE_ERROR] SQL error or missing database (no such table: SwimminRace)
19 Mar 2023 18:43:30,731 TRACE concurs.repository.SwimmingRaceDBRepository 106 findByDistanceAndStyle - Exit
19 Mar 2023 18:43:45,354 INFO  concurs.repository.AdminDBRepository 24 <init> - Initializing AdminDBRepository with properties: {jdbc.url=jdbc:sqlite:D:\Facultate\Faculta\An_2_sem_2\MPP_Java\Concurs_inot_Java\swimming_race.db}
19 Mar 2023 18:43:45,361 INFO  concurs.repository.ContestantDBRepository 23 <init> - Initializing ContestantDBRepository with properties: {jdbc.url=jdbc:sqlite:D:\Facultate\Faculta\An_2_sem_2\MPP_Java\Concurs_inot_Java\swimming_race.db}
19 Mar 2023 18:43:45,362 INFO  concurs.repository.ParticipationDBRepository 20 <init> - Initializing ParicipationDBRepository with properties: {jdbc.url=jdbc:sqlite:D:\Facultate\Faculta\An_2_sem_2\MPP_Java\Concurs_inot_Java\swimming_race.db}
19 Mar 2023 18:43:45,364 INFO  concurs.repository.SwimmingRaceDBRepository 20 <init> - Initializing SwimmingRaceDBRepository with properties: {jdbc.url=jdbc:sqlite:D:\Facultate\Faculta\An_2_sem_2\MPP_Java\Concurs_inot_Java\swimming_race.db}
19 Mar 2023 18:43:45,367 TRACE concurs.repository.AdminDBRepository 30 getAccount - Enter getting account by email boss@email.com and password boss
19 Mar 2023 18:43:45,367 TRACE concurs.repository.JdbcUtils 47 getConnection - Enter
19 Mar 2023 18:43:45,368 TRACE concurs.repository.JdbcUtils 24 getNewConnection - Enter
19 Mar 2023 18:43:45,368 INFO  concurs.repository.JdbcUtils 29 getNewConnection - trying to connect to database ... jdbc:sqlite:D:\Facultate\Faculta\An_2_sem_2\MPP_Java\Concurs_inot_Java\swimming_race.db
19 Mar 2023 18:43:45,368 INFO  concurs.repository.JdbcUtils 30 getNewConnection - user: null
19 Mar 2023 18:43:45,369 INFO  concurs.repository.JdbcUtils 31 getNewConnection - pass: null
19 Mar 2023 18:43:45,607 TRACE concurs.repository.JdbcUtils 56 getConnection - Exit with(org.sqlite.jdbc4.JDBC4Connection@5b247367)
19 Mar 2023 18:43:45,617 TRACE concurs.repository.AdminDBRepository 48 getAccount - Exit with(Admin{ID=1, email='boss@email.com', password='boss', officeID=1})
19 Mar 2023 18:43:45,617 TRACE concurs.repository.ContestantDBRepository 29 getByRace - Enter finding by race with distance 200m and style spate
19 Mar 2023 18:43:45,617 TRACE concurs.repository.JdbcUtils 47 getConnection - Enter
19 Mar 2023 18:43:45,618 TRACE concurs.repository.JdbcUtils 24 getNewConnection - Enter
19 Mar 2023 18:43:45,618 INFO  concurs.repository.JdbcUtils 29 getNewConnection - trying to connect to database ... jdbc:sqlite:D:\Facultate\Faculta\An_2_sem_2\MPP_Java\Concurs_inot_Java\swimming_race.db
19 Mar 2023 18:43:45,618 INFO  concurs.repository.JdbcUtils 30 getNewConnection - user: null
19 Mar 2023 18:43:45,618 INFO  concurs.repository.JdbcUtils 31 getNewConnection - pass: null
19 Mar 2023 18:43:45,620 TRACE concurs.repository.JdbcUtils 56 getConnection - Exit with(org.sqlite.jdbc4.JDBC4Connection@17fc391b)
19 Mar 2023 18:43:45,624 TRACE concurs.repository.ContestantDBRepository 55 getByRace - Exit with([Contestant{ID=1, name='Flaviu', age=20}, Contestant{ID=2, name='Ilinca', age=19}, Contestant{ID=4, name='Vlad', age=20}])
19 Mar 2023 18:43:45,625 TRACE concurs.repository.SwimmingRaceDBRepository 26 nrContestantEachRace - Enter
19 Mar 2023 18:43:45,625 TRACE concurs.repository.JdbcUtils 47 getConnection - Enter
19 Mar 2023 18:43:45,625 TRACE concurs.repository.JdbcUtils 24 getNewConnection - Enter
19 Mar 2023 18:43:45,626 INFO  concurs.repository.JdbcUtils 29 getNewConnection - trying to connect to database ... jdbc:sqlite:D:\Facultate\Faculta\An_2_sem_2\MPP_Java\Concurs_inot_Java\swimming_race.db
19 Mar 2023 18:43:45,626 INFO  concurs.repository.JdbcUtils 30 getNewConnection - user: null
19 Mar 2023 18:43:45,626 INFO  concurs.repository.JdbcUtils 31 getNewConnection - pass: null
19 Mar 2023 18:43:45,627 TRACE concurs.repository.JdbcUtils 56 getConnection - Exit with(org.sqlite.jdbc4.JDBC4Connection@1972e513)
19 Mar 2023 18:43:45,629 TRACE concurs.repository.SwimmingRaceDBRepository 51 nrContestantEachRace - Exit with({SwimmingRace{ID=1, distance='50m', style='liber'}=2, SwimmingRace{ID=2, distance='200m', style='spate'}=3})
19 Mar 2023 18:43:45,630 TRACE concurs.repository.SwimmingRaceDBRepository 57 getByContestant - Enter
19 Mar 2023 18:43:45,630 TRACE concurs.repository.JdbcUtils 47 getConnection - Enter
19 Mar 2023 18:43:45,630 TRACE concurs.repository.JdbcUtils 56 getConnection - Exit with(org.sqlite.jdbc4.JDBC4Connection@1972e513)
19 Mar 2023 18:43:45,631 TRACE concurs.repository.SwimmingRaceDBRepository 82 getByContestant - Exit with([SwimmingRace{ID=1, distance='50m', style='liber'}, SwimmingRace{ID=2, distance='200m', style='spate'}])
19 Mar 2023 18:43:45,631 TRACE concurs.repository.SwimmingRaceDBRepository 88 findByDistanceAndStyle - Enter finding by distance 200m and style spate
19 Mar 2023 18:43:45,631 TRACE concurs.repository.JdbcUtils 47 getConnection - Enter
19 Mar 2023 18:43:45,632 TRACE concurs.repository.JdbcUtils 56 getConnection - Exit with(org.sqlite.jdbc4.JDBC4Connection@1972e513)
19 Mar 2023 18:43:45,632 TRACE concurs.repository.SwimmingRaceDBRepository 106 findByDistanceAndStyle - Exit with(SwimmingRace{ID=2, distance='200m', style='spate'})
19 Mar 2023 18:45:45,124 INFO  concurs.repository.AdminDBRepository 24 <init> - Initializing AdminDBRepository with properties: {jdbc.url=jdbc:sqlite:D:\Facultate\Faculta\An_2_sem_2\MPP_Java\Concurs_inot_Java\swimming_race.db}
19 Mar 2023 18:45:45,132 INFO  concurs.repository.ContestantDBRepository 23 <init> - Initializing ContestantDBRepository with properties: {jdbc.url=jdbc:sqlite:D:\Facultate\Faculta\An_2_sem_2\MPP_Java\Concurs_inot_Java\swimming_race.db}
19 Mar 2023 18:45:45,135 INFO  concurs.repository.ParticipationDBRepository 20 <init> - Initializing ParicipationDBRepository with properties: {jdbc.url=jdbc:sqlite:D:\Facultate\Faculta\An_2_sem_2\MPP_Java\Concurs_inot_Java\swimming_race.db}
19 Mar 2023 18:45:45,137 INFO  concurs.repository.SwimmingRaceDBRepository 20 <init> - Initializing SwimmingRaceDBRepository with properties: {jdbc.url=jdbc:sqlite:D:\Facultate\Faculta\An_2_sem_2\MPP_Java\Concurs_inot_Java\swimming_race.db}
19 Mar 2023 18:45:45,140 TRACE concurs.repository.AdminDBRepository 30 getAccount - Enter getting account by email boss@email.com and password boss
19 Mar 2023 18:45:45,140 TRACE concurs.repository.JdbcUtils 47 getConnection - Enter
19 Mar 2023 18:45:45,141 TRACE concurs.repository.JdbcUtils 24 getNewConnection - Enter
19 Mar 2023 18:45:45,142 INFO  concurs.repository.JdbcUtils 29 getNewConnection - trying to connect to database ... jdbc:sqlite:D:\Facultate\Faculta\An_2_sem_2\MPP_Java\Concurs_inot_Java\swimming_race.db
19 Mar 2023 18:45:45,142 INFO  concurs.repository.JdbcUtils 30 getNewConnection - user: null
19 Mar 2023 18:45:45,142 INFO  concurs.repository.JdbcUtils 31 getNewConnection - pass: null
19 Mar 2023 18:45:45,371 TRACE concurs.repository.JdbcUtils 56 getConnection - Exit with(org.sqlite.jdbc4.JDBC4Connection@5b247367)
19 Mar 2023 18:45:45,384 TRACE concurs.repository.AdminDBRepository 48 getAccount - Exit with(Admin{ID=1, email='boss@email.com', password='boss', officeID=1})
19 Mar 2023 18:45:45,384 TRACE concurs.repository.ContestantDBRepository 29 getByRace - Enter finding by race with distance 200m and style spate
19 Mar 2023 18:45:45,384 TRACE concurs.repository.JdbcUtils 47 getConnection - Enter
19 Mar 2023 18:45:45,385 TRACE concurs.repository.JdbcUtils 24 getNewConnection - Enter
19 Mar 2023 18:45:45,385 INFO  concurs.repository.JdbcUtils 29 getNewConnection - trying to connect to database ... jdbc:sqlite:D:\Facultate\Faculta\An_2_sem_2\MPP_Java\Concurs_inot_Java\swimming_race.db
19 Mar 2023 18:45:45,385 INFO  concurs.repository.JdbcUtils 30 getNewConnection - user: null
19 Mar 2023 18:45:45,385 INFO  concurs.repository.JdbcUtils 31 getNewConnection - pass: null
19 Mar 2023 18:45:45,387 TRACE concurs.repository.JdbcUtils 56 getConnection - Exit with(org.sqlite.jdbc4.JDBC4Connection@17fc391b)
19 Mar 2023 18:45:45,394 TRACE concurs.repository.ContestantDBRepository 55 getByRace - Exit with([Contestant{ID=1, name='Flaviu', age=20}, Contestant{ID=2, name='Ilinca', age=19}, Contestant{ID=4, name='Vlad', age=20}])
19 Mar 2023 18:45:45,396 TRACE concurs.repository.SwimmingRaceDBRepository 26 nrContestantEachRace - Enter
19 Mar 2023 18:45:45,396 TRACE concurs.repository.JdbcUtils 47 getConnection - Enter
19 Mar 2023 18:45:45,396 TRACE concurs.repository.JdbcUtils 24 getNewConnection - Enter
19 Mar 2023 18:45:45,396 INFO  concurs.repository.JdbcUtils 29 getNewConnection - trying to connect to database ... jdbc:sqlite:D:\Facultate\Faculta\An_2_sem_2\MPP_Java\Concurs_inot_Java\swimming_race.db
19 Mar 2023 18:45:45,397 INFO  concurs.repository.JdbcUtils 30 getNewConnection - user: null
19 Mar 2023 18:45:45,397 INFO  concurs.repository.JdbcUtils 31 getNewConnection - pass: null
19 Mar 2023 18:45:45,398 TRACE concurs.repository.JdbcUtils 56 getConnection - Exit with(org.sqlite.jdbc4.JDBC4Connection@1972e513)
19 Mar 2023 18:45:45,402 ERROR concurs.repository.SwimmingRaceDBRepository 48 nrContestantEachRace - org.sqlite.SQLiteException: [SQLITE_ERROR] SQL error or missing database (RIGHT and FULL OUTER JOINs are not currently supported)
19 Mar 2023 18:45:45,403 TRACE concurs.repository.SwimmingRaceDBRepository 51 nrContestantEachRace - Exit with({})
19 Mar 2023 18:45:45,403 TRACE concurs.repository.SwimmingRaceDBRepository 57 getByContestant - Enter
19 Mar 2023 18:45:45,403 TRACE concurs.repository.JdbcUtils 47 getConnection - Enter
19 Mar 2023 18:45:45,404 TRACE concurs.repository.JdbcUtils 56 getConnection - Exit with(org.sqlite.jdbc4.JDBC4Connection@1972e513)
19 Mar 2023 18:45:45,406 TRACE concurs.repository.SwimmingRaceDBRepository 82 getByContestant - Exit with([SwimmingRace{ID=1, distance='50m', style='liber'}, SwimmingRace{ID=2, distance='200m', style='spate'}])
19 Mar 2023 18:45:45,407 TRACE concurs.repository.SwimmingRaceDBRepository 88 findByDistanceAndStyle - Enter finding by distance 200m and style spate
19 Mar 2023 18:45:45,407 TRACE concurs.repository.JdbcUtils 47 getConnection - Enter
19 Mar 2023 18:45:45,407 TRACE concurs.repository.JdbcUtils 56 getConnection - Exit with(org.sqlite.jdbc4.JDBC4Connection@1972e513)
19 Mar 2023 18:45:45,407 TRACE concurs.repository.SwimmingRaceDBRepository 106 findByDistanceAndStyle - Exit with(SwimmingRace{ID=2, distance='200m', style='spate'})
19 Mar 2023 18:46:02,946 INFO  concurs.repository.AdminDBRepository 24 <init> - Initializing AdminDBRepository with properties: {jdbc.url=jdbc:sqlite:D:\Facultate\Faculta\An_2_sem_2\MPP_Java\Concurs_inot_Java\swimming_race.db}
19 Mar 2023 18:46:02,951 INFO  concurs.repository.ContestantDBRepository 23 <init> - Initializing ContestantDBRepository with properties: {jdbc.url=jdbc:sqlite:D:\Facultate\Faculta\An_2_sem_2\MPP_Java\Concurs_inot_Java\swimming_race.db}
19 Mar 2023 18:46:02,952 INFO  concurs.repository.ParticipationDBRepository 20 <init> - Initializing ParicipationDBRepository with properties: {jdbc.url=jdbc:sqlite:D:\Facultate\Faculta\An_2_sem_2\MPP_Java\Concurs_inot_Java\swimming_race.db}
19 Mar 2023 18:46:02,954 INFO  concurs.repository.SwimmingRaceDBRepository 20 <init> - Initializing SwimmingRaceDBRepository with properties: {jdbc.url=jdbc:sqlite:D:\Facultate\Faculta\An_2_sem_2\MPP_Java\Concurs_inot_Java\swimming_race.db}
19 Mar 2023 18:46:02,957 TRACE concurs.repository.AdminDBRepository 30 getAccount - Enter getting account by email boss@email.com and password boss
19 Mar 2023 18:46:02,957 TRACE concurs.repository.JdbcUtils 47 getConnection - Enter
19 Mar 2023 18:46:02,957 TRACE concurs.repository.JdbcUtils 24 getNewConnection - Enter
19 Mar 2023 18:46:02,958 INFO  concurs.repository.JdbcUtils 29 getNewConnection - trying to connect to database ... jdbc:sqlite:D:\Facultate\Faculta\An_2_sem_2\MPP_Java\Concurs_inot_Java\swimming_race.db
19 Mar 2023 18:46:02,958 INFO  concurs.repository.JdbcUtils 30 getNewConnection - user: null
19 Mar 2023 18:46:02,958 INFO  concurs.repository.JdbcUtils 31 getNewConnection - pass: null
19 Mar 2023 18:46:03,151 TRACE concurs.repository.JdbcUtils 56 getConnection - Exit with(org.sqlite.jdbc4.JDBC4Connection@5b247367)
19 Mar 2023 18:46:03,165 TRACE concurs.repository.AdminDBRepository 48 getAccount - Exit with(Admin{ID=1, email='boss@email.com', password='boss', officeID=1})
19 Mar 2023 18:46:03,166 TRACE concurs.repository.ContestantDBRepository 29 getByRace - Enter finding by race with distance 200m and style spate
19 Mar 2023 18:46:03,166 TRACE concurs.repository.JdbcUtils 47 getConnection - Enter
19 Mar 2023 18:46:03,167 TRACE concurs.repository.JdbcUtils 24 getNewConnection - Enter
19 Mar 2023 18:46:03,167 INFO  concurs.repository.JdbcUtils 29 getNewConnection - trying to connect to database ... jdbc:sqlite:D:\Facultate\Faculta\An_2_sem_2\MPP_Java\Concurs_inot_Java\swimming_race.db
19 Mar 2023 18:46:03,167 INFO  concurs.repository.JdbcUtils 30 getNewConnection - user: null
19 Mar 2023 18:46:03,167 INFO  concurs.repository.JdbcUtils 31 getNewConnection - pass: null
19 Mar 2023 18:46:03,169 TRACE concurs.repository.JdbcUtils 56 getConnection - Exit with(org.sqlite.jdbc4.JDBC4Connection@17fc391b)
19 Mar 2023 18:46:03,175 TRACE concurs.repository.ContestantDBRepository 55 getByRace - Exit with([Contestant{ID=1, name='Flaviu', age=20}, Contestant{ID=2, name='Ilinca', age=19}, Contestant{ID=4, name='Vlad', age=20}])
19 Mar 2023 18:46:03,175 TRACE concurs.repository.SwimmingRaceDBRepository 26 nrContestantEachRace - Enter
19 Mar 2023 18:46:03,175 TRACE concurs.repository.JdbcUtils 47 getConnection - Enter
19 Mar 2023 18:46:03,176 TRACE concurs.repository.JdbcUtils 24 getNewConnection - Enter
19 Mar 2023 18:46:03,176 INFO  concurs.repository.JdbcUtils 29 getNewConnection - trying to connect to database ... jdbc:sqlite:D:\Facultate\Faculta\An_2_sem_2\MPP_Java\Concurs_inot_Java\swimming_race.db
19 Mar 2023 18:46:03,176 INFO  concurs.repository.JdbcUtils 30 getNewConnection - user: null
19 Mar 2023 18:46:03,176 INFO  concurs.repository.JdbcUtils 31 getNewConnection - pass: null
19 Mar 2023 18:46:03,178 TRACE concurs.repository.JdbcUtils 56 getConnection - Exit with(org.sqlite.jdbc4.JDBC4Connection@1972e513)
19 Mar 2023 18:46:03,181 ERROR concurs.repository.SwimmingRaceDBRepository 48 nrContestantEachRace - org.sqlite.SQLiteException: [SQLITE_ERROR] SQL error or missing database (RIGHT and FULL OUTER JOINs are not currently supported)
19 Mar 2023 18:46:03,182 TRACE concurs.repository.SwimmingRaceDBRepository 51 nrContestantEachRace - Exit with({})
19 Mar 2023 18:46:03,182 TRACE concurs.repository.SwimmingRaceDBRepository 57 getByContestant - Enter
19 Mar 2023 18:46:03,183 TRACE concurs.repository.JdbcUtils 47 getConnection - Enter
19 Mar 2023 18:46:03,183 TRACE concurs.repository.JdbcUtils 56 getConnection - Exit with(org.sqlite.jdbc4.JDBC4Connection@1972e513)
19 Mar 2023 18:46:03,185 TRACE concurs.repository.SwimmingRaceDBRepository 82 getByContestant - Exit with([SwimmingRace{ID=1, distance='50m', style='liber'}, SwimmingRace{ID=2, distance='200m', style='spate'}])
19 Mar 2023 18:46:03,185 TRACE concurs.repository.SwimmingRaceDBRepository 88 findByDistanceAndStyle - Enter finding by distance 200m and style spate
19 Mar 2023 18:46:03,185 TRACE concurs.repository.JdbcUtils 47 getConnection - Enter
19 Mar 2023 18:46:03,186 TRACE concurs.repository.JdbcUtils 56 getConnection - Exit with(org.sqlite.jdbc4.JDBC4Connection@1972e513)
19 Mar 2023 18:46:03,186 TRACE concurs.repository.SwimmingRaceDBRepository 106 findByDistanceAndStyle - Exit with(SwimmingRace{ID=2, distance='200m', style='spate'})
19 Mar 2023 18:46:16,923 INFO  concurs.repository.AdminDBRepository 24 <init> - Initializing AdminDBRepository with properties: {jdbc.url=jdbc:sqlite:D:\Facultate\Faculta\An_2_sem_2\MPP_Java\Concurs_inot_Java\swimming_race.db}
19 Mar 2023 18:46:16,929 INFO  concurs.repository.ContestantDBRepository 23 <init> - Initializing ContestantDBRepository with properties: {jdbc.url=jdbc:sqlite:D:\Facultate\Faculta\An_2_sem_2\MPP_Java\Concurs_inot_Java\swimming_race.db}
19 Mar 2023 18:46:16,931 INFO  concurs.repository.ParticipationDBRepository 20 <init> - Initializing ParicipationDBRepository with properties: {jdbc.url=jdbc:sqlite:D:\Facultate\Faculta\An_2_sem_2\MPP_Java\Concurs_inot_Java\swimming_race.db}
19 Mar 2023 18:46:16,932 INFO  concurs.repository.SwimmingRaceDBRepository 20 <init> - Initializing SwimmingRaceDBRepository with properties: {jdbc.url=jdbc:sqlite:D:\Facultate\Faculta\An_2_sem_2\MPP_Java\Concurs_inot_Java\swimming_race.db}
19 Mar 2023 18:46:16,935 TRACE concurs.repository.AdminDBRepository 30 getAccount - Enter getting account by email boss@email.com and password boss
19 Mar 2023 18:46:16,935 TRACE concurs.repository.JdbcUtils 47 getConnection - Enter
19 Mar 2023 18:46:16,935 TRACE concurs.repository.JdbcUtils 24 getNewConnection - Enter
19 Mar 2023 18:46:16,935 INFO  concurs.repository.JdbcUtils 29 getNewConnection - trying to connect to database ... jdbc:sqlite:D:\Facultate\Faculta\An_2_sem_2\MPP_Java\Concurs_inot_Java\swimming_race.db
19 Mar 2023 18:46:16,936 INFO  concurs.repository.JdbcUtils 30 getNewConnection - user: null
19 Mar 2023 18:46:16,936 INFO  concurs.repository.JdbcUtils 31 getNewConnection - pass: null
19 Mar 2023 18:46:17,123 TRACE concurs.repository.JdbcUtils 56 getConnection - Exit with(org.sqlite.jdbc4.JDBC4Connection@5b247367)
19 Mar 2023 18:46:17,135 TRACE concurs.repository.AdminDBRepository 48 getAccount - Exit with(Admin{ID=1, email='boss@email.com', password='boss', officeID=1})
19 Mar 2023 18:46:17,135 TRACE concurs.repository.ContestantDBRepository 29 getByRace - Enter finding by race with distance 200m and style spate
19 Mar 2023 18:46:17,136 TRACE concurs.repository.JdbcUtils 47 getConnection - Enter
19 Mar 2023 18:46:17,136 TRACE concurs.repository.JdbcUtils 24 getNewConnection - Enter
19 Mar 2023 18:46:17,136 INFO  concurs.repository.JdbcUtils 29 getNewConnection - trying to connect to database ... jdbc:sqlite:D:\Facultate\Faculta\An_2_sem_2\MPP_Java\Concurs_inot_Java\swimming_race.db
19 Mar 2023 18:46:17,136 INFO  concurs.repository.JdbcUtils 30 getNewConnection - user: null
19 Mar 2023 18:46:17,137 INFO  concurs.repository.JdbcUtils 31 getNewConnection - pass: null
19 Mar 2023 18:46:17,138 TRACE concurs.repository.JdbcUtils 56 getConnection - Exit with(org.sqlite.jdbc4.JDBC4Connection@17fc391b)
19 Mar 2023 18:46:17,145 TRACE concurs.repository.ContestantDBRepository 55 getByRace - Exit with([Contestant{ID=1, name='Flaviu', age=20}, Contestant{ID=2, name='Ilinca', age=19}, Contestant{ID=4, name='Vlad', age=20}])
19 Mar 2023 18:46:17,145 TRACE concurs.repository.SwimmingRaceDBRepository 26 nrContestantEachRace - Enter
19 Mar 2023 18:46:17,146 TRACE concurs.repository.JdbcUtils 47 getConnection - Enter
19 Mar 2023 18:46:17,146 TRACE concurs.repository.JdbcUtils 24 getNewConnection - Enter
19 Mar 2023 18:46:17,146 INFO  concurs.repository.JdbcUtils 29 getNewConnection - trying to connect to database ... jdbc:sqlite:D:\Facultate\Faculta\An_2_sem_2\MPP_Java\Concurs_inot_Java\swimming_race.db
19 Mar 2023 18:46:17,147 INFO  concurs.repository.JdbcUtils 30 getNewConnection - user: null
19 Mar 2023 18:46:17,147 INFO  concurs.repository.JdbcUtils 31 getNewConnection - pass: null
19 Mar 2023 18:46:17,148 TRACE concurs.repository.JdbcUtils 56 getConnection - Exit with(org.sqlite.jdbc4.JDBC4Connection@1972e513)
19 Mar 2023 18:46:17,151 TRACE concurs.repository.SwimmingRaceDBRepository 51 nrContestantEachRace - Exit with({SwimmingRace{ID=1, distance='50m', style='liber'}=2, SwimmingRace{ID=2, distance='200m', style='spate'}=3})
19 Mar 2023 18:46:17,151 TRACE concurs.repository.SwimmingRaceDBRepository 57 getByContestant - Enter
19 Mar 2023 18:46:17,152 TRACE concurs.repository.JdbcUtils 47 getConnection - Enter
19 Mar 2023 18:46:17,152 TRACE concurs.repository.JdbcUtils 56 getConnection - Exit with(org.sqlite.jdbc4.JDBC4Connection@1972e513)
19 Mar 2023 18:46:17,152 TRACE concurs.repository.SwimmingRaceDBRepository 82 getByContestant - Exit with([SwimmingRace{ID=1, distance='50m', style='liber'}, SwimmingRace{ID=2, distance='200m', style='spate'}])
19 Mar 2023 18:46:17,153 TRACE concurs.repository.SwimmingRaceDBRepository 88 findByDistanceAndStyle - Enter finding by distance 200m and style spate
19 Mar 2023 18:46:17,153 TRACE concurs.repository.JdbcUtils 47 getConnection - Enter
19 Mar 2023 18:46:17,153 TRACE concurs.repository.JdbcUtils 56 getConnection - Exit with(org.sqlite.jdbc4.JDBC4Connection@1972e513)
19 Mar 2023 18:46:17,153 TRACE concurs.repository.SwimmingRaceDBRepository 106 findByDistanceAndStyle - Exit with(SwimmingRace{ID=2, distance='200m', style='spate'})
19 Mar 2023 18:46:35,393 INFO  concurs.repository.AdminDBRepository 24 <init> - Initializing AdminDBRepository with properties: {jdbc.url=jdbc:sqlite:D:\Facultate\Faculta\An_2_sem_2\MPP_Java\Concurs_inot_Java\swimming_race.db}
19 Mar 2023 18:46:35,399 INFO  concurs.repository.ContestantDBRepository 23 <init> - Initializing ContestantDBRepository with properties: {jdbc.url=jdbc:sqlite:D:\Facultate\Faculta\An_2_sem_2\MPP_Java\Concurs_inot_Java\swimming_race.db}
19 Mar 2023 18:46:35,400 INFO  concurs.repository.ParticipationDBRepository 20 <init> - Initializing ParicipationDBRepository with properties: {jdbc.url=jdbc:sqlite:D:\Facultate\Faculta\An_2_sem_2\MPP_Java\Concurs_inot_Java\swimming_race.db}
19 Mar 2023 18:46:35,401 INFO  concurs.repository.SwimmingRaceDBRepository 20 <init> - Initializing SwimmingRaceDBRepository with properties: {jdbc.url=jdbc:sqlite:D:\Facultate\Faculta\An_2_sem_2\MPP_Java\Concurs_inot_Java\swimming_race.db}
19 Mar 2023 18:46:35,403 TRACE concurs.repository.AdminDBRepository 30 getAccount - Enter getting account by email boss@email.com and password boss
19 Mar 2023 18:46:35,404 TRACE concurs.repository.JdbcUtils 47 getConnection - Enter
19 Mar 2023 18:46:35,404 TRACE concurs.repository.JdbcUtils 24 getNewConnection - Enter
19 Mar 2023 18:46:35,404 INFO  concurs.repository.JdbcUtils 29 getNewConnection - trying to connect to database ... jdbc:sqlite:D:\Facultate\Faculta\An_2_sem_2\MPP_Java\Concurs_inot_Java\swimming_race.db
19 Mar 2023 18:46:35,404 INFO  concurs.repository.JdbcUtils 30 getNewConnection - user: null
19 Mar 2023 18:46:35,405 INFO  concurs.repository.JdbcUtils 31 getNewConnection - pass: null
19 Mar 2023 18:46:35,596 TRACE concurs.repository.JdbcUtils 56 getConnection - Exit with(org.sqlite.jdbc4.JDBC4Connection@5b247367)
19 Mar 2023 18:46:35,606 TRACE concurs.repository.AdminDBRepository 48 getAccount - Exit with(Admin{ID=1, email='boss@email.com', password='boss', officeID=1})
19 Mar 2023 18:46:35,606 TRACE concurs.repository.ContestantDBRepository 29 getByRace - Enter finding by race with distance 200m and style spate
19 Mar 2023 18:46:35,607 TRACE concurs.repository.JdbcUtils 47 getConnection - Enter
19 Mar 2023 18:46:35,607 TRACE concurs.repository.JdbcUtils 24 getNewConnection - Enter
19 Mar 2023 18:46:35,607 INFO  concurs.repository.JdbcUtils 29 getNewConnection - trying to connect to database ... jdbc:sqlite:D:\Facultate\Faculta\An_2_sem_2\MPP_Java\Concurs_inot_Java\swimming_race.db
19 Mar 2023 18:46:35,607 INFO  concurs.repository.JdbcUtils 30 getNewConnection - user: null
19 Mar 2023 18:46:35,608 INFO  concurs.repository.JdbcUtils 31 getNewConnection - pass: null
19 Mar 2023 18:46:35,610 TRACE concurs.repository.JdbcUtils 56 getConnection - Exit with(org.sqlite.jdbc4.JDBC4Connection@17fc391b)
19 Mar 2023 18:46:35,617 TRACE concurs.repository.ContestantDBRepository 55 getByRace - Exit with([Contestant{ID=1, name='Flaviu', age=20}, Contestant{ID=2, name='Ilinca', age=19}, Contestant{ID=4, name='Vlad', age=20}])
19 Mar 2023 18:46:35,617 TRACE concurs.repository.SwimmingRaceDBRepository 26 nrContestantEachRace - Enter
19 Mar 2023 18:46:35,617 TRACE concurs.repository.JdbcUtils 47 getConnection - Enter
19 Mar 2023 18:46:35,618 TRACE concurs.repository.JdbcUtils 24 getNewConnection - Enter
19 Mar 2023 18:46:35,618 INFO  concurs.repository.JdbcUtils 29 getNewConnection - trying to connect to database ... jdbc:sqlite:D:\Facultate\Faculta\An_2_sem_2\MPP_Java\Concurs_inot_Java\swimming_race.db
19 Mar 2023 18:46:35,618 INFO  concurs.repository.JdbcUtils 30 getNewConnection - user: null
19 Mar 2023 18:46:35,619 INFO  concurs.repository.JdbcUtils 31 getNewConnection - pass: null
19 Mar 2023 18:46:35,620 TRACE concurs.repository.JdbcUtils 56 getConnection - Exit with(org.sqlite.jdbc4.JDBC4Connection@1972e513)
19 Mar 2023 18:46:35,622 TRACE concurs.repository.SwimmingRaceDBRepository 51 nrContestantEachRace - Exit with({SwimmingRace{ID=1, distance='50m', style='liber'}=2, SwimmingRace{ID=2, distance='200m', style='spate'}=3})
19 Mar 2023 18:46:54,343 INFO  concurs.repository.AdminDBRepository 24 <init> - Initializing AdminDBRepository with properties: {jdbc.url=jdbc:sqlite:D:\Facultate\Faculta\An_2_sem_2\MPP_Java\Concurs_inot_Java\swimming_race.db}
19 Mar 2023 18:46:54,350 INFO  concurs.repository.ContestantDBRepository 23 <init> - Initializing ContestantDBRepository with properties: {jdbc.url=jdbc:sqlite:D:\Facultate\Faculta\An_2_sem_2\MPP_Java\Concurs_inot_Java\swimming_race.db}
19 Mar 2023 18:46:54,352 INFO  concurs.repository.ParticipationDBRepository 20 <init> - Initializing ParicipationDBRepository with properties: {jdbc.url=jdbc:sqlite:D:\Facultate\Faculta\An_2_sem_2\MPP_Java\Concurs_inot_Java\swimming_race.db}
19 Mar 2023 18:46:54,355 INFO  concurs.repository.SwimmingRaceDBRepository 20 <init> - Initializing SwimmingRaceDBRepository with properties: {jdbc.url=jdbc:sqlite:D:\Facultate\Faculta\An_2_sem_2\MPP_Java\Concurs_inot_Java\swimming_race.db}
19 Mar 2023 18:46:54,358 TRACE concurs.repository.AdminDBRepository 30 getAccount - Enter getting account by email boss@email.com and password boss
19 Mar 2023 18:46:54,358 TRACE concurs.repository.JdbcUtils 47 getConnection - Enter
19 Mar 2023 18:46:54,358 TRACE concurs.repository.JdbcUtils 24 getNewConnection - Enter
19 Mar 2023 18:46:54,359 INFO  concurs.repository.JdbcUtils 29 getNewConnection - trying to connect to database ... jdbc:sqlite:D:\Facultate\Faculta\An_2_sem_2\MPP_Java\Concurs_inot_Java\swimming_race.db
19 Mar 2023 18:46:54,359 INFO  concurs.repository.JdbcUtils 30 getNewConnection - user: null
19 Mar 2023 18:46:54,360 INFO  concurs.repository.JdbcUtils 31 getNewConnection - pass: null
19 Mar 2023 18:46:54,589 TRACE concurs.repository.JdbcUtils 56 getConnection - Exit with(org.sqlite.jdbc4.JDBC4Connection@5b247367)
19 Mar 2023 18:46:54,601 TRACE concurs.repository.AdminDBRepository 48 getAccount - Exit with(Admin{ID=1, email='boss@email.com', password='boss', officeID=1})
19 Mar 2023 18:46:54,602 TRACE concurs.repository.ContestantDBRepository 29 getByRace - Enter finding by race with distance 200m and style spate
19 Mar 2023 18:46:54,602 TRACE concurs.repository.JdbcUtils 47 getConnection - Enter
19 Mar 2023 18:46:54,602 TRACE concurs.repository.JdbcUtils 24 getNewConnection - Enter
19 Mar 2023 18:46:54,603 INFO  concurs.repository.JdbcUtils 29 getNewConnection - trying to connect to database ... jdbc:sqlite:D:\Facultate\Faculta\An_2_sem_2\MPP_Java\Concurs_inot_Java\swimming_race.db
19 Mar 2023 18:46:54,603 INFO  concurs.repository.JdbcUtils 30 getNewConnection - user: null
19 Mar 2023 18:46:54,604 INFO  concurs.repository.JdbcUtils 31 getNewConnection - pass: null
19 Mar 2023 18:46:54,606 TRACE concurs.repository.JdbcUtils 56 getConnection - Exit with(org.sqlite.jdbc4.JDBC4Connection@17fc391b)
19 Mar 2023 18:46:54,614 TRACE concurs.repository.ContestantDBRepository 55 getByRace - Exit with([Contestant{ID=1, name='Flaviu', age=20}, Contestant{ID=2, name='Ilinca', age=19}, Contestant{ID=4, name='Vlad', age=20}])
19 Mar 2023 18:46:54,614 TRACE concurs.repository.SwimmingRaceDBRepository 26 nrContestantEachRace - Enter
19 Mar 2023 18:46:54,615 TRACE concurs.repository.JdbcUtils 47 getConnection - Enter
19 Mar 2023 18:46:54,615 TRACE concurs.repository.JdbcUtils 24 getNewConnection - Enter
19 Mar 2023 18:46:54,615 INFO  concurs.repository.JdbcUtils 29 getNewConnection - trying to connect to database ... jdbc:sqlite:D:\Facultate\Faculta\An_2_sem_2\MPP_Java\Concurs_inot_Java\swimming_race.db
19 Mar 2023 18:46:54,616 INFO  concurs.repository.JdbcUtils 30 getNewConnection - user: null
19 Mar 2023 18:46:54,616 INFO  concurs.repository.JdbcUtils 31 getNewConnection - pass: null
19 Mar 2023 18:46:54,618 TRACE concurs.repository.JdbcUtils 56 getConnection - Exit with(org.sqlite.jdbc4.JDBC4Connection@1972e513)
19 Mar 2023 18:46:54,621 TRACE concurs.repository.SwimmingRaceDBRepository 51 nrContestantEachRace - Exit with({SwimmingRace{ID=1, distance='50m', style='liber'}=2, SwimmingRace{ID=2, distance='200m', style='spate'}=3})
19 Mar 2023 18:48:43,886 INFO  concurs.repository.AdminDBRepository 24 <init> - Initializing AdminDBRepository with properties: {jdbc.url=jdbc:sqlite:D:\Facultate\Faculta\An_2_sem_2\MPP_Java\Concurs_inot_Java\swimming_race.db}
19 Mar 2023 18:48:43,891 INFO  concurs.repository.ContestantDBRepository 23 <init> - Initializing ContestantDBRepository with properties: {jdbc.url=jdbc:sqlite:D:\Facultate\Faculta\An_2_sem_2\MPP_Java\Concurs_inot_Java\swimming_race.db}
19 Mar 2023 18:48:43,893 INFO  concurs.repository.ParticipationDBRepository 20 <init> - Initializing ParicipationDBRepository with properties: {jdbc.url=jdbc:sqlite:D:\Facultate\Faculta\An_2_sem_2\MPP_Java\Concurs_inot_Java\swimming_race.db}
19 Mar 2023 18:48:43,895 INFO  concurs.repository.SwimmingRaceDBRepository 20 <init> - Initializing SwimmingRaceDBRepository with properties: {jdbc.url=jdbc:sqlite:D:\Facultate\Faculta\An_2_sem_2\MPP_Java\Concurs_inot_Java\swimming_race.db}
19 Mar 2023 18:48:43,898 TRACE concurs.repository.AdminDBRepository 30 getAccount - Enter getting account by email boss@email.com and password boss
19 Mar 2023 18:48:43,898 TRACE concurs.repository.JdbcUtils 47 getConnection - Enter
19 Mar 2023 18:48:43,898 TRACE concurs.repository.JdbcUtils 24 getNewConnection - Enter
19 Mar 2023 18:48:43,899 INFO  concurs.repository.JdbcUtils 29 getNewConnection - trying to connect to database ... jdbc:sqlite:D:\Facultate\Faculta\An_2_sem_2\MPP_Java\Concurs_inot_Java\swimming_race.db
19 Mar 2023 18:48:43,899 INFO  concurs.repository.JdbcUtils 30 getNewConnection - user: null
19 Mar 2023 18:48:43,899 INFO  concurs.repository.JdbcUtils 31 getNewConnection - pass: null
19 Mar 2023 18:48:44,098 TRACE concurs.repository.JdbcUtils 56 getConnection - Exit with(org.sqlite.jdbc4.JDBC4Connection@5b247367)
19 Mar 2023 18:48:44,109 TRACE concurs.repository.AdminDBRepository 48 getAccount - Exit with(Admin{ID=1, email='boss@email.com', password='boss', officeID=1})
19 Mar 2023 18:48:44,109 TRACE concurs.repository.ContestantDBRepository 29 getByRace - Enter finding by race with distance 200m and style spate
19 Mar 2023 18:48:44,109 TRACE concurs.repository.JdbcUtils 47 getConnection - Enter
19 Mar 2023 18:48:44,110 TRACE concurs.repository.JdbcUtils 24 getNewConnection - Enter
19 Mar 2023 18:48:44,110 INFO  concurs.repository.JdbcUtils 29 getNewConnection - trying to connect to database ... jdbc:sqlite:D:\Facultate\Faculta\An_2_sem_2\MPP_Java\Concurs_inot_Java\swimming_race.db
19 Mar 2023 18:48:44,110 INFO  concurs.repository.JdbcUtils 30 getNewConnection - user: null
19 Mar 2023 18:48:44,110 INFO  concurs.repository.JdbcUtils 31 getNewConnection - pass: null
19 Mar 2023 18:48:44,112 TRACE concurs.repository.JdbcUtils 56 getConnection - Exit with(org.sqlite.jdbc4.JDBC4Connection@17fc391b)
19 Mar 2023 18:48:44,118 TRACE concurs.repository.ContestantDBRepository 55 getByRace - Exit with([Contestant{ID=1, name='Flaviu', age=20}, Contestant{ID=2, name='Ilinca', age=19}, Contestant{ID=4, name='Vlad', age=20}])
19 Mar 2023 18:48:44,119 TRACE concurs.repository.SwimmingRaceDBRepository 26 nrContestantEachRace - Enter
19 Mar 2023 18:48:44,119 TRACE concurs.repository.JdbcUtils 47 getConnection - Enter
19 Mar 2023 18:48:44,119 TRACE concurs.repository.JdbcUtils 24 getNewConnection - Enter
19 Mar 2023 18:48:44,119 INFO  concurs.repository.JdbcUtils 29 getNewConnection - trying to connect to database ... jdbc:sqlite:D:\Facultate\Faculta\An_2_sem_2\MPP_Java\Concurs_inot_Java\swimming_race.db
19 Mar 2023 18:48:44,120 INFO  concurs.repository.JdbcUtils 30 getNewConnection - user: null
19 Mar 2023 18:48:44,120 INFO  concurs.repository.JdbcUtils 31 getNewConnection - pass: null
19 Mar 2023 18:48:44,121 TRACE concurs.repository.JdbcUtils 56 getConnection - Exit with(org.sqlite.jdbc4.JDBC4Connection@1972e513)
19 Mar 2023 18:48:44,123 TRACE concurs.repository.SwimmingRaceDBRepository 51 nrContestantEachRace - Exit with({SwimmingRace{ID=1, distance='50m', style='liber'}=2, SwimmingRace{ID=2, distance='200m', style='spate'}=3})
19 Mar 2023 18:53:46,894 INFO  concurs.repository.AdminDBRepository 24 <init> - Initializing AdminDBRepository with properties: {jdbc.url=jdbc:sqlite:D:\Facultate\Faculta\An_2_sem_2\MPP_Java\Concurs_inot_Java\swimming_race.db}
19 Mar 2023 18:53:46,900 INFO  concurs.repository.ContestantDBRepository 23 <init> - Initializing ContestantDBRepository with properties: {jdbc.url=jdbc:sqlite:D:\Facultate\Faculta\An_2_sem_2\MPP_Java\Concurs_inot_Java\swimming_race.db}
19 Mar 2023 18:53:46,902 INFO  concurs.repository.ParticipationDBRepository 20 <init> - Initializing ParicipationDBRepository with properties: {jdbc.url=jdbc:sqlite:D:\Facultate\Faculta\An_2_sem_2\MPP_Java\Concurs_inot_Java\swimming_race.db}
19 Mar 2023 18:53:46,904 INFO  concurs.repository.SwimmingRaceDBRepository 20 <init> - Initializing SwimmingRaceDBRepository with properties: {jdbc.url=jdbc:sqlite:D:\Facultate\Faculta\An_2_sem_2\MPP_Java\Concurs_inot_Java\swimming_race.db}
19 Mar 2023 18:53:46,906 TRACE concurs.repository.AdminDBRepository 30 getAccount - Enter getting account by email boss@email.com and password boss
19 Mar 2023 18:53:46,907 TRACE concurs.repository.JdbcUtils 47 getConnection - Enter
19 Mar 2023 18:53:46,907 TRACE concurs.repository.JdbcUtils 24 getNewConnection - Enter
19 Mar 2023 18:53:46,907 INFO  concurs.repository.JdbcUtils 29 getNewConnection - trying to connect to database ... jdbc:sqlite:D:\Facultate\Faculta\An_2_sem_2\MPP_Java\Concurs_inot_Java\swimming_race.db
19 Mar 2023 18:53:46,908 INFO  concurs.repository.JdbcUtils 30 getNewConnection - user: null
19 Mar 2023 18:53:46,908 INFO  concurs.repository.JdbcUtils 31 getNewConnection - pass: null
19 Mar 2023 18:53:47,090 TRACE concurs.repository.JdbcUtils 56 getConnection - Exit with(org.sqlite.jdbc4.JDBC4Connection@5b247367)
19 Mar 2023 18:53:47,104 TRACE concurs.repository.AdminDBRepository 48 getAccount - Exit with(Admin{ID=1, email='boss@email.com', password='boss', officeID=1})
19 Mar 2023 18:53:47,104 TRACE concurs.repository.ContestantDBRepository 29 getByRace - Enter finding by race with distance 200m and style spate
19 Mar 2023 18:53:47,104 TRACE concurs.repository.JdbcUtils 47 getConnection - Enter
19 Mar 2023 18:53:47,105 TRACE concurs.repository.JdbcUtils 24 getNewConnection - Enter
19 Mar 2023 18:53:47,105 INFO  concurs.repository.JdbcUtils 29 getNewConnection - trying to connect to database ... jdbc:sqlite:D:\Facultate\Faculta\An_2_sem_2\MPP_Java\Concurs_inot_Java\swimming_race.db
19 Mar 2023 18:53:47,105 INFO  concurs.repository.JdbcUtils 30 getNewConnection - user: null
19 Mar 2023 18:53:47,105 INFO  concurs.repository.JdbcUtils 31 getNewConnection - pass: null
19 Mar 2023 18:53:47,107 TRACE concurs.repository.JdbcUtils 56 getConnection - Exit with(org.sqlite.jdbc4.JDBC4Connection@17fc391b)
19 Mar 2023 18:53:47,112 TRACE concurs.repository.ContestantDBRepository 55 getByRace - Exit with([Contestant{ID=1, name='Flaviu', age=20}, Contestant{ID=2, name='Ilinca', age=19}, Contestant{ID=4, name='Vlad', age=20}])
19 Mar 2023 18:53:47,113 TRACE concurs.repository.SwimmingRaceDBRepository 26 nrContestantEachRace - Enter
19 Mar 2023 18:53:47,113 TRACE concurs.repository.JdbcUtils 47 getConnection - Enter
19 Mar 2023 18:53:47,113 TRACE concurs.repository.JdbcUtils 24 getNewConnection - Enter
19 Mar 2023 18:53:47,113 INFO  concurs.repository.JdbcUtils 29 getNewConnection - trying to connect to database ... jdbc:sqlite:D:\Facultate\Faculta\An_2_sem_2\MPP_Java\Concurs_inot_Java\swimming_race.db
19 Mar 2023 18:53:47,113 INFO  concurs.repository.JdbcUtils 30 getNewConnection - user: null
19 Mar 2023 18:53:47,114 INFO  concurs.repository.JdbcUtils 31 getNewConnection - pass: null
19 Mar 2023 18:53:47,115 TRACE concurs.repository.JdbcUtils 56 getConnection - Exit with(org.sqlite.jdbc4.JDBC4Connection@1972e513)
19 Mar 2023 18:53:47,117 TRACE concurs.repository.SwimmingRaceDBRepository 51 nrContestantEachRace - Exit with({SwimmingRace{ID=1, distance='50m', style='liber'}=2, SwimmingRace{ID=2, distance='200m', style='spate'}=3, SwimmingRace{ID=3, distance='800m', style='fluture'}=0})
19 Mar 2023 18:54:17,486 INFO  concurs.repository.AdminDBRepository 24 <init> - Initializing AdminDBRepository with properties: {jdbc.url=jdbc:sqlite:D:\Facultate\Faculta\An_2_sem_2\MPP_Java\Concurs_inot_Java\swimming_race.db}
19 Mar 2023 18:54:17,492 INFO  concurs.repository.ContestantDBRepository 23 <init> - Initializing ContestantDBRepository with properties: {jdbc.url=jdbc:sqlite:D:\Facultate\Faculta\An_2_sem_2\MPP_Java\Concurs_inot_Java\swimming_race.db}
19 Mar 2023 18:54:17,494 INFO  concurs.repository.ParticipationDBRepository 20 <init> - Initializing ParicipationDBRepository with properties: {jdbc.url=jdbc:sqlite:D:\Facultate\Faculta\An_2_sem_2\MPP_Java\Concurs_inot_Java\swimming_race.db}
19 Mar 2023 18:54:17,496 INFO  concurs.repository.SwimmingRaceDBRepository 20 <init> - Initializing SwimmingRaceDBRepository with properties: {jdbc.url=jdbc:sqlite:D:\Facultate\Faculta\An_2_sem_2\MPP_Java\Concurs_inot_Java\swimming_race.db}
19 Mar 2023 18:54:17,499 TRACE concurs.repository.AdminDBRepository 30 getAccount - Enter getting account by email boss@email.com and password boss
19 Mar 2023 18:54:17,499 TRACE concurs.repository.JdbcUtils 47 getConnection - Enter
19 Mar 2023 18:54:17,500 TRACE concurs.repository.JdbcUtils 24 getNewConnection - Enter
19 Mar 2023 18:54:17,500 INFO  concurs.repository.JdbcUtils 29 getNewConnection - trying to connect to database ... jdbc:sqlite:D:\Facultate\Faculta\An_2_sem_2\MPP_Java\Concurs_inot_Java\swimming_race.db
19 Mar 2023 18:54:17,500 INFO  concurs.repository.JdbcUtils 30 getNewConnection - user: null
19 Mar 2023 18:54:17,500 INFO  concurs.repository.JdbcUtils 31 getNewConnection - pass: null
19 Mar 2023 18:54:17,709 TRACE concurs.repository.JdbcUtils 56 getConnection - Exit with(org.sqlite.jdbc4.JDBC4Connection@5b247367)
19 Mar 2023 18:54:17,725 TRACE concurs.repository.AdminDBRepository 48 getAccount - Exit with(Admin{ID=1, email='boss@email.com', password='boss', officeID=1})
19 Mar 2023 18:54:17,725 TRACE concurs.repository.ContestantDBRepository 29 getByRace - Enter finding by race with distance 200m and style spate
19 Mar 2023 18:54:17,725 TRACE concurs.repository.JdbcUtils 47 getConnection - Enter
19 Mar 2023 18:54:17,726 TRACE concurs.repository.JdbcUtils 24 getNewConnection - Enter
19 Mar 2023 18:54:17,726 INFO  concurs.repository.JdbcUtils 29 getNewConnection - trying to connect to database ... jdbc:sqlite:D:\Facultate\Faculta\An_2_sem_2\MPP_Java\Concurs_inot_Java\swimming_race.db
19 Mar 2023 18:54:17,726 INFO  concurs.repository.JdbcUtils 30 getNewConnection - user: null
19 Mar 2023 18:54:17,727 INFO  concurs.repository.JdbcUtils 31 getNewConnection - pass: null
19 Mar 2023 18:54:17,728 TRACE concurs.repository.JdbcUtils 56 getConnection - Exit with(org.sqlite.jdbc4.JDBC4Connection@17fc391b)
19 Mar 2023 18:54:17,736 TRACE concurs.repository.ContestantDBRepository 55 getByRace - Exit with([Contestant{ID=1, name='Flaviu', age=20}, Contestant{ID=2, name='Ilinca', age=19}, Contestant{ID=4, name='Vlad', age=20}])
19 Mar 2023 18:54:17,736 TRACE concurs.repository.SwimmingRaceDBRepository 26 nrContestantEachRace - Enter
19 Mar 2023 18:54:17,736 TRACE concurs.repository.JdbcUtils 47 getConnection - Enter
19 Mar 2023 18:54:17,737 TRACE concurs.repository.JdbcUtils 24 getNewConnection - Enter
19 Mar 2023 18:54:17,737 INFO  concurs.repository.JdbcUtils 29 getNewConnection - trying to connect to database ... jdbc:sqlite:D:\Facultate\Faculta\An_2_sem_2\MPP_Java\Concurs_inot_Java\swimming_race.db
19 Mar 2023 18:54:17,737 INFO  concurs.repository.JdbcUtils 30 getNewConnection - user: null
19 Mar 2023 18:54:17,738 INFO  concurs.repository.JdbcUtils 31 getNewConnection - pass: null
19 Mar 2023 18:54:17,739 TRACE concurs.repository.JdbcUtils 56 getConnection - Exit with(org.sqlite.jdbc4.JDBC4Connection@1972e513)
19 Mar 2023 18:54:17,743 TRACE concurs.repository.SwimmingRaceDBRepository 51 nrContestantEachRace - Exit with({SwimmingRace{ID=1, distance='50m', style='liber'}=2, SwimmingRace{ID=2, distance='200m', style='spate'}=3, SwimmingRace{ID=3, distance='800m', style='fluture'}=0})
19 Mar 2023 18:54:17,744 TRACE concurs.repository.SwimmingRaceDBRepository 57 getByContestant - Enter
19 Mar 2023 18:54:17,744 TRACE concurs.repository.JdbcUtils 47 getConnection - Enter
19 Mar 2023 18:54:17,744 TRACE concurs.repository.JdbcUtils 56 getConnection - Exit with(org.sqlite.jdbc4.JDBC4Connection@1972e513)
19 Mar 2023 18:54:17,745 TRACE concurs.repository.SwimmingRaceDBRepository 82 getByContestant - Exit with([SwimmingRace{ID=1, distance='50m', style='liber'}, SwimmingRace{ID=2, distance='200m', style='spate'}])
19 Mar 2023 18:54:17,746 TRACE concurs.repository.SwimmingRaceDBRepository 88 findByDistanceAndStyle - Enter finding by distance 200m and style spate
19 Mar 2023 18:54:17,746 TRACE concurs.repository.JdbcUtils 47 getConnection - Enter
19 Mar 2023 18:54:17,746 TRACE concurs.repository.JdbcUtils 56 getConnection - Exit with(org.sqlite.jdbc4.JDBC4Connection@1972e513)
19 Mar 2023 18:54:17,747 TRACE concurs.repository.SwimmingRaceDBRepository 106 findByDistanceAndStyle - Exit with(SwimmingRace{ID=2, distance='200m', style='spate'})
19 Mar 2023 18:55:17,728 INFO  concurs.repository.AdminDBRepository 24 <init> - Initializing AdminDBRepository with properties: {jdbc.url=jdbc:sqlite:D:\Facultate\Faculta\An_2_sem_2\MPP_Java\Concurs_inot_Java\swimming_race.db}
19 Mar 2023 18:55:17,734 INFO  concurs.repository.ContestantDBRepository 23 <init> - Initializing ContestantDBRepository with properties: {jdbc.url=jdbc:sqlite:D:\Facultate\Faculta\An_2_sem_2\MPP_Java\Concurs_inot_Java\swimming_race.db}
19 Mar 2023 18:55:17,736 INFO  concurs.repository.ParticipationDBRepository 20 <init> - Initializing ParicipationDBRepository with properties: {jdbc.url=jdbc:sqlite:D:\Facultate\Faculta\An_2_sem_2\MPP_Java\Concurs_inot_Java\swimming_race.db}
19 Mar 2023 18:55:17,738 INFO  concurs.repository.SwimmingRaceDBRepository 20 <init> - Initializing SwimmingRaceDBRepository with properties: {jdbc.url=jdbc:sqlite:D:\Facultate\Faculta\An_2_sem_2\MPP_Java\Concurs_inot_Java\swimming_race.db}
19 Mar 2023 18:55:17,740 TRACE concurs.repository.AdminDBRepository 30 getAccount - Enter getting account by email boss@email.com and password boss
19 Mar 2023 18:55:17,740 TRACE concurs.repository.JdbcUtils 47 getConnection - Enter
19 Mar 2023 18:55:17,740 TRACE concurs.repository.JdbcUtils 24 getNewConnection - Enter
19 Mar 2023 18:55:17,741 INFO  concurs.repository.JdbcUtils 29 getNewConnection - trying to connect to database ... jdbc:sqlite:D:\Facultate\Faculta\An_2_sem_2\MPP_Java\Concurs_inot_Java\swimming_race.db
19 Mar 2023 18:55:17,741 INFO  concurs.repository.JdbcUtils 30 getNewConnection - user: null
19 Mar 2023 18:55:17,741 INFO  concurs.repository.JdbcUtils 31 getNewConnection - pass: null
19 Mar 2023 18:55:17,931 TRACE concurs.repository.JdbcUtils 56 getConnection - Exit with(org.sqlite.jdbc4.JDBC4Connection@5b247367)
19 Mar 2023 18:55:17,945 TRACE concurs.repository.AdminDBRepository 48 getAccount - Exit with(Admin{ID=1, email='boss@email.com', password='boss', officeID=1})
19 Mar 2023 18:55:17,945 TRACE concurs.repository.ContestantDBRepository 29 getByRace - Enter finding by race with distance 200m and style spate
19 Mar 2023 18:55:17,945 TRACE concurs.repository.JdbcUtils 47 getConnection - Enter
19 Mar 2023 18:55:17,945 TRACE concurs.repository.JdbcUtils 24 getNewConnection - Enter
19 Mar 2023 18:55:17,946 INFO  concurs.repository.JdbcUtils 29 getNewConnection - trying to connect to database ... jdbc:sqlite:D:\Facultate\Faculta\An_2_sem_2\MPP_Java\Concurs_inot_Java\swimming_race.db
19 Mar 2023 18:55:17,946 INFO  concurs.repository.JdbcUtils 30 getNewConnection - user: null
19 Mar 2023 18:55:17,946 INFO  concurs.repository.JdbcUtils 31 getNewConnection - pass: null
19 Mar 2023 18:55:17,948 TRACE concurs.repository.JdbcUtils 56 getConnection - Exit with(org.sqlite.jdbc4.JDBC4Connection@17fc391b)
19 Mar 2023 18:55:17,954 TRACE concurs.repository.ContestantDBRepository 55 getByRace - Exit with([Contestant{ID=1, name='Flaviu', age=20}, Contestant{ID=2, name='Ilinca', age=19}, Contestant{ID=4, name='Vlad', age=20}])
19 Mar 2023 18:55:17,954 TRACE concurs.repository.SwimmingRaceDBRepository 26 nrContestantEachRace - Enter
19 Mar 2023 18:55:17,954 TRACE concurs.repository.JdbcUtils 47 getConnection - Enter
19 Mar 2023 18:55:17,955 TRACE concurs.repository.JdbcUtils 24 getNewConnection - Enter
19 Mar 2023 18:55:17,955 INFO  concurs.repository.JdbcUtils 29 getNewConnection - trying to connect to database ... jdbc:sqlite:D:\Facultate\Faculta\An_2_sem_2\MPP_Java\Concurs_inot_Java\swimming_race.db
19 Mar 2023 18:55:17,955 INFO  concurs.repository.JdbcUtils 30 getNewConnection - user: null
19 Mar 2023 18:55:17,955 INFO  concurs.repository.JdbcUtils 31 getNewConnection - pass: null
19 Mar 2023 18:55:17,957 TRACE concurs.repository.JdbcUtils 56 getConnection - Exit with(org.sqlite.jdbc4.JDBC4Connection@1972e513)
19 Mar 2023 18:55:17,959 TRACE concurs.repository.SwimmingRaceDBRepository 51 nrContestantEachRace - Exit with({SwimmingRace{ID=1, distance='50m', style='liber'}=2, SwimmingRace{ID=2, distance='200m', style='spate'}=3, SwimmingRace{ID=3, distance='800m', style='fluture'}=0})
19 Mar 2023 18:55:17,959 TRACE concurs.repository.SwimmingRaceDBRepository 57 getByContestant - Enter finding which race does contestant 1 takes part in
19 Mar 2023 18:55:17,960 TRACE concurs.repository.JdbcUtils 47 getConnection - Enter
19 Mar 2023 18:55:17,960 TRACE concurs.repository.JdbcUtils 56 getConnection - Exit with(org.sqlite.jdbc4.JDBC4Connection@1972e513)
19 Mar 2023 18:55:17,960 TRACE concurs.repository.SwimmingRaceDBRepository 82 getByContestant - Exit with([SwimmingRace{ID=1, distance='50m', style='liber'}, SwimmingRace{ID=2, distance='200m', style='spate'}])
19 Mar 2023 18:55:17,961 TRACE concurs.repository.SwimmingRaceDBRepository 88 findByDistanceAndStyle - Enter finding by distance 200m and style spate
19 Mar 2023 18:55:17,961 TRACE concurs.repository.JdbcUtils 47 getConnection - Enter
19 Mar 2023 18:55:17,961 TRACE concurs.repository.JdbcUtils 56 getConnection - Exit with(org.sqlite.jdbc4.JDBC4Connection@1972e513)
19 Mar 2023 18:55:17,961 TRACE concurs.repository.SwimmingRaceDBRepository 106 findByDistanceAndStyle - Exit with(SwimmingRace{ID=2, distance='200m', style='spate'})
20 Mar 2023 13:23:10,900 INFO  concurs.repository.AdminDBRepository 24 <init> - Initializing AdminDBRepository with properties: {jdbc.url=jdbc:sqlite:D:\Facultate\Faculta\An_2_sem_2\MPP_Java\Concurs_inot_Java\swimming_race.db}
20 Mar 2023 13:23:10,907 INFO  concurs.repository.ContestantDBRepository 23 <init> - Initializing ContestantDBRepository with properties: {jdbc.url=jdbc:sqlite:D:\Facultate\Faculta\An_2_sem_2\MPP_Java\Concurs_inot_Java\swimming_race.db}
20 Mar 2023 13:23:10,909 INFO  concurs.repository.ParticipationDBRepository 20 <init> - Initializing ParicipationDBRepository with properties: {jdbc.url=jdbc:sqlite:D:\Facultate\Faculta\An_2_sem_2\MPP_Java\Concurs_inot_Java\swimming_race.db}
20 Mar 2023 13:23:10,911 INFO  concurs.repository.SwimmingRaceDBRepository 20 <init> - Initializing SwimmingRaceDBRepository with properties: {jdbc.url=jdbc:sqlite:D:\Facultate\Faculta\An_2_sem_2\MPP_Java\Concurs_inot_Java\swimming_race.db}
20 Mar 2023 13:23:10,914 TRACE concurs.repository.AdminDBRepository 30 getAccount - Enter getting account by email boss@email.com and password boss
20 Mar 2023 13:23:10,914 TRACE concurs.repository.JdbcUtils 47 getConnection - Enter
20 Mar 2023 13:23:10,914 TRACE concurs.repository.JdbcUtils 24 getNewConnection - Enter
20 Mar 2023 13:23:10,915 INFO  concurs.repository.JdbcUtils 29 getNewConnection - trying to connect to database ... jdbc:sqlite:D:\Facultate\Faculta\An_2_sem_2\MPP_Java\Concurs_inot_Java\swimming_race.db
20 Mar 2023 13:23:10,915 INFO  concurs.repository.JdbcUtils 30 getNewConnection - user: null
20 Mar 2023 13:23:10,916 INFO  concurs.repository.JdbcUtils 31 getNewConnection - pass: null
20 Mar 2023 13:23:11,101 TRACE concurs.repository.JdbcUtils 56 getConnection - Exit with(org.sqlite.jdbc4.JDBC4Connection@5b247367)
20 Mar 2023 13:23:11,111 TRACE concurs.repository.AdminDBRepository 48 getAccount - Exit with(Admin{ID=1, email='boss@email.com', password='boss', officeID=1})
20 Mar 2023 13:23:11,112 TRACE concurs.repository.ContestantDBRepository 29 getByRace - Enter finding by race with distance 200m and style spate
20 Mar 2023 13:23:11,112 TRACE concurs.repository.JdbcUtils 47 getConnection - Enter
20 Mar 2023 13:23:11,112 TRACE concurs.repository.JdbcUtils 24 getNewConnection - Enter
20 Mar 2023 13:23:11,112 INFO  concurs.repository.JdbcUtils 29 getNewConnection - trying to connect to database ... jdbc:sqlite:D:\Facultate\Faculta\An_2_sem_2\MPP_Java\Concurs_inot_Java\swimming_race.db
20 Mar 2023 13:23:11,112 INFO  concurs.repository.JdbcUtils 30 getNewConnection - user: null
20 Mar 2023 13:23:11,113 INFO  concurs.repository.JdbcUtils 31 getNewConnection - pass: null
20 Mar 2023 13:23:11,114 TRACE concurs.repository.JdbcUtils 56 getConnection - Exit with(org.sqlite.jdbc4.JDBC4Connection@17fc391b)
20 Mar 2023 13:23:11,120 TRACE concurs.repository.ContestantDBRepository 55 getByRace - Exit with([Contestant{ID=1, name='Flaviu', age=20}, Contestant{ID=2, name='Ilinca', age=19}, Contestant{ID=4, name='Vlad', age=20}])
20 Mar 2023 13:23:11,121 TRACE concurs.repository.SwimmingRaceDBRepository 26 nrContestantEachRace - Enter
20 Mar 2023 13:23:11,121 TRACE concurs.repository.JdbcUtils 47 getConnection - Enter
20 Mar 2023 13:23:11,121 TRACE concurs.repository.JdbcUtils 24 getNewConnection - Enter
20 Mar 2023 13:23:11,121 INFO  concurs.repository.JdbcUtils 29 getNewConnection - trying to connect to database ... jdbc:sqlite:D:\Facultate\Faculta\An_2_sem_2\MPP_Java\Concurs_inot_Java\swimming_race.db
20 Mar 2023 13:23:11,122 INFO  concurs.repository.JdbcUtils 30 getNewConnection - user: null
20 Mar 2023 13:23:11,122 INFO  concurs.repository.JdbcUtils 31 getNewConnection - pass: null
20 Mar 2023 13:23:11,123 TRACE concurs.repository.JdbcUtils 56 getConnection - Exit with(org.sqlite.jdbc4.JDBC4Connection@1972e513)
20 Mar 2023 13:23:11,126 TRACE concurs.repository.SwimmingRaceDBRepository 51 nrContestantEachRace - Exit with({SwimmingRace{ID=1, distance='50m', style='liber'}=2, SwimmingRace{ID=2, distance='200m', style='spate'}=3, SwimmingRace{ID=3, distance='800m', style='fluture'}=0})
20 Mar 2023 13:23:11,127 TRACE concurs.repository.SwimmingRaceDBRepository 57 getByContestant - Enter finding which race does contestant 1 takes part in
20 Mar 2023 13:23:11,127 TRACE concurs.repository.JdbcUtils 47 getConnection - Enter
20 Mar 2023 13:23:11,128 TRACE concurs.repository.JdbcUtils 56 getConnection - Exit with(org.sqlite.jdbc4.JDBC4Connection@1972e513)
20 Mar 2023 13:23:11,128 TRACE concurs.repository.SwimmingRaceDBRepository 82 getByContestant - Exit with([SwimmingRace{ID=1, distance='50m', style='liber'}, SwimmingRace{ID=2, distance='200m', style='spate'}])
20 Mar 2023 13:23:11,129 TRACE concurs.repository.SwimmingRaceDBRepository 88 findByDistanceAndStyle - Enter finding by distance 200m and style spate
20 Mar 2023 13:23:11,129 TRACE concurs.repository.JdbcUtils 47 getConnection - Enter
20 Mar 2023 13:23:11,129 TRACE concurs.repository.JdbcUtils 56 getConnection - Exit with(org.sqlite.jdbc4.JDBC4Connection@1972e513)
20 Mar 2023 13:23:11,130 TRACE concurs.repository.SwimmingRaceDBRepository 106 findByDistanceAndStyle - Exit with(SwimmingRace{ID=2, distance='200m', style='spate'})
20 Mar 2023 13:23:11,130 TRACE concurs.repository.ContestantDBRepository 61 add - Enter saving task Contestant{ID=10, name='George', age=22}
20 Mar 2023 13:23:11,130 TRACE concurs.repository.JdbcUtils 47 getConnection - Enter
20 Mar 2023 13:23:11,130 TRACE concurs.repository.JdbcUtils 56 getConnection - Exit with(org.sqlite.jdbc4.JDBC4Connection@17fc391b)
20 Mar 2023 13:23:11,271 TRACE concurs.repository.ContestantDBRepository 69 add - Saved 1 instances
20 Mar 2023 13:23:11,271 TRACE concurs.repository.ContestantDBRepository 74 add - Exit
22 Mar 2023 12:14:26,095 INFO  concurs.repository.AdminDBRepository 24 <init> - Initializing AdminDBRepository with properties: {jdbc.url=jdbc:sqlite:D:\Facultate\Faculta\An_2_sem_2\MPP_Java\Concurs_inot_Java\swimming_race.db}
22 Mar 2023 12:14:26,179 INFO  concurs.repository.ContestantDBRepository 23 <init> - Initializing ContestantDBRepository with properties: {jdbc.url=jdbc:sqlite:D:\Facultate\Faculta\An_2_sem_2\MPP_Java\Concurs_inot_Java\swimming_race.db}
22 Mar 2023 12:14:26,182 INFO  concurs.repository.ParticipationDBRepository 20 <init> - Initializing ParicipationDBRepository with properties: {jdbc.url=jdbc:sqlite:D:\Facultate\Faculta\An_2_sem_2\MPP_Java\Concurs_inot_Java\swimming_race.db}
22 Mar 2023 12:14:26,185 INFO  concurs.repository.SwimmingRaceDBRepository 20 <init> - Initializing SwimmingRaceDBRepository with properties: {jdbc.url=jdbc:sqlite:D:\Facultate\Faculta\An_2_sem_2\MPP_Java\Concurs_inot_Java\swimming_race.db}
22 Mar 2023 12:14:26,187 TRACE concurs.repository.AdminDBRepository 30 getAccount - Enter getting account by email boss@email.com and password boss
22 Mar 2023 12:14:26,187 TRACE concurs.repository.JdbcUtils 47 getConnection - Enter
22 Mar 2023 12:14:26,187 TRACE concurs.repository.JdbcUtils 24 getNewConnection - Enter
22 Mar 2023 12:14:26,188 INFO  concurs.repository.JdbcUtils 29 getNewConnection - trying to connect to database ... jdbc:sqlite:D:\Facultate\Faculta\An_2_sem_2\MPP_Java\Concurs_inot_Java\swimming_race.db
22 Mar 2023 12:14:26,188 INFO  concurs.repository.JdbcUtils 30 getNewConnection - user: null
22 Mar 2023 12:14:26,188 INFO  concurs.repository.JdbcUtils 31 getNewConnection - pass: null
22 Mar 2023 12:14:26,426 TRACE concurs.repository.JdbcUtils 56 getConnection - Exit with(org.sqlite.jdbc4.JDBC4Connection@5b247367)
22 Mar 2023 12:14:26,499 TRACE concurs.repository.AdminDBRepository 48 getAccount - Exit with(Admin{ID=1, email='boss@email.com', password='boss', officeID=1})
22 Mar 2023 12:14:26,499 TRACE concurs.repository.ContestantDBRepository 29 getByRace - Enter finding by race with distance 200m and style spate
22 Mar 2023 12:14:26,499 TRACE concurs.repository.JdbcUtils 47 getConnection - Enter
22 Mar 2023 12:14:26,500 TRACE concurs.repository.JdbcUtils 24 getNewConnection - Enter
22 Mar 2023 12:14:26,500 INFO  concurs.repository.JdbcUtils 29 getNewConnection - trying to connect to database ... jdbc:sqlite:D:\Facultate\Faculta\An_2_sem_2\MPP_Java\Concurs_inot_Java\swimming_race.db
22 Mar 2023 12:14:26,500 INFO  concurs.repository.JdbcUtils 30 getNewConnection - user: null
22 Mar 2023 12:14:26,500 INFO  concurs.repository.JdbcUtils 31 getNewConnection - pass: null
22 Mar 2023 12:14:26,502 TRACE concurs.repository.JdbcUtils 56 getConnection - Exit with(org.sqlite.jdbc4.JDBC4Connection@17fc391b)
22 Mar 2023 12:14:26,515 TRACE concurs.repository.ContestantDBRepository 55 getByRace - Exit with([Contestant{ID=1, name='Flaviu', age=20}, Contestant{ID=2, name='Ilinca', age=19}, Contestant{ID=4, name='Vlad', age=20}])
22 Mar 2023 12:14:26,515 TRACE concurs.repository.SwimmingRaceDBRepository 26 nrContestantEachRace - Enter
22 Mar 2023 12:14:26,515 TRACE concurs.repository.JdbcUtils 47 getConnection - Enter
22 Mar 2023 12:14:26,516 TRACE concurs.repository.JdbcUtils 24 getNewConnection - Enter
22 Mar 2023 12:14:26,516 INFO  concurs.repository.JdbcUtils 29 getNewConnection - trying to connect to database ... jdbc:sqlite:D:\Facultate\Faculta\An_2_sem_2\MPP_Java\Concurs_inot_Java\swimming_race.db
22 Mar 2023 12:14:26,516 INFO  concurs.repository.JdbcUtils 30 getNewConnection - user: null
22 Mar 2023 12:14:26,517 INFO  concurs.repository.JdbcUtils 31 getNewConnection - pass: null
22 Mar 2023 12:14:26,518 TRACE concurs.repository.JdbcUtils 56 getConnection - Exit with(org.sqlite.jdbc4.JDBC4Connection@1972e513)
22 Mar 2023 12:14:26,521 TRACE concurs.repository.SwimmingRaceDBRepository 51 nrContestantEachRace - Exit with({SwimmingRace{ID=1, distance='50m', style='liber'}=2, SwimmingRace{ID=2, distance='200m', style='spate'}=3, SwimmingRace{ID=3, distance='800m', style='fluture'}=1})
22 Mar 2023 12:14:26,522 TRACE concurs.repository.SwimmingRaceDBRepository 57 getByContestant - Enter finding which race does contestant 1 takes part in
22 Mar 2023 12:14:26,522 TRACE concurs.repository.JdbcUtils 47 getConnection - Enter
22 Mar 2023 12:14:26,523 TRACE concurs.repository.JdbcUtils 56 getConnection - Exit with(org.sqlite.jdbc4.JDBC4Connection@1972e513)
22 Mar 2023 12:14:26,524 TRACE concurs.repository.SwimmingRaceDBRepository 82 getByContestant - Exit with([SwimmingRace{ID=1, distance='50m', style='liber'}, SwimmingRace{ID=2, distance='200m', style='spate'}])
22 Mar 2023 12:14:26,524 TRACE concurs.repository.SwimmingRaceDBRepository 88 findByDistanceAndStyle - Enter finding by distance 200m and style spate
22 Mar 2023 12:14:26,524 TRACE concurs.repository.JdbcUtils 47 getConnection - Enter
22 Mar 2023 12:14:26,525 TRACE concurs.repository.JdbcUtils 56 getConnection - Exit with(org.sqlite.jdbc4.JDBC4Connection@1972e513)
22 Mar 2023 12:14:26,525 TRACE concurs.repository.SwimmingRaceDBRepository 106 findByDistanceAndStyle - Exit with(SwimmingRace{ID=2, distance='200m', style='spate'})
22 Mar 2023 12:14:26,526 TRACE concurs.repository.ContestantDBRepository 61 add - Enter saving task Contestant{ID=10, name='George', age=22}
22 Mar 2023 12:14:26,526 TRACE concurs.repository.JdbcUtils 47 getConnection - Enter
22 Mar 2023 12:14:26,526 TRACE concurs.repository.JdbcUtils 56 getConnection - Exit with(org.sqlite.jdbc4.JDBC4Connection@17fc391b)
22 Mar 2023 12:14:26,529 ERROR concurs.repository.ContestantDBRepository 71 add - org.sqlite.SQLiteException: [SQLITE_CONSTRAINT_PRIMARYKEY]  A PRIMARY KEY constraint failed (UNIQUE constraint failed: Contestant.ID)
22 Mar 2023 12:14:26,530 TRACE concurs.repository.ContestantDBRepository 74 add - Exit
28 Mar 2023 13:29:51,967 INFO  concurs.repository.AdminDBRepository 24 <init> - Initializing AdminDBRepository with properties: {jdbc.url=jdbc:sqlite:D:\Facultate\Faculta\An_2_sem_2\MPP_Java\Concurs_inot_Java\swimming_race.db}
28 Mar 2023 13:29:52,069 INFO  concurs.repository.ContestantDBRepository 23 <init> - Initializing ContestantDBRepository with properties: {jdbc.url=jdbc:sqlite:D:\Facultate\Faculta\An_2_sem_2\MPP_Java\Concurs_inot_Java\swimming_race.db}
28 Mar 2023 13:29:52,086 INFO  concurs.repository.ParticipationDBRepository 20 <init> - Initializing ParicipationDBRepository with properties: {jdbc.url=jdbc:sqlite:D:\Facultate\Faculta\An_2_sem_2\MPP_Java\Concurs_inot_Java\swimming_race.db}
28 Mar 2023 13:29:52,090 INFO  concurs.repository.SwimmingRaceDBRepository 20 <init> - Initializing SwimmingRaceDBRepository with properties: {jdbc.url=jdbc:sqlite:D:\Facultate\Faculta\An_2_sem_2\MPP_Java\Concurs_inot_Java\swimming_race.db}
28 Mar 2023 13:29:52,094 TRACE concurs.repository.AdminDBRepository 30 getAccount - Enter getting account by email boss@email.com and password boss
28 Mar 2023 13:29:52,094 TRACE concurs.repository.JdbcUtils 47 getConnection - Enter
28 Mar 2023 13:29:52,094 TRACE concurs.repository.JdbcUtils 24 getNewConnection - Enter
28 Mar 2023 13:29:52,095 INFO  concurs.repository.JdbcUtils 29 getNewConnection - trying to connect to database ... jdbc:sqlite:D:\Facultate\Faculta\An_2_sem_2\MPP_Java\Concurs_inot_Java\swimming_race.db
28 Mar 2023 13:29:52,095 INFO  concurs.repository.JdbcUtils 30 getNewConnection - user: null
28 Mar 2023 13:29:52,095 INFO  concurs.repository.JdbcUtils 31 getNewConnection - pass: null
28 Mar 2023 13:29:52,294 TRACE concurs.repository.JdbcUtils 56 getConnection - Exit with(org.sqlite.jdbc4.JDBC4Connection@5b247367)
28 Mar 2023 13:29:52,306 TRACE concurs.repository.AdminDBRepository 48 getAccount - Exit with(Admin{ID=1, email='boss@email.com', password='boss', officeID=1})
28 Mar 2023 13:29:52,306 TRACE concurs.repository.ContestantDBRepository 29 getByRace - Enter finding by race with distance 200m and style spate
28 Mar 2023 13:29:52,306 TRACE concurs.repository.JdbcUtils 47 getConnection - Enter
28 Mar 2023 13:29:52,307 TRACE concurs.repository.JdbcUtils 24 getNewConnection - Enter
28 Mar 2023 13:29:52,307 INFO  concurs.repository.JdbcUtils 29 getNewConnection - trying to connect to database ... jdbc:sqlite:D:\Facultate\Faculta\An_2_sem_2\MPP_Java\Concurs_inot_Java\swimming_race.db
28 Mar 2023 13:29:52,307 INFO  concurs.repository.JdbcUtils 30 getNewConnection - user: null
28 Mar 2023 13:29:52,307 INFO  concurs.repository.JdbcUtils 31 getNewConnection - pass: null
28 Mar 2023 13:29:52,308 TRACE concurs.repository.JdbcUtils 56 getConnection - Exit with(org.sqlite.jdbc4.JDBC4Connection@17fc391b)
28 Mar 2023 13:29:52,314 TRACE concurs.repository.ContestantDBRepository 55 getByRace - Exit with([Contestant{ID=1, name='Flaviu', age=20}, Contestant{ID=2, name='Ilinca', age=19}, Contestant{ID=4, name='Vlad', age=20}])
28 Mar 2023 13:29:52,315 TRACE concurs.repository.SwimmingRaceDBRepository 26 nrContestantEachRace - Enter
28 Mar 2023 13:29:52,315 TRACE concurs.repository.JdbcUtils 47 getConnection - Enter
28 Mar 2023 13:29:52,315 TRACE concurs.repository.JdbcUtils 24 getNewConnection - Enter
28 Mar 2023 13:29:52,316 INFO  concurs.repository.JdbcUtils 29 getNewConnection - trying to connect to database ... jdbc:sqlite:D:\Facultate\Faculta\An_2_sem_2\MPP_Java\Concurs_inot_Java\swimming_race.db
28 Mar 2023 13:29:52,316 INFO  concurs.repository.JdbcUtils 30 getNewConnection - user: null
28 Mar 2023 13:29:52,316 INFO  concurs.repository.JdbcUtils 31 getNewConnection - pass: null
28 Mar 2023 13:29:52,317 TRACE concurs.repository.JdbcUtils 56 getConnection - Exit with(org.sqlite.jdbc4.JDBC4Connection@1972e513)
28 Mar 2023 13:29:52,320 TRACE concurs.repository.SwimmingRaceDBRepository 51 nrContestantEachRace - Exit with({SwimmingRace{ID=1, distance='50m', style='liber'}=2, SwimmingRace{ID=2, distance='200m', style='spate'}=3, SwimmingRace{ID=3, distance='800m', style='fluture'}=1})
28 Mar 2023 13:29:52,321 TRACE concurs.repository.SwimmingRaceDBRepository 57 getByContestant - Enter finding which race does contestant 1 takes part in
28 Mar 2023 13:29:52,321 TRACE concurs.repository.JdbcUtils 47 getConnection - Enter
28 Mar 2023 13:29:52,321 TRACE concurs.repository.JdbcUtils 56 getConnection - Exit with(org.sqlite.jdbc4.JDBC4Connection@1972e513)
28 Mar 2023 13:29:52,322 TRACE concurs.repository.SwimmingRaceDBRepository 82 getByContestant - Exit with([SwimmingRace{ID=1, distance='50m', style='liber'}, SwimmingRace{ID=2, distance='200m', style='spate'}])
28 Mar 2023 13:29:52,323 TRACE concurs.repository.SwimmingRaceDBRepository 88 findByDistanceAndStyle - Enter finding by distance 200m and style spate
28 Mar 2023 13:29:52,323 TRACE concurs.repository.JdbcUtils 47 getConnection - Enter
28 Mar 2023 13:29:52,323 TRACE concurs.repository.JdbcUtils 56 getConnection - Exit with(org.sqlite.jdbc4.JDBC4Connection@1972e513)
28 Mar 2023 13:29:52,324 TRACE concurs.repository.SwimmingRaceDBRepository 106 findByDistanceAndStyle - Exit with(SwimmingRace{ID=2, distance='200m', style='spate'})
28 Mar 2023 13:29:52,324 TRACE concurs.repository.ContestantDBRepository 61 add - Enter saving task Contestant{ID=10, name='George', age=22}
28 Mar 2023 13:29:52,324 TRACE concurs.repository.JdbcUtils 47 getConnection - Enter
28 Mar 2023 13:29:52,324 TRACE concurs.repository.JdbcUtils 56 getConnection - Exit with(org.sqlite.jdbc4.JDBC4Connection@17fc391b)
28 Mar 2023 13:29:52,327 ERROR concurs.repository.ContestantDBRepository 71 add - org.sqlite.SQLiteException: [SQLITE_CONSTRAINT_PRIMARYKEY]  A PRIMARY KEY constraint failed (UNIQUE constraint failed: Contestant.ID)
28 Mar 2023 13:29:52,328 TRACE concurs.repository.ContestantDBRepository 74 add - Exit
28 Mar 2023 13:30:11,697 INFO  concurs.repository.AdminDBRepository 24 <init> - Initializing AdminDBRepository with properties: {jdbc.url=jdbc:sqlite:D:\Facultate\Faculta\An_2_sem_2\MPP_Java\Concurs_inot_Java\swimming_race.db}
28 Mar 2023 13:30:11,704 INFO  concurs.repository.ContestantDBRepository 23 <init> - Initializing ContestantDBRepository with properties: {jdbc.url=jdbc:sqlite:D:\Facultate\Faculta\An_2_sem_2\MPP_Java\Concurs_inot_Java\swimming_race.db}
28 Mar 2023 13:30:11,706 INFO  concurs.repository.ParticipationDBRepository 20 <init> - Initializing ParicipationDBRepository with properties: {jdbc.url=jdbc:sqlite:D:\Facultate\Faculta\An_2_sem_2\MPP_Java\Concurs_inot_Java\swimming_race.db}
28 Mar 2023 13:30:11,708 INFO  concurs.repository.SwimmingRaceDBRepository 20 <init> - Initializing SwimmingRaceDBRepository with properties: {jdbc.url=jdbc:sqlite:D:\Facultate\Faculta\An_2_sem_2\MPP_Java\Concurs_inot_Java\swimming_race.db}
28 Mar 2023 13:30:11,710 TRACE concurs.repository.AdminDBRepository 30 getAccount - Enter getting account by email boss@email.com and password boss
28 Mar 2023 13:30:11,711 TRACE concurs.repository.JdbcUtils 47 getConnection - Enter
28 Mar 2023 13:30:11,711 TRACE concurs.repository.JdbcUtils 24 getNewConnection - Enter
28 Mar 2023 13:30:11,712 INFO  concurs.repository.JdbcUtils 29 getNewConnection - trying to connect to database ... jdbc:sqlite:D:\Facultate\Faculta\An_2_sem_2\MPP_Java\Concurs_inot_Java\swimming_race.db
28 Mar 2023 13:30:11,712 INFO  concurs.repository.JdbcUtils 30 getNewConnection - user: null
28 Mar 2023 13:30:11,712 INFO  concurs.repository.JdbcUtils 31 getNewConnection - pass: null
28 Mar 2023 13:30:11,896 TRACE concurs.repository.JdbcUtils 56 getConnection - Exit with(org.sqlite.jdbc4.JDBC4Connection@5b247367)
28 Mar 2023 13:30:11,907 TRACE concurs.repository.AdminDBRepository 48 getAccount - Exit with(Admin{ID=1, email='boss@email.com', password='boss', officeID=1})
28 Mar 2023 13:30:11,908 TRACE concurs.repository.ContestantDBRepository 29 getByRace - Enter finding by race with distance 200m and style spate
28 Mar 2023 13:30:11,908 TRACE concurs.repository.JdbcUtils 47 getConnection - Enter
28 Mar 2023 13:30:11,909 TRACE concurs.repository.JdbcUtils 24 getNewConnection - Enter
28 Mar 2023 13:30:11,909 INFO  concurs.repository.JdbcUtils 29 getNewConnection - trying to connect to database ... jdbc:sqlite:D:\Facultate\Faculta\An_2_sem_2\MPP_Java\Concurs_inot_Java\swimming_race.db
28 Mar 2023 13:30:11,909 INFO  concurs.repository.JdbcUtils 30 getNewConnection - user: null
28 Mar 2023 13:30:11,910 INFO  concurs.repository.JdbcUtils 31 getNewConnection - pass: null
28 Mar 2023 13:30:11,911 TRACE concurs.repository.JdbcUtils 56 getConnection - Exit with(org.sqlite.jdbc4.JDBC4Connection@17fc391b)
28 Mar 2023 13:30:11,917 TRACE concurs.repository.ContestantDBRepository 55 getByRace - Exit with([Contestant{ID=1, name='Flaviu', age=20}, Contestant{ID=2, name='Ilinca', age=19}, Contestant{ID=4, name='Vlad', age=20}])
28 Mar 2023 13:30:11,917 TRACE concurs.repository.SwimmingRaceDBRepository 26 nrContestantEachRace - Enter
28 Mar 2023 13:30:11,917 TRACE concurs.repository.JdbcUtils 47 getConnection - Enter
28 Mar 2023 13:30:11,917 TRACE concurs.repository.JdbcUtils 24 getNewConnection - Enter
28 Mar 2023 13:30:11,918 INFO  concurs.repository.JdbcUtils 29 getNewConnection - trying to connect to database ... jdbc:sqlite:D:\Facultate\Faculta\An_2_sem_2\MPP_Java\Concurs_inot_Java\swimming_race.db
28 Mar 2023 13:30:11,918 INFO  concurs.repository.JdbcUtils 30 getNewConnection - user: null
28 Mar 2023 13:30:11,918 INFO  concurs.repository.JdbcUtils 31 getNewConnection - pass: null
28 Mar 2023 13:30:11,919 TRACE concurs.repository.JdbcUtils 56 getConnection - Exit with(org.sqlite.jdbc4.JDBC4Connection@1972e513)
28 Mar 2023 13:30:11,921 TRACE concurs.repository.SwimmingRaceDBRepository 51 nrContestantEachRace - Exit with({SwimmingRace{ID=1, distance='50m', style='liber'}=2, SwimmingRace{ID=2, distance='200m', style='spate'}=3, SwimmingRace{ID=3, distance='800m', style='fluture'}=1})
28 Mar 2023 13:30:11,921 TRACE concurs.repository.SwimmingRaceDBRepository 57 getByContestant - Enter finding which race does contestant 1 takes part in
28 Mar 2023 13:30:11,921 TRACE concurs.repository.JdbcUtils 47 getConnection - Enter
28 Mar 2023 13:30:11,922 TRACE concurs.repository.JdbcUtils 56 getConnection - Exit with(org.sqlite.jdbc4.JDBC4Connection@1972e513)
28 Mar 2023 13:30:11,922 TRACE concurs.repository.SwimmingRaceDBRepository 82 getByContestant - Exit with([SwimmingRace{ID=1, distance='50m', style='liber'}, SwimmingRace{ID=2, distance='200m', style='spate'}])
28 Mar 2023 13:30:11,923 TRACE concurs.repository.SwimmingRaceDBRepository 88 findByDistanceAndStyle - Enter finding by distance 200m and style spate
28 Mar 2023 13:30:11,923 TRACE concurs.repository.JdbcUtils 47 getConnection - Enter
28 Mar 2023 13:30:11,924 TRACE concurs.repository.JdbcUtils 56 getConnection - Exit with(org.sqlite.jdbc4.JDBC4Connection@1972e513)
28 Mar 2023 13:30:11,924 TRACE concurs.repository.SwimmingRaceDBRepository 106 findByDistanceAndStyle - Exit with(SwimmingRace{ID=2, distance='200m', style='spate'})
28 Mar 2023 16:22:15,306 INFO  com.javafx.main.concurs.repository.AdminDBRepository 21 <init> - Initializing AdminDBRepository with properties: {jdbc.url=jdbc:sqlite:D:\Facultate\Faculta\An_2_sem_2\MPP_Java\Concurs_inot_Java\swimming_race.db}
28 Mar 2023 16:22:15,310 INFO  com.javafx.main.concurs.repository.ContestantDBRepository 20 <init> - Initializing ContestantDBRepository with properties: {jdbc.url=jdbc:sqlite:D:\Facultate\Faculta\An_2_sem_2\MPP_Java\Concurs_inot_Java\swimming_race.db}
28 Mar 2023 16:22:15,311 INFO  com.javafx.main.concurs.repository.ParticipationDBRepository 20 <init> - Initializing ParicipationDBRepository with properties: {jdbc.url=jdbc:sqlite:D:\Facultate\Faculta\An_2_sem_2\MPP_Java\Concurs_inot_Java\swimming_race.db}
28 Mar 2023 16:22:15,312 INFO  com.javafx.main.concurs.repository.SwimmingRaceDBRepository 20 <init> - Initializing SwimmingRaceDBRepository with properties: {jdbc.url=jdbc:sqlite:D:\Facultate\Faculta\An_2_sem_2\MPP_Java\Concurs_inot_Java\swimming_race.db}
28 Mar 2023 16:22:15,313 INFO  com.javafx.main.service.Service 22 <init> - Creating service with repositories com.javafx.main.concurs.repository.AdminDBRepository@8857718, com.javafx.main.concurs.repository.ContestantDBRepository@5ba65d49, com.javafx.main.concurs.repository.ParticipationDBRepository@569d547, com.javafx.main.concurs.repository.SwimmingRaceDBRepository@5c55e6d3
28 Mar 2023 16:22:38,316 TRACE com.javafx.main.concurs.repository.AdminDBRepository 27 getAccount - Enter getting account by email boss@email.com and password biss
28 Mar 2023 16:22:38,317 TRACE com.javafx.main.concurs.repository.JdbcUtils 47 getConnection - Enter
28 Mar 2023 16:22:38,317 TRACE com.javafx.main.concurs.repository.JdbcUtils 24 getNewConnection - Enter
28 Mar 2023 16:22:38,317 INFO  com.javafx.main.concurs.repository.JdbcUtils 29 getNewConnection - trying to connect to database ... jdbc:sqlite:D:\Facultate\Faculta\An_2_sem_2\MPP_Java\Concurs_inot_Java\swimming_race.db
28 Mar 2023 16:22:38,317 INFO  com.javafx.main.concurs.repository.JdbcUtils 30 getNewConnection - user: null
28 Mar 2023 16:22:38,318 INFO  com.javafx.main.concurs.repository.JdbcUtils 31 getNewConnection - pass: null
28 Mar 2023 16:22:38,488 TRACE com.javafx.main.concurs.repository.JdbcUtils 56 getConnection - Exit with(org.sqlite.jdbc4.JDBC4Connection@6034aa5d)
28 Mar 2023 16:22:38,493 TRACE com.javafx.main.concurs.repository.AdminDBRepository 45 getAccount - Exit
28 Mar 2023 16:23:09,932 INFO  com.javafx.main.concurs.repository.AdminDBRepository 21 <init> - Initializing AdminDBRepository with properties: {jdbc.url=jdbc:sqlite:D:\Facultate\Faculta\An_2_sem_2\MPP_Java\Concurs_inot_Java\swimming_race.db}
28 Mar 2023 16:23:09,937 INFO  com.javafx.main.concurs.repository.ContestantDBRepository 20 <init> - Initializing ContestantDBRepository with properties: {jdbc.url=jdbc:sqlite:D:\Facultate\Faculta\An_2_sem_2\MPP_Java\Concurs_inot_Java\swimming_race.db}
28 Mar 2023 16:23:09,938 INFO  com.javafx.main.concurs.repository.ParticipationDBRepository 20 <init> - Initializing ParicipationDBRepository with properties: {jdbc.url=jdbc:sqlite:D:\Facultate\Faculta\An_2_sem_2\MPP_Java\Concurs_inot_Java\swimming_race.db}
28 Mar 2023 16:23:09,939 INFO  com.javafx.main.concurs.repository.SwimmingRaceDBRepository 20 <init> - Initializing SwimmingRaceDBRepository with properties: {jdbc.url=jdbc:sqlite:D:\Facultate\Faculta\An_2_sem_2\MPP_Java\Concurs_inot_Java\swimming_race.db}
28 Mar 2023 16:23:09,940 INFO  com.javafx.main.service.Service 22 <init> - Creating service with repositories com.javafx.main.concurs.repository.AdminDBRepository@8857718, com.javafx.main.concurs.repository.ContestantDBRepository@5ba65d49, com.javafx.main.concurs.repository.ParticipationDBRepository@569d547, com.javafx.main.concurs.repository.SwimmingRaceDBRepository@5c55e6d3
28 Mar 2023 16:23:21,377 TRACE com.javafx.main.concurs.repository.AdminDBRepository 27 getAccount - Enter getting account by email boss@email.com and password boss
28 Mar 2023 16:23:21,378 TRACE com.javafx.main.concurs.repository.JdbcUtils 47 getConnection - Enter
28 Mar 2023 16:23:21,378 TRACE com.javafx.main.concurs.repository.JdbcUtils 24 getNewConnection - Enter
28 Mar 2023 16:23:21,378 INFO  com.javafx.main.concurs.repository.JdbcUtils 29 getNewConnection - trying to connect to database ... jdbc:sqlite:D:\Facultate\Faculta\An_2_sem_2\MPP_Java\Concurs_inot_Java\swimming_race.db
28 Mar 2023 16:23:21,379 INFO  com.javafx.main.concurs.repository.JdbcUtils 30 getNewConnection - user: null
28 Mar 2023 16:23:21,379 INFO  com.javafx.main.concurs.repository.JdbcUtils 31 getNewConnection - pass: null
28 Mar 2023 16:23:21,540 TRACE com.javafx.main.concurs.repository.JdbcUtils 56 getConnection - Exit with(org.sqlite.jdbc4.JDBC4Connection@62bcf223)
28 Mar 2023 16:23:21,551 TRACE com.javafx.main.concurs.repository.AdminDBRepository 45 getAccount - Exit with(Admin{ID=1, email='boss@email.com', password='boss', officeID=1})
28 Mar 2023 16:24:09,733 INFO  com.javafx.main.concurs.repository.AdminDBRepository 21 <init> - Initializing AdminDBRepository with properties: {jdbc.url=jdbc:sqlite:D:\Facultate\Faculta\An_2_sem_2\MPP_Java\Concurs_inot_Java\swimming_race.db}
28 Mar 2023 16:24:09,739 INFO  com.javafx.main.concurs.repository.ContestantDBRepository 20 <init> - Initializing ContestantDBRepository with properties: {jdbc.url=jdbc:sqlite:D:\Facultate\Faculta\An_2_sem_2\MPP_Java\Concurs_inot_Java\swimming_race.db}
28 Mar 2023 16:24:09,740 INFO  com.javafx.main.concurs.repository.ParticipationDBRepository 20 <init> - Initializing ParicipationDBRepository with properties: {jdbc.url=jdbc:sqlite:D:\Facultate\Faculta\An_2_sem_2\MPP_Java\Concurs_inot_Java\swimming_race.db}
28 Mar 2023 16:24:09,741 INFO  com.javafx.main.concurs.repository.SwimmingRaceDBRepository 20 <init> - Initializing SwimmingRaceDBRepository with properties: {jdbc.url=jdbc:sqlite:D:\Facultate\Faculta\An_2_sem_2\MPP_Java\Concurs_inot_Java\swimming_race.db}
28 Mar 2023 16:24:09,742 INFO  com.javafx.main.service.Service 22 <init> - Creating service with repositories com.javafx.main.concurs.repository.AdminDBRepository@8857718, com.javafx.main.concurs.repository.ContestantDBRepository@5ba65d49, com.javafx.main.concurs.repository.ParticipationDBRepository@569d547, com.javafx.main.concurs.repository.SwimmingRaceDBRepository@5c55e6d3
28 Mar 2023 16:24:20,338 TRACE com.javafx.main.concurs.repository.AdminDBRepository 27 getAccount - Enter getting account by email boss@email.com and password boss
28 Mar 2023 16:24:20,338 TRACE com.javafx.main.concurs.repository.JdbcUtils 47 getConnection - Enter
28 Mar 2023 16:24:20,339 TRACE com.javafx.main.concurs.repository.JdbcUtils 24 getNewConnection - Enter
28 Mar 2023 16:24:20,339 INFO  com.javafx.main.concurs.repository.JdbcUtils 29 getNewConnection - trying to connect to database ... jdbc:sqlite:D:\Facultate\Faculta\An_2_sem_2\MPP_Java\Concurs_inot_Java\swimming_race.db
28 Mar 2023 16:24:20,339 INFO  com.javafx.main.concurs.repository.JdbcUtils 30 getNewConnection - user: null
28 Mar 2023 16:24:20,340 INFO  com.javafx.main.concurs.repository.JdbcUtils 31 getNewConnection - pass: null
28 Mar 2023 16:24:20,499 TRACE com.javafx.main.concurs.repository.JdbcUtils 56 getConnection - Exit with(org.sqlite.jdbc4.JDBC4Connection@62bcf223)
28 Mar 2023 16:24:20,510 TRACE com.javafx.main.concurs.repository.AdminDBRepository 45 getAccount - Exit with(Admin{ID=1, email='boss@email.com', password='boss', officeID=1})
28 Mar 2023 16:24:43,063 INFO  com.javafx.main.concurs.repository.AdminDBRepository 21 <init> - Initializing AdminDBRepository with properties: {jdbc.url=jdbc:sqlite:D:\Facultate\Faculta\An_2_sem_2\MPP_Java\Concurs_inot_Java\swimming_race.db}
28 Mar 2023 16:24:43,068 INFO  com.javafx.main.concurs.repository.ContestantDBRepository 20 <init> - Initializing ContestantDBRepository with properties: {jdbc.url=jdbc:sqlite:D:\Facultate\Faculta\An_2_sem_2\MPP_Java\Concurs_inot_Java\swimming_race.db}
28 Mar 2023 16:24:43,070 INFO  com.javafx.main.concurs.repository.ParticipationDBRepository 20 <init> - Initializing ParicipationDBRepository with properties: {jdbc.url=jdbc:sqlite:D:\Facultate\Faculta\An_2_sem_2\MPP_Java\Concurs_inot_Java\swimming_race.db}
28 Mar 2023 16:24:43,071 INFO  com.javafx.main.concurs.repository.SwimmingRaceDBRepository 20 <init> - Initializing SwimmingRaceDBRepository with properties: {jdbc.url=jdbc:sqlite:D:\Facultate\Faculta\An_2_sem_2\MPP_Java\Concurs_inot_Java\swimming_race.db}
28 Mar 2023 16:24:43,072 INFO  com.javafx.main.service.Service 22 <init> - Creating service with repositories com.javafx.main.concurs.repository.AdminDBRepository@8857718, com.javafx.main.concurs.repository.ContestantDBRepository@5ba65d49, com.javafx.main.concurs.repository.ParticipationDBRepository@569d547, com.javafx.main.concurs.repository.SwimmingRaceDBRepository@5c55e6d3
28 Mar 2023 16:24:55,341 TRACE com.javafx.main.concurs.repository.AdminDBRepository 27 getAccount - Enter getting account by email boss@email.com and password boss
28 Mar 2023 16:24:55,342 TRACE com.javafx.main.concurs.repository.JdbcUtils 47 getConnection - Enter
28 Mar 2023 16:24:55,342 TRACE com.javafx.main.concurs.repository.JdbcUtils 24 getNewConnection - Enter
28 Mar 2023 16:24:55,342 INFO  com.javafx.main.concurs.repository.JdbcUtils 29 getNewConnection - trying to connect to database ... jdbc:sqlite:D:\Facultate\Faculta\An_2_sem_2\MPP_Java\Concurs_inot_Java\swimming_race.db
28 Mar 2023 16:24:55,342 INFO  com.javafx.main.concurs.repository.JdbcUtils 30 getNewConnection - user: null
28 Mar 2023 16:24:55,343 INFO  com.javafx.main.concurs.repository.JdbcUtils 31 getNewConnection - pass: null
28 Mar 2023 16:24:55,521 TRACE com.javafx.main.concurs.repository.JdbcUtils 56 getConnection - Exit with(org.sqlite.jdbc4.JDBC4Connection@62bcf223)
28 Mar 2023 16:24:55,533 TRACE com.javafx.main.concurs.repository.AdminDBRepository 45 getAccount - Exit with(Admin{ID=1, email='boss@email.com', password='boss', officeID=1})
28 Mar 2023 16:33:31,757 INFO  com.javafx.main.concurs.repository.AdminDBRepository 21 <init> - Initializing AdminDBRepository with properties: {jdbc.url=jdbc:sqlite:D:\Facultate\Faculta\An_2_sem_2\MPP_Java\Concurs_inot_Java\swimming_race.db}
28 Mar 2023 16:33:31,763 INFO  com.javafx.main.concurs.repository.ContestantDBRepository 20 <init> - Initializing ContestantDBRepository with properties: {jdbc.url=jdbc:sqlite:D:\Facultate\Faculta\An_2_sem_2\MPP_Java\Concurs_inot_Java\swimming_race.db}
28 Mar 2023 16:33:31,764 INFO  com.javafx.main.concurs.repository.ParticipationDBRepository 20 <init> - Initializing ParicipationDBRepository with properties: {jdbc.url=jdbc:sqlite:D:\Facultate\Faculta\An_2_sem_2\MPP_Java\Concurs_inot_Java\swimming_race.db}
28 Mar 2023 16:33:31,765 INFO  com.javafx.main.concurs.repository.SwimmingRaceDBRepository 20 <init> - Initializing SwimmingRaceDBRepository with properties: {jdbc.url=jdbc:sqlite:D:\Facultate\Faculta\An_2_sem_2\MPP_Java\Concurs_inot_Java\swimming_race.db}
28 Mar 2023 16:33:31,766 INFO  com.javafx.main.service.Service 22 <init> - Creating service with repositories com.javafx.main.concurs.repository.AdminDBRepository@8857718, com.javafx.main.concurs.repository.ContestantDBRepository@5ba65d49, com.javafx.main.concurs.repository.ParticipationDBRepository@569d547, com.javafx.main.concurs.repository.SwimmingRaceDBRepository@5c55e6d3
28 Mar 2023 16:33:41,243 TRACE com.javafx.main.concurs.repository.AdminDBRepository 27 getAccount - Enter getting account by email boss@email.com and password boss
28 Mar 2023 16:33:41,243 TRACE com.javafx.main.concurs.repository.JdbcUtils 47 getConnection - Enter
28 Mar 2023 16:33:41,244 TRACE com.javafx.main.concurs.repository.JdbcUtils 24 getNewConnection - Enter
28 Mar 2023 16:33:41,244 INFO  com.javafx.main.concurs.repository.JdbcUtils 29 getNewConnection - trying to connect to database ... jdbc:sqlite:D:\Facultate\Faculta\An_2_sem_2\MPP_Java\Concurs_inot_Java\swimming_race.db
28 Mar 2023 16:33:41,244 INFO  com.javafx.main.concurs.repository.JdbcUtils 30 getNewConnection - user: null
28 Mar 2023 16:33:41,245 INFO  com.javafx.main.concurs.repository.JdbcUtils 31 getNewConnection - pass: null
28 Mar 2023 16:33:41,424 TRACE com.javafx.main.concurs.repository.JdbcUtils 56 getConnection - Exit with(org.sqlite.jdbc4.JDBC4Connection@62bcf223)
28 Mar 2023 16:33:41,434 TRACE com.javafx.main.concurs.repository.AdminDBRepository 45 getAccount - Exit with(Admin{ID=1, email='boss@email.com', password='boss', officeID=1})
28 Mar 2023 16:33:58,685 TRACE com.javafx.main.concurs.repository.AdminDBRepository 27 getAccount - Enter getting account by email boss@email.com and password boss
28 Mar 2023 16:33:58,686 TRACE com.javafx.main.concurs.repository.JdbcUtils 47 getConnection - Enter
28 Mar 2023 16:33:58,686 TRACE com.javafx.main.concurs.repository.JdbcUtils 56 getConnection - Exit with(org.sqlite.jdbc4.JDBC4Connection@62bcf223)
28 Mar 2023 16:33:58,686 TRACE com.javafx.main.concurs.repository.AdminDBRepository 45 getAccount - Exit with(Admin{ID=1, email='boss@email.com', password='boss', officeID=1})
28 Mar 2023 17:04:26,017 INFO  com.javafx.main.concurs.repository.AdminDBRepository 21 <init> - Initializing AdminDBRepository with properties: {jdbc.url=jdbc:sqlite:D:\Facultate\Faculta\An_2_sem_2\MPP_Java\Concurs_inot_Java\swimming_race.db}
28 Mar 2023 17:04:26,023 INFO  com.javafx.main.concurs.repository.ContestantDBRepository 20 <init> - Initializing ContestantDBRepository with properties: {jdbc.url=jdbc:sqlite:D:\Facultate\Faculta\An_2_sem_2\MPP_Java\Concurs_inot_Java\swimming_race.db}
28 Mar 2023 17:04:26,024 INFO  com.javafx.main.concurs.repository.ParticipationDBRepository 20 <init> - Initializing ParicipationDBRepository with properties: {jdbc.url=jdbc:sqlite:D:\Facultate\Faculta\An_2_sem_2\MPP_Java\Concurs_inot_Java\swimming_race.db}
28 Mar 2023 17:04:26,025 INFO  com.javafx.main.concurs.repository.SwimmingRaceDBRepository 21 <init> - Initializing SwimmingRaceDBRepository with properties: {jdbc.url=jdbc:sqlite:D:\Facultate\Faculta\An_2_sem_2\MPP_Java\Concurs_inot_Java\swimming_race.db}
28 Mar 2023 17:04:26,027 INFO  com.javafx.main.service.Service 25 <init> - Creating service with repositories com.javafx.main.concurs.repository.AdminDBRepository@8857718, com.javafx.main.concurs.repository.ContestantDBRepository@5ba65d49, com.javafx.main.concurs.repository.ParticipationDBRepository@569d547, com.javafx.main.concurs.repository.SwimmingRaceDBRepository@5c55e6d3
28 Mar 2023 17:04:41,358 TRACE com.javafx.main.concurs.repository.AdminDBRepository 27 getAccount - Enter getting account by email boss@email.com and password boss
28 Mar 2023 17:04:41,359 TRACE com.javafx.main.concurs.repository.JdbcUtils 47 getConnection - Enter
28 Mar 2023 17:04:41,359 TRACE com.javafx.main.concurs.repository.JdbcUtils 24 getNewConnection - Enter
28 Mar 2023 17:04:41,359 INFO  com.javafx.main.concurs.repository.JdbcUtils 29 getNewConnection - trying to connect to database ... jdbc:sqlite:D:\Facultate\Faculta\An_2_sem_2\MPP_Java\Concurs_inot_Java\swimming_race.db
28 Mar 2023 17:04:41,359 INFO  com.javafx.main.concurs.repository.JdbcUtils 30 getNewConnection - user: null
28 Mar 2023 17:04:41,360 INFO  com.javafx.main.concurs.repository.JdbcUtils 31 getNewConnection - pass: null
28 Mar 2023 17:04:41,522 TRACE com.javafx.main.concurs.repository.JdbcUtils 56 getConnection - Exit with(org.sqlite.jdbc4.JDBC4Connection@450e3eca)
28 Mar 2023 17:04:41,531 TRACE com.javafx.main.concurs.repository.AdminDBRepository 45 getAccount - Exit with(Admin{ID=1, email='boss@email.com', password='boss', officeID=1})
28 Mar 2023 17:06:05,482 INFO  com.javafx.main.concurs.repository.AdminDBRepository 21 <init> - Initializing AdminDBRepository with properties: {jdbc.url=jdbc:sqlite:D:\Facultate\Faculta\An_2_sem_2\MPP_Java\Concurs_inot_Java\swimming_race.db}
28 Mar 2023 17:06:05,488 INFO  com.javafx.main.concurs.repository.ContestantDBRepository 20 <init> - Initializing ContestantDBRepository with properties: {jdbc.url=jdbc:sqlite:D:\Facultate\Faculta\An_2_sem_2\MPP_Java\Concurs_inot_Java\swimming_race.db}
28 Mar 2023 17:06:05,489 INFO  com.javafx.main.concurs.repository.ParticipationDBRepository 20 <init> - Initializing ParicipationDBRepository with properties: {jdbc.url=jdbc:sqlite:D:\Facultate\Faculta\An_2_sem_2\MPP_Java\Concurs_inot_Java\swimming_race.db}
28 Mar 2023 17:06:05,490 INFO  com.javafx.main.concurs.repository.SwimmingRaceDBRepository 21 <init> - Initializing SwimmingRaceDBRepository with properties: {jdbc.url=jdbc:sqlite:D:\Facultate\Faculta\An_2_sem_2\MPP_Java\Concurs_inot_Java\swimming_race.db}
28 Mar 2023 17:06:05,491 INFO  com.javafx.main.service.Service 25 <init> - Creating service with repositories com.javafx.main.concurs.repository.AdminDBRepository@8857718, com.javafx.main.concurs.repository.ContestantDBRepository@5ba65d49, com.javafx.main.concurs.repository.ParticipationDBRepository@569d547, com.javafx.main.concurs.repository.SwimmingRaceDBRepository@5c55e6d3
28 Mar 2023 17:06:16,489 TRACE com.javafx.main.concurs.repository.AdminDBRepository 27 getAccount - Enter getting account by email boss@email.com and password boss
28 Mar 2023 17:06:16,490 TRACE com.javafx.main.concurs.repository.JdbcUtils 47 getConnection - Enter
28 Mar 2023 17:06:16,490 TRACE com.javafx.main.concurs.repository.JdbcUtils 24 getNewConnection - Enter
28 Mar 2023 17:06:16,490 INFO  com.javafx.main.concurs.repository.JdbcUtils 29 getNewConnection - trying to connect to database ... jdbc:sqlite:D:\Facultate\Faculta\An_2_sem_2\MPP_Java\Concurs_inot_Java\swimming_race.db
28 Mar 2023 17:06:16,491 INFO  com.javafx.main.concurs.repository.JdbcUtils 30 getNewConnection - user: null
28 Mar 2023 17:06:16,491 INFO  com.javafx.main.concurs.repository.JdbcUtils 31 getNewConnection - pass: null
28 Mar 2023 17:06:16,647 TRACE com.javafx.main.concurs.repository.JdbcUtils 56 getConnection - Exit with(org.sqlite.jdbc4.JDBC4Connection@62bcf223)
28 Mar 2023 17:06:16,656 TRACE com.javafx.main.concurs.repository.AdminDBRepository 45 getAccount - Exit with(Admin{ID=1, email='boss@email.com', password='boss', officeID=1})
28 Mar 2023 17:07:13,697 INFO  com.javafx.main.concurs.repository.AdminDBRepository 21 <init> - Initializing AdminDBRepository with properties: {jdbc.url=jdbc:sqlite:D:\Facultate\Faculta\An_2_sem_2\MPP_Java\Concurs_inot_Java\swimming_race.db}
28 Mar 2023 17:07:13,701 INFO  com.javafx.main.concurs.repository.ContestantDBRepository 20 <init> - Initializing ContestantDBRepository with properties: {jdbc.url=jdbc:sqlite:D:\Facultate\Faculta\An_2_sem_2\MPP_Java\Concurs_inot_Java\swimming_race.db}
28 Mar 2023 17:07:13,703 INFO  com.javafx.main.concurs.repository.ParticipationDBRepository 20 <init> - Initializing ParicipationDBRepository with properties: {jdbc.url=jdbc:sqlite:D:\Facultate\Faculta\An_2_sem_2\MPP_Java\Concurs_inot_Java\swimming_race.db}
28 Mar 2023 17:07:13,705 INFO  com.javafx.main.concurs.repository.SwimmingRaceDBRepository 21 <init> - Initializing SwimmingRaceDBRepository with properties: {jdbc.url=jdbc:sqlite:D:\Facultate\Faculta\An_2_sem_2\MPP_Java\Concurs_inot_Java\swimming_race.db}
28 Mar 2023 17:07:13,706 INFO  com.javafx.main.service.Service 25 <init> - Creating service with repositories com.javafx.main.concurs.repository.AdminDBRepository@8857718, com.javafx.main.concurs.repository.ContestantDBRepository@5ba65d49, com.javafx.main.concurs.repository.ParticipationDBRepository@569d547, com.javafx.main.concurs.repository.SwimmingRaceDBRepository@5c55e6d3
28 Mar 2023 17:07:24,301 TRACE com.javafx.main.concurs.repository.AdminDBRepository 27 getAccount - Enter getting account by email boss@email.com and password boss
28 Mar 2023 17:07:24,301 TRACE com.javafx.main.concurs.repository.JdbcUtils 47 getConnection - Enter
28 Mar 2023 17:07:24,302 TRACE com.javafx.main.concurs.repository.JdbcUtils 24 getNewConnection - Enter
28 Mar 2023 17:07:24,302 INFO  com.javafx.main.concurs.repository.JdbcUtils 29 getNewConnection - trying to connect to database ... jdbc:sqlite:D:\Facultate\Faculta\An_2_sem_2\MPP_Java\Concurs_inot_Java\swimming_race.db
28 Mar 2023 17:07:24,302 INFO  com.javafx.main.concurs.repository.JdbcUtils 30 getNewConnection - user: null
28 Mar 2023 17:07:24,303 INFO  com.javafx.main.concurs.repository.JdbcUtils 31 getNewConnection - pass: null
28 Mar 2023 17:07:24,463 TRACE com.javafx.main.concurs.repository.JdbcUtils 56 getConnection - Exit with(org.sqlite.jdbc4.JDBC4Connection@62bcf223)
28 Mar 2023 17:07:24,472 TRACE com.javafx.main.concurs.repository.AdminDBRepository 45 getAccount - Exit with(Admin{ID=1, email='boss@email.com', password='boss', officeID=1})
28 Mar 2023 17:08:35,077 INFO  com.javafx.main.concurs.repository.AdminDBRepository 21 <init> - Initializing AdminDBRepository with properties: {jdbc.url=jdbc:sqlite:D:\Facultate\Faculta\An_2_sem_2\MPP_Java\Concurs_inot_Java\swimming_race.db}
28 Mar 2023 17:08:35,081 INFO  com.javafx.main.concurs.repository.ContestantDBRepository 20 <init> - Initializing ContestantDBRepository with properties: {jdbc.url=jdbc:sqlite:D:\Facultate\Faculta\An_2_sem_2\MPP_Java\Concurs_inot_Java\swimming_race.db}
28 Mar 2023 17:08:35,082 INFO  com.javafx.main.concurs.repository.ParticipationDBRepository 20 <init> - Initializing ParicipationDBRepository with properties: {jdbc.url=jdbc:sqlite:D:\Facultate\Faculta\An_2_sem_2\MPP_Java\Concurs_inot_Java\swimming_race.db}
28 Mar 2023 17:08:35,083 INFO  com.javafx.main.concurs.repository.SwimmingRaceDBRepository 21 <init> - Initializing SwimmingRaceDBRepository with properties: {jdbc.url=jdbc:sqlite:D:\Facultate\Faculta\An_2_sem_2\MPP_Java\Concurs_inot_Java\swimming_race.db}
28 Mar 2023 17:08:35,083 INFO  com.javafx.main.service.Service 25 <init> - Creating service with repositories com.javafx.main.concurs.repository.AdminDBRepository@8857718, com.javafx.main.concurs.repository.ContestantDBRepository@5ba65d49, com.javafx.main.concurs.repository.ParticipationDBRepository@569d547, com.javafx.main.concurs.repository.SwimmingRaceDBRepository@5c55e6d3
28 Mar 2023 17:08:50,212 TRACE com.javafx.main.concurs.repository.AdminDBRepository 27 getAccount - Enter getting account by email boss@email.com and password boss
28 Mar 2023 17:08:50,213 TRACE com.javafx.main.concurs.repository.JdbcUtils 47 getConnection - Enter
28 Mar 2023 17:08:50,213 TRACE com.javafx.main.concurs.repository.JdbcUtils 24 getNewConnection - Enter
28 Mar 2023 17:08:50,213 INFO  com.javafx.main.concurs.repository.JdbcUtils 29 getNewConnection - trying to connect to database ... jdbc:sqlite:D:\Facultate\Faculta\An_2_sem_2\MPP_Java\Concurs_inot_Java\swimming_race.db
28 Mar 2023 17:08:50,213 INFO  com.javafx.main.concurs.repository.JdbcUtils 30 getNewConnection - user: null
28 Mar 2023 17:08:50,214 INFO  com.javafx.main.concurs.repository.JdbcUtils 31 getNewConnection - pass: null
28 Mar 2023 17:08:50,372 TRACE com.javafx.main.concurs.repository.JdbcUtils 56 getConnection - Exit with(org.sqlite.jdbc4.JDBC4Connection@2200c099)
28 Mar 2023 17:08:50,385 TRACE com.javafx.main.concurs.repository.AdminDBRepository 45 getAccount - Exit with(Admin{ID=1, email='boss@email.com', password='boss', officeID=1})
28 Mar 2023 17:09:07,727 INFO  com.javafx.main.concurs.repository.AdminDBRepository 21 <init> - Initializing AdminDBRepository with properties: {jdbc.url=jdbc:sqlite:D:\Facultate\Faculta\An_2_sem_2\MPP_Java\Concurs_inot_Java\swimming_race.db}
28 Mar 2023 17:09:07,731 INFO  com.javafx.main.concurs.repository.ContestantDBRepository 20 <init> - Initializing ContestantDBRepository with properties: {jdbc.url=jdbc:sqlite:D:\Facultate\Faculta\An_2_sem_2\MPP_Java\Concurs_inot_Java\swimming_race.db}
28 Mar 2023 17:09:07,732 INFO  com.javafx.main.concurs.repository.ParticipationDBRepository 20 <init> - Initializing ParicipationDBRepository with properties: {jdbc.url=jdbc:sqlite:D:\Facultate\Faculta\An_2_sem_2\MPP_Java\Concurs_inot_Java\swimming_race.db}
28 Mar 2023 17:09:07,733 INFO  com.javafx.main.concurs.repository.SwimmingRaceDBRepository 21 <init> - Initializing SwimmingRaceDBRepository with properties: {jdbc.url=jdbc:sqlite:D:\Facultate\Faculta\An_2_sem_2\MPP_Java\Concurs_inot_Java\swimming_race.db}
28 Mar 2023 17:09:07,733 INFO  com.javafx.main.service.Service 25 <init> - Creating service with repositories com.javafx.main.concurs.repository.AdminDBRepository@8857718, com.javafx.main.concurs.repository.ContestantDBRepository@5ba65d49, com.javafx.main.concurs.repository.ParticipationDBRepository@569d547, com.javafx.main.concurs.repository.SwimmingRaceDBRepository@5c55e6d3
28 Mar 2023 17:09:17,031 TRACE com.javafx.main.concurs.repository.AdminDBRepository 27 getAccount - Enter getting account by email boss@email.com and password boss
28 Mar 2023 17:09:17,031 TRACE com.javafx.main.concurs.repository.JdbcUtils 47 getConnection - Enter
28 Mar 2023 17:09:17,032 TRACE com.javafx.main.concurs.repository.JdbcUtils 24 getNewConnection - Enter
28 Mar 2023 17:09:17,032 INFO  com.javafx.main.concurs.repository.JdbcUtils 29 getNewConnection - trying to connect to database ... jdbc:sqlite:D:\Facultate\Faculta\An_2_sem_2\MPP_Java\Concurs_inot_Java\swimming_race.db
28 Mar 2023 17:09:17,032 INFO  com.javafx.main.concurs.repository.JdbcUtils 30 getNewConnection - user: null
28 Mar 2023 17:09:17,032 INFO  com.javafx.main.concurs.repository.JdbcUtils 31 getNewConnection - pass: null
28 Mar 2023 17:09:17,192 TRACE com.javafx.main.concurs.repository.JdbcUtils 56 getConnection - Exit with(org.sqlite.jdbc4.JDBC4Connection@450e3eca)
28 Mar 2023 17:09:17,201 TRACE com.javafx.main.concurs.repository.AdminDBRepository 45 getAccount - Exit with(Admin{ID=1, email='boss@email.com', password='boss', officeID=1})
28 Mar 2023 17:09:34,940 INFO  com.javafx.main.concurs.repository.AdminDBRepository 21 <init> - Initializing AdminDBRepository with properties: {jdbc.url=jdbc:sqlite:D:\Facultate\Faculta\An_2_sem_2\MPP_Java\Concurs_inot_Java\swimming_race.db}
28 Mar 2023 17:09:34,944 INFO  com.javafx.main.concurs.repository.ContestantDBRepository 20 <init> - Initializing ContestantDBRepository with properties: {jdbc.url=jdbc:sqlite:D:\Facultate\Faculta\An_2_sem_2\MPP_Java\Concurs_inot_Java\swimming_race.db}
28 Mar 2023 17:09:34,945 INFO  com.javafx.main.concurs.repository.ParticipationDBRepository 20 <init> - Initializing ParicipationDBRepository with properties: {jdbc.url=jdbc:sqlite:D:\Facultate\Faculta\An_2_sem_2\MPP_Java\Concurs_inot_Java\swimming_race.db}
28 Mar 2023 17:09:34,946 INFO  com.javafx.main.concurs.repository.SwimmingRaceDBRepository 21 <init> - Initializing SwimmingRaceDBRepository with properties: {jdbc.url=jdbc:sqlite:D:\Facultate\Faculta\An_2_sem_2\MPP_Java\Concurs_inot_Java\swimming_race.db}
28 Mar 2023 17:09:34,947 INFO  com.javafx.main.service.Service 25 <init> - Creating service with repositories com.javafx.main.concurs.repository.AdminDBRepository@da4afc, com.javafx.main.concurs.repository.ContestantDBRepository@313d19ed, com.javafx.main.concurs.repository.ParticipationDBRepository@3bbc2e0a, com.javafx.main.concurs.repository.SwimmingRaceDBRepository@7bdd8245
28 Mar 2023 17:09:44,224 TRACE com.javafx.main.concurs.repository.AdminDBRepository 27 getAccount - Enter getting account by email boss@email.com and password boss
28 Mar 2023 17:09:44,225 TRACE com.javafx.main.concurs.repository.JdbcUtils 47 getConnection - Enter
28 Mar 2023 17:09:44,225 TRACE com.javafx.main.concurs.repository.JdbcUtils 24 getNewConnection - Enter
28 Mar 2023 17:09:44,225 INFO  com.javafx.main.concurs.repository.JdbcUtils 29 getNewConnection - trying to connect to database ... jdbc:sqlite:D:\Facultate\Faculta\An_2_sem_2\MPP_Java\Concurs_inot_Java\swimming_race.db
28 Mar 2023 17:09:44,225 INFO  com.javafx.main.concurs.repository.JdbcUtils 30 getNewConnection - user: null
28 Mar 2023 17:09:44,226 INFO  com.javafx.main.concurs.repository.JdbcUtils 31 getNewConnection - pass: null
28 Mar 2023 17:09:44,389 TRACE com.javafx.main.concurs.repository.JdbcUtils 56 getConnection - Exit with(org.sqlite.jdbc4.JDBC4Connection@48d4f8e4)
28 Mar 2023 17:09:44,401 TRACE com.javafx.main.concurs.repository.AdminDBRepository 45 getAccount - Exit with(Admin{ID=1, email='boss@email.com', password='boss', officeID=1})
28 Mar 2023 17:10:36,049 INFO  com.javafx.main.concurs.repository.AdminDBRepository 21 <init> - Initializing AdminDBRepository with properties: {jdbc.url=jdbc:sqlite:D:\Facultate\Faculta\An_2_sem_2\MPP_Java\Concurs_inot_Java\swimming_race.db}
28 Mar 2023 17:10:36,055 INFO  com.javafx.main.concurs.repository.ContestantDBRepository 20 <init> - Initializing ContestantDBRepository with properties: {jdbc.url=jdbc:sqlite:D:\Facultate\Faculta\An_2_sem_2\MPP_Java\Concurs_inot_Java\swimming_race.db}
28 Mar 2023 17:10:36,057 INFO  com.javafx.main.concurs.repository.ParticipationDBRepository 20 <init> - Initializing ParicipationDBRepository with properties: {jdbc.url=jdbc:sqlite:D:\Facultate\Faculta\An_2_sem_2\MPP_Java\Concurs_inot_Java\swimming_race.db}
28 Mar 2023 17:10:36,058 INFO  com.javafx.main.concurs.repository.SwimmingRaceDBRepository 21 <init> - Initializing SwimmingRaceDBRepository with properties: {jdbc.url=jdbc:sqlite:D:\Facultate\Faculta\An_2_sem_2\MPP_Java\Concurs_inot_Java\swimming_race.db}
28 Mar 2023 17:10:36,060 INFO  com.javafx.main.service.Service 25 <init> - Creating service with repositories com.javafx.main.concurs.repository.AdminDBRepository@da4afc, com.javafx.main.concurs.repository.ContestantDBRepository@313d19ed, com.javafx.main.concurs.repository.ParticipationDBRepository@3bbc2e0a, com.javafx.main.concurs.repository.SwimmingRaceDBRepository@7bdd8245
28 Mar 2023 17:10:43,464 TRACE com.javafx.main.concurs.repository.AdminDBRepository 27 getAccount - Enter getting account by email boss@email.com and password boss
28 Mar 2023 17:10:43,465 TRACE com.javafx.main.concurs.repository.JdbcUtils 47 getConnection - Enter
28 Mar 2023 17:10:43,465 TRACE com.javafx.main.concurs.repository.JdbcUtils 24 getNewConnection - Enter
28 Mar 2023 17:10:43,465 INFO  com.javafx.main.concurs.repository.JdbcUtils 29 getNewConnection - trying to connect to database ... jdbc:sqlite:D:\Facultate\Faculta\An_2_sem_2\MPP_Java\Concurs_inot_Java\swimming_race.db
28 Mar 2023 17:10:43,466 INFO  com.javafx.main.concurs.repository.JdbcUtils 30 getNewConnection - user: null
28 Mar 2023 17:10:43,466 INFO  com.javafx.main.concurs.repository.JdbcUtils 31 getNewConnection - pass: null
28 Mar 2023 17:10:43,631 TRACE com.javafx.main.concurs.repository.JdbcUtils 56 getConnection - Exit with(org.sqlite.jdbc4.JDBC4Connection@24f6c044)
28 Mar 2023 17:10:43,644 TRACE com.javafx.main.concurs.repository.AdminDBRepository 45 getAccount - Exit with(Admin{ID=1, email='boss@email.com', password='boss', officeID=1})
28 Mar 2023 17:11:25,164 INFO  com.javafx.main.concurs.repository.AdminDBRepository 21 <init> - Initializing AdminDBRepository with properties: {jdbc.url=jdbc:sqlite:D:\Facultate\Faculta\An_2_sem_2\MPP_Java\Concurs_inot_Java\swimming_race.db}
28 Mar 2023 17:11:25,169 INFO  com.javafx.main.concurs.repository.ContestantDBRepository 20 <init> - Initializing ContestantDBRepository with properties: {jdbc.url=jdbc:sqlite:D:\Facultate\Faculta\An_2_sem_2\MPP_Java\Concurs_inot_Java\swimming_race.db}
28 Mar 2023 17:11:25,170 INFO  com.javafx.main.concurs.repository.ParticipationDBRepository 20 <init> - Initializing ParicipationDBRepository with properties: {jdbc.url=jdbc:sqlite:D:\Facultate\Faculta\An_2_sem_2\MPP_Java\Concurs_inot_Java\swimming_race.db}
28 Mar 2023 17:11:25,171 INFO  com.javafx.main.concurs.repository.SwimmingRaceDBRepository 21 <init> - Initializing SwimmingRaceDBRepository with properties: {jdbc.url=jdbc:sqlite:D:\Facultate\Faculta\An_2_sem_2\MPP_Java\Concurs_inot_Java\swimming_race.db}
28 Mar 2023 17:11:25,172 INFO  com.javafx.main.service.Service 25 <init> - Creating service with repositories com.javafx.main.concurs.repository.AdminDBRepository@da4afc, com.javafx.main.concurs.repository.ContestantDBRepository@313d19ed, com.javafx.main.concurs.repository.ParticipationDBRepository@3bbc2e0a, com.javafx.main.concurs.repository.SwimmingRaceDBRepository@7bdd8245
28 Mar 2023 17:11:33,268 TRACE com.javafx.main.concurs.repository.AdminDBRepository 27 getAccount - Enter getting account by email boss@email.com and password boss
28 Mar 2023 17:11:33,268 TRACE com.javafx.main.concurs.repository.JdbcUtils 47 getConnection - Enter
28 Mar 2023 17:11:33,268 TRACE com.javafx.main.concurs.repository.JdbcUtils 24 getNewConnection - Enter
28 Mar 2023 17:11:33,268 INFO  com.javafx.main.concurs.repository.JdbcUtils 29 getNewConnection - trying to connect to database ... jdbc:sqlite:D:\Facultate\Faculta\An_2_sem_2\MPP_Java\Concurs_inot_Java\swimming_race.db
28 Mar 2023 17:11:33,269 INFO  com.javafx.main.concurs.repository.JdbcUtils 30 getNewConnection - user: null
28 Mar 2023 17:11:33,269 INFO  com.javafx.main.concurs.repository.JdbcUtils 31 getNewConnection - pass: null
28 Mar 2023 17:11:33,431 TRACE com.javafx.main.concurs.repository.JdbcUtils 56 getConnection - Exit with(org.sqlite.jdbc4.JDBC4Connection@160ccfe8)
28 Mar 2023 17:11:33,443 TRACE com.javafx.main.concurs.repository.AdminDBRepository 45 getAccount - Exit with(Admin{ID=1, email='boss@email.com', password='boss', officeID=1})
28 Mar 2023 17:12:20,865 INFO  com.javafx.main.concurs.repository.AdminDBRepository 21 <init> - Initializing AdminDBRepository with properties: {jdbc.url=jdbc:sqlite:D:\Facultate\Faculta\An_2_sem_2\MPP_Java\Concurs_inot_Java\swimming_race.db}
28 Mar 2023 17:12:20,869 INFO  com.javafx.main.concurs.repository.ContestantDBRepository 20 <init> - Initializing ContestantDBRepository with properties: {jdbc.url=jdbc:sqlite:D:\Facultate\Faculta\An_2_sem_2\MPP_Java\Concurs_inot_Java\swimming_race.db}
28 Mar 2023 17:12:20,870 INFO  com.javafx.main.concurs.repository.ParticipationDBRepository 20 <init> - Initializing ParicipationDBRepository with properties: {jdbc.url=jdbc:sqlite:D:\Facultate\Faculta\An_2_sem_2\MPP_Java\Concurs_inot_Java\swimming_race.db}
28 Mar 2023 17:12:20,872 INFO  com.javafx.main.concurs.repository.SwimmingRaceDBRepository 21 <init> - Initializing SwimmingRaceDBRepository with properties: {jdbc.url=jdbc:sqlite:D:\Facultate\Faculta\An_2_sem_2\MPP_Java\Concurs_inot_Java\swimming_race.db}
28 Mar 2023 17:12:20,873 INFO  com.javafx.main.service.Service 25 <init> - Creating service with repositories com.javafx.main.concurs.repository.AdminDBRepository@da4afc, com.javafx.main.concurs.repository.ContestantDBRepository@313d19ed, com.javafx.main.concurs.repository.ParticipationDBRepository@3bbc2e0a, com.javafx.main.concurs.repository.SwimmingRaceDBRepository@7bdd8245
28 Mar 2023 17:12:29,794 TRACE com.javafx.main.concurs.repository.AdminDBRepository 27 getAccount - Enter getting account by email boss@email.com and password boss
28 Mar 2023 17:12:29,794 TRACE com.javafx.main.concurs.repository.JdbcUtils 47 getConnection - Enter
28 Mar 2023 17:12:29,794 TRACE com.javafx.main.concurs.repository.JdbcUtils 24 getNewConnection - Enter
28 Mar 2023 17:12:29,794 INFO  com.javafx.main.concurs.repository.JdbcUtils 29 getNewConnection - trying to connect to database ... jdbc:sqlite:D:\Facultate\Faculta\An_2_sem_2\MPP_Java\Concurs_inot_Java\swimming_race.db
28 Mar 2023 17:12:29,795 INFO  com.javafx.main.concurs.repository.JdbcUtils 30 getNewConnection - user: null
28 Mar 2023 17:12:29,795 INFO  com.javafx.main.concurs.repository.JdbcUtils 31 getNewConnection - pass: null
28 Mar 2023 17:12:29,963 TRACE com.javafx.main.concurs.repository.JdbcUtils 56 getConnection - Exit with(org.sqlite.jdbc4.JDBC4Connection@24f6c044)
28 Mar 2023 17:12:29,977 TRACE com.javafx.main.concurs.repository.AdminDBRepository 45 getAccount - Exit with(Admin{ID=1, email='boss@email.com', password='boss', officeID=1})
28 Mar 2023 17:13:00,603 INFO  com.javafx.main.concurs.repository.AdminDBRepository 21 <init> - Initializing AdminDBRepository with properties: {jdbc.url=jdbc:sqlite:D:\Facultate\Faculta\An_2_sem_2\MPP_Java\Concurs_inot_Java\swimming_race.db}
28 Mar 2023 17:13:00,609 INFO  com.javafx.main.concurs.repository.ContestantDBRepository 20 <init> - Initializing ContestantDBRepository with properties: {jdbc.url=jdbc:sqlite:D:\Facultate\Faculta\An_2_sem_2\MPP_Java\Concurs_inot_Java\swimming_race.db}
28 Mar 2023 17:13:00,610 INFO  com.javafx.main.concurs.repository.ParticipationDBRepository 20 <init> - Initializing ParicipationDBRepository with properties: {jdbc.url=jdbc:sqlite:D:\Facultate\Faculta\An_2_sem_2\MPP_Java\Concurs_inot_Java\swimming_race.db}
28 Mar 2023 17:13:00,611 INFO  com.javafx.main.concurs.repository.SwimmingRaceDBRepository 21 <init> - Initializing SwimmingRaceDBRepository with properties: {jdbc.url=jdbc:sqlite:D:\Facultate\Faculta\An_2_sem_2\MPP_Java\Concurs_inot_Java\swimming_race.db}
28 Mar 2023 17:13:00,612 INFO  com.javafx.main.service.Service 25 <init> - Creating service with repositories com.javafx.main.concurs.repository.AdminDBRepository@da4afc, com.javafx.main.concurs.repository.ContestantDBRepository@313d19ed, com.javafx.main.concurs.repository.ParticipationDBRepository@3bbc2e0a, com.javafx.main.concurs.repository.SwimmingRaceDBRepository@7bdd8245
28 Mar 2023 17:13:08,961 TRACE com.javafx.main.concurs.repository.AdminDBRepository 27 getAccount - Enter getting account by email boss@email.com and password boss
28 Mar 2023 17:13:08,961 TRACE com.javafx.main.concurs.repository.JdbcUtils 47 getConnection - Enter
28 Mar 2023 17:13:08,961 TRACE com.javafx.main.concurs.repository.JdbcUtils 24 getNewConnection - Enter
28 Mar 2023 17:13:08,961 INFO  com.javafx.main.concurs.repository.JdbcUtils 29 getNewConnection - trying to connect to database ... jdbc:sqlite:D:\Facultate\Faculta\An_2_sem_2\MPP_Java\Concurs_inot_Java\swimming_race.db
28 Mar 2023 17:13:08,962 INFO  com.javafx.main.concurs.repository.JdbcUtils 30 getNewConnection - user: null
28 Mar 2023 17:13:08,962 INFO  com.javafx.main.concurs.repository.JdbcUtils 31 getNewConnection - pass: null
28 Mar 2023 17:13:09,133 TRACE com.javafx.main.concurs.repository.JdbcUtils 56 getConnection - Exit with(org.sqlite.jdbc4.JDBC4Connection@74522805)
28 Mar 2023 17:13:09,145 TRACE com.javafx.main.concurs.repository.AdminDBRepository 45 getAccount - Exit with(Admin{ID=1, email='boss@email.com', password='boss', officeID=1})
28 Mar 2023 17:14:25,415 INFO  com.javafx.main.concurs.repository.AdminDBRepository 21 <init> - Initializing AdminDBRepository with properties: {jdbc.url=jdbc:sqlite:D:\Facultate\Faculta\An_2_sem_2\MPP_Java\Concurs_inot_Java\swimming_race.db}
28 Mar 2023 17:14:25,421 INFO  com.javafx.main.concurs.repository.ContestantDBRepository 20 <init> - Initializing ContestantDBRepository with properties: {jdbc.url=jdbc:sqlite:D:\Facultate\Faculta\An_2_sem_2\MPP_Java\Concurs_inot_Java\swimming_race.db}
28 Mar 2023 17:14:25,422 INFO  com.javafx.main.concurs.repository.ParticipationDBRepository 20 <init> - Initializing ParicipationDBRepository with properties: {jdbc.url=jdbc:sqlite:D:\Facultate\Faculta\An_2_sem_2\MPP_Java\Concurs_inot_Java\swimming_race.db}
28 Mar 2023 17:14:25,425 INFO  com.javafx.main.concurs.repository.SwimmingRaceDBRepository 21 <init> - Initializing SwimmingRaceDBRepository with properties: {jdbc.url=jdbc:sqlite:D:\Facultate\Faculta\An_2_sem_2\MPP_Java\Concurs_inot_Java\swimming_race.db}
28 Mar 2023 17:14:25,426 INFO  com.javafx.main.service.Service 25 <init> - Creating service with repositories com.javafx.main.concurs.repository.AdminDBRepository@da4afc, com.javafx.main.concurs.repository.ContestantDBRepository@313d19ed, com.javafx.main.concurs.repository.ParticipationDBRepository@3bbc2e0a, com.javafx.main.concurs.repository.SwimmingRaceDBRepository@7bdd8245
28 Mar 2023 17:14:33,822 TRACE com.javafx.main.concurs.repository.AdminDBRepository 27 getAccount - Enter getting account by email boss@email.com and password boss
28 Mar 2023 17:14:33,822 TRACE com.javafx.main.concurs.repository.JdbcUtils 47 getConnection - Enter
28 Mar 2023 17:14:33,822 TRACE com.javafx.main.concurs.repository.JdbcUtils 24 getNewConnection - Enter
28 Mar 2023 17:14:33,823 INFO  com.javafx.main.concurs.repository.JdbcUtils 29 getNewConnection - trying to connect to database ... jdbc:sqlite:D:\Facultate\Faculta\An_2_sem_2\MPP_Java\Concurs_inot_Java\swimming_race.db
28 Mar 2023 17:14:33,823 INFO  com.javafx.main.concurs.repository.JdbcUtils 30 getNewConnection - user: null
28 Mar 2023 17:14:33,823 INFO  com.javafx.main.concurs.repository.JdbcUtils 31 getNewConnection - pass: null
28 Mar 2023 17:14:33,982 TRACE com.javafx.main.concurs.repository.JdbcUtils 56 getConnection - Exit with(org.sqlite.jdbc4.JDBC4Connection@48d4f8e4)
28 Mar 2023 17:14:33,995 TRACE com.javafx.main.concurs.repository.AdminDBRepository 45 getAccount - Exit with(Admin{ID=1, email='boss@email.com', password='boss', officeID=1})
28 Mar 2023 17:14:59,441 INFO  com.javafx.main.concurs.repository.AdminDBRepository 21 <init> - Initializing AdminDBRepository with properties: {jdbc.url=jdbc:sqlite:D:\Facultate\Faculta\An_2_sem_2\MPP_Java\Concurs_inot_Java\swimming_race.db}
28 Mar 2023 17:14:59,447 INFO  com.javafx.main.concurs.repository.ContestantDBRepository 20 <init> - Initializing ContestantDBRepository with properties: {jdbc.url=jdbc:sqlite:D:\Facultate\Faculta\An_2_sem_2\MPP_Java\Concurs_inot_Java\swimming_race.db}
28 Mar 2023 17:14:59,448 INFO  com.javafx.main.concurs.repository.ParticipationDBRepository 20 <init> - Initializing ParicipationDBRepository with properties: {jdbc.url=jdbc:sqlite:D:\Facultate\Faculta\An_2_sem_2\MPP_Java\Concurs_inot_Java\swimming_race.db}
28 Mar 2023 17:14:59,450 INFO  com.javafx.main.concurs.repository.SwimmingRaceDBRepository 21 <init> - Initializing SwimmingRaceDBRepository with properties: {jdbc.url=jdbc:sqlite:D:\Facultate\Faculta\An_2_sem_2\MPP_Java\Concurs_inot_Java\swimming_race.db}
28 Mar 2023 17:14:59,451 INFO  com.javafx.main.service.Service 25 <init> - Creating service with repositories com.javafx.main.concurs.repository.AdminDBRepository@da4afc, com.javafx.main.concurs.repository.ContestantDBRepository@313d19ed, com.javafx.main.concurs.repository.ParticipationDBRepository@3bbc2e0a, com.javafx.main.concurs.repository.SwimmingRaceDBRepository@7bdd8245
28 Mar 2023 17:15:08,322 TRACE com.javafx.main.concurs.repository.AdminDBRepository 27 getAccount - Enter getting account by email boss@email.com and password boss
28 Mar 2023 17:15:08,322 TRACE com.javafx.main.concurs.repository.JdbcUtils 47 getConnection - Enter
28 Mar 2023 17:15:08,323 TRACE com.javafx.main.concurs.repository.JdbcUtils 24 getNewConnection - Enter
28 Mar 2023 17:15:08,323 INFO  com.javafx.main.concurs.repository.JdbcUtils 29 getNewConnection - trying to connect to database ... jdbc:sqlite:D:\Facultate\Faculta\An_2_sem_2\MPP_Java\Concurs_inot_Java\swimming_race.db
28 Mar 2023 17:15:08,323 INFO  com.javafx.main.concurs.repository.JdbcUtils 30 getNewConnection - user: null
28 Mar 2023 17:15:08,324 INFO  com.javafx.main.concurs.repository.JdbcUtils 31 getNewConnection - pass: null
28 Mar 2023 17:15:08,489 TRACE com.javafx.main.concurs.repository.JdbcUtils 56 getConnection - Exit with(org.sqlite.jdbc4.JDBC4Connection@48d4f8e4)
28 Mar 2023 17:15:08,502 TRACE com.javafx.main.concurs.repository.AdminDBRepository 45 getAccount - Exit with(Admin{ID=1, email='boss@email.com', password='boss', officeID=1})
28 Mar 2023 17:16:16,095 INFO  com.javafx.main.concurs.repository.AdminDBRepository 21 <init> - Initializing AdminDBRepository with properties: {jdbc.url=jdbc:sqlite:D:\Facultate\Faculta\An_2_sem_2\MPP_Java\Concurs_inot_Java\swimming_race.db}
28 Mar 2023 17:16:16,100 INFO  com.javafx.main.concurs.repository.ContestantDBRepository 20 <init> - Initializing ContestantDBRepository with properties: {jdbc.url=jdbc:sqlite:D:\Facultate\Faculta\An_2_sem_2\MPP_Java\Concurs_inot_Java\swimming_race.db}
28 Mar 2023 17:16:16,101 INFO  com.javafx.main.concurs.repository.ParticipationDBRepository 20 <init> - Initializing ParicipationDBRepository with properties: {jdbc.url=jdbc:sqlite:D:\Facultate\Faculta\An_2_sem_2\MPP_Java\Concurs_inot_Java\swimming_race.db}
28 Mar 2023 17:16:16,102 INFO  com.javafx.main.concurs.repository.SwimmingRaceDBRepository 21 <init> - Initializing SwimmingRaceDBRepository with properties: {jdbc.url=jdbc:sqlite:D:\Facultate\Faculta\An_2_sem_2\MPP_Java\Concurs_inot_Java\swimming_race.db}
28 Mar 2023 17:16:16,103 INFO  com.javafx.main.service.Service 25 <init> - Creating service with repositories com.javafx.main.concurs.repository.AdminDBRepository@8857718, com.javafx.main.concurs.repository.ContestantDBRepository@5ba65d49, com.javafx.main.concurs.repository.ParticipationDBRepository@569d547, com.javafx.main.concurs.repository.SwimmingRaceDBRepository@5c55e6d3
28 Mar 2023 17:16:26,850 TRACE com.javafx.main.concurs.repository.AdminDBRepository 27 getAccount - Enter getting account by email boss@email.com and password boss
28 Mar 2023 17:16:26,851 TRACE com.javafx.main.concurs.repository.JdbcUtils 47 getConnection - Enter
28 Mar 2023 17:16:26,851 TRACE com.javafx.main.concurs.repository.JdbcUtils 24 getNewConnection - Enter
28 Mar 2023 17:16:26,851 INFO  com.javafx.main.concurs.repository.JdbcUtils 29 getNewConnection - trying to connect to database ... jdbc:sqlite:D:\Facultate\Faculta\An_2_sem_2\MPP_Java\Concurs_inot_Java\swimming_race.db
28 Mar 2023 17:16:26,851 INFO  com.javafx.main.concurs.repository.JdbcUtils 30 getNewConnection - user: null
28 Mar 2023 17:16:26,852 INFO  com.javafx.main.concurs.repository.JdbcUtils 31 getNewConnection - pass: null
28 Mar 2023 17:16:27,017 TRACE com.javafx.main.concurs.repository.JdbcUtils 56 getConnection - Exit with(org.sqlite.jdbc4.JDBC4Connection@35ebae02)
28 Mar 2023 17:16:27,033 TRACE com.javafx.main.concurs.repository.AdminDBRepository 45 getAccount - Exit with(Admin{ID=1, email='boss@email.com', password='boss', officeID=1})
28 Mar 2023 17:18:45,133 INFO  com.javafx.main.concurs.repository.AdminDBRepository 21 <init> - Initializing AdminDBRepository with properties: {jdbc.url=jdbc:sqlite:D:\Facultate\Faculta\An_2_sem_2\MPP_Java\Concurs_inot_Java\swimming_race.db}
28 Mar 2023 17:18:45,137 INFO  com.javafx.main.concurs.repository.ContestantDBRepository 20 <init> - Initializing ContestantDBRepository with properties: {jdbc.url=jdbc:sqlite:D:\Facultate\Faculta\An_2_sem_2\MPP_Java\Concurs_inot_Java\swimming_race.db}
28 Mar 2023 17:18:45,138 INFO  com.javafx.main.concurs.repository.ParticipationDBRepository 20 <init> - Initializing ParicipationDBRepository with properties: {jdbc.url=jdbc:sqlite:D:\Facultate\Faculta\An_2_sem_2\MPP_Java\Concurs_inot_Java\swimming_race.db}
28 Mar 2023 17:18:45,139 INFO  com.javafx.main.concurs.repository.SwimmingRaceDBRepository 21 <init> - Initializing SwimmingRaceDBRepository with properties: {jdbc.url=jdbc:sqlite:D:\Facultate\Faculta\An_2_sem_2\MPP_Java\Concurs_inot_Java\swimming_race.db}
28 Mar 2023 17:18:45,140 INFO  com.javafx.main.service.Service 25 <init> - Creating service with repositories com.javafx.main.concurs.repository.AdminDBRepository@8857718, com.javafx.main.concurs.repository.ContestantDBRepository@5ba65d49, com.javafx.main.concurs.repository.ParticipationDBRepository@569d547, com.javafx.main.concurs.repository.SwimmingRaceDBRepository@5c55e6d3
28 Mar 2023 17:18:54,771 TRACE com.javafx.main.concurs.repository.AdminDBRepository 27 getAccount - Enter getting account by email boss@email.com and password boss
28 Mar 2023 17:18:54,771 TRACE com.javafx.main.concurs.repository.JdbcUtils 47 getConnection - Enter
28 Mar 2023 17:18:54,771 TRACE com.javafx.main.concurs.repository.JdbcUtils 24 getNewConnection - Enter
28 Mar 2023 17:18:54,771 INFO  com.javafx.main.concurs.repository.JdbcUtils 29 getNewConnection - trying to connect to database ... jdbc:sqlite:D:\Facultate\Faculta\An_2_sem_2\MPP_Java\Concurs_inot_Java\swimming_race.db
28 Mar 2023 17:18:54,772 INFO  com.javafx.main.concurs.repository.JdbcUtils 30 getNewConnection - user: null
28 Mar 2023 17:18:54,772 INFO  com.javafx.main.concurs.repository.JdbcUtils 31 getNewConnection - pass: null
28 Mar 2023 17:18:54,932 TRACE com.javafx.main.concurs.repository.JdbcUtils 56 getConnection - Exit with(org.sqlite.jdbc4.JDBC4Connection@62bcf223)
28 Mar 2023 17:18:54,941 TRACE com.javafx.main.concurs.repository.AdminDBRepository 45 getAccount - Exit with(Admin{ID=1, email='boss@email.com', password='boss', officeID=1})
28 Mar 2023 17:19:58,250 INFO  com.javafx.main.concurs.repository.AdminDBRepository 21 <init> - Initializing AdminDBRepository with properties: {jdbc.url=jdbc:sqlite:D:\Facultate\Faculta\An_2_sem_2\MPP_Java\Concurs_inot_Java\swimming_race.db}
28 Mar 2023 17:19:58,256 INFO  com.javafx.main.concurs.repository.ContestantDBRepository 20 <init> - Initializing ContestantDBRepository with properties: {jdbc.url=jdbc:sqlite:D:\Facultate\Faculta\An_2_sem_2\MPP_Java\Concurs_inot_Java\swimming_race.db}
28 Mar 2023 17:19:58,258 INFO  com.javafx.main.concurs.repository.ParticipationDBRepository 20 <init> - Initializing ParicipationDBRepository with properties: {jdbc.url=jdbc:sqlite:D:\Facultate\Faculta\An_2_sem_2\MPP_Java\Concurs_inot_Java\swimming_race.db}
28 Mar 2023 17:19:58,260 INFO  com.javafx.main.concurs.repository.SwimmingRaceDBRepository 21 <init> - Initializing SwimmingRaceDBRepository with properties: {jdbc.url=jdbc:sqlite:D:\Facultate\Faculta\An_2_sem_2\MPP_Java\Concurs_inot_Java\swimming_race.db}
28 Mar 2023 17:19:58,261 INFO  com.javafx.main.service.Service 25 <init> - Creating service with repositories com.javafx.main.concurs.repository.AdminDBRepository@da4afc, com.javafx.main.concurs.repository.ContestantDBRepository@313d19ed, com.javafx.main.concurs.repository.ParticipationDBRepository@3bbc2e0a, com.javafx.main.concurs.repository.SwimmingRaceDBRepository@7bdd8245
28 Mar 2023 17:20:06,567 TRACE com.javafx.main.concurs.repository.AdminDBRepository 27 getAccount - Enter getting account by email boss@email.com and password boss
28 Mar 2023 17:20:06,568 TRACE com.javafx.main.concurs.repository.JdbcUtils 47 getConnection - Enter
28 Mar 2023 17:20:06,568 TRACE com.javafx.main.concurs.repository.JdbcUtils 24 getNewConnection - Enter
28 Mar 2023 17:20:06,568 INFO  com.javafx.main.concurs.repository.JdbcUtils 29 getNewConnection - trying to connect to database ... jdbc:sqlite:D:\Facultate\Faculta\An_2_sem_2\MPP_Java\Concurs_inot_Java\swimming_race.db
28 Mar 2023 17:20:06,568 INFO  com.javafx.main.concurs.repository.JdbcUtils 30 getNewConnection - user: null
28 Mar 2023 17:20:06,569 INFO  com.javafx.main.concurs.repository.JdbcUtils 31 getNewConnection - pass: null
28 Mar 2023 17:20:06,736 TRACE com.javafx.main.concurs.repository.JdbcUtils 56 getConnection - Exit with(org.sqlite.jdbc4.JDBC4Connection@24f6c044)
28 Mar 2023 17:20:06,746 TRACE com.javafx.main.concurs.repository.AdminDBRepository 45 getAccount - Exit with(Admin{ID=1, email='boss@email.com', password='boss', officeID=1})
28 Mar 2023 17:21:00,727 INFO  com.javafx.main.concurs.repository.AdminDBRepository 21 <init> - Initializing AdminDBRepository with properties: {jdbc.url=jdbc:sqlite:D:\Facultate\Faculta\An_2_sem_2\MPP_Java\Concurs_inot_Java\swimming_race.db}
28 Mar 2023 17:21:00,732 INFO  com.javafx.main.concurs.repository.ContestantDBRepository 20 <init> - Initializing ContestantDBRepository with properties: {jdbc.url=jdbc:sqlite:D:\Facultate\Faculta\An_2_sem_2\MPP_Java\Concurs_inot_Java\swimming_race.db}
28 Mar 2023 17:21:00,733 INFO  com.javafx.main.concurs.repository.ParticipationDBRepository 20 <init> - Initializing ParicipationDBRepository with properties: {jdbc.url=jdbc:sqlite:D:\Facultate\Faculta\An_2_sem_2\MPP_Java\Concurs_inot_Java\swimming_race.db}
28 Mar 2023 17:21:00,734 INFO  com.javafx.main.concurs.repository.SwimmingRaceDBRepository 21 <init> - Initializing SwimmingRaceDBRepository with properties: {jdbc.url=jdbc:sqlite:D:\Facultate\Faculta\An_2_sem_2\MPP_Java\Concurs_inot_Java\swimming_race.db}
28 Mar 2023 17:21:00,735 INFO  com.javafx.main.service.Service 25 <init> - Creating service with repositories com.javafx.main.concurs.repository.AdminDBRepository@da4afc, com.javafx.main.concurs.repository.ContestantDBRepository@313d19ed, com.javafx.main.concurs.repository.ParticipationDBRepository@3bbc2e0a, com.javafx.main.concurs.repository.SwimmingRaceDBRepository@7bdd8245
28 Mar 2023 17:21:10,627 TRACE com.javafx.main.concurs.repository.AdminDBRepository 27 getAccount - Enter getting account by email boss@email.com and password boss
28 Mar 2023 17:21:10,627 TRACE com.javafx.main.concurs.repository.JdbcUtils 47 getConnection - Enter
28 Mar 2023 17:21:10,627 TRACE com.javafx.main.concurs.repository.JdbcUtils 24 getNewConnection - Enter
28 Mar 2023 17:21:10,627 INFO  com.javafx.main.concurs.repository.JdbcUtils 29 getNewConnection - trying to connect to database ... jdbc:sqlite:D:\Facultate\Faculta\An_2_sem_2\MPP_Java\Concurs_inot_Java\swimming_race.db
28 Mar 2023 17:21:10,628 INFO  com.javafx.main.concurs.repository.JdbcUtils 30 getNewConnection - user: null
28 Mar 2023 17:21:10,628 INFO  com.javafx.main.concurs.repository.JdbcUtils 31 getNewConnection - pass: null
28 Mar 2023 17:21:10,793 TRACE com.javafx.main.concurs.repository.JdbcUtils 56 getConnection - Exit with(org.sqlite.jdbc4.JDBC4Connection@5c8328c4)
28 Mar 2023 17:21:10,804 TRACE com.javafx.main.concurs.repository.AdminDBRepository 45 getAccount - Exit with(Admin{ID=1, email='boss@email.com', password='boss', officeID=1})
28 Mar 2023 17:22:21,296 INFO  com.javafx.main.concurs.repository.AdminDBRepository 21 <init> - Initializing AdminDBRepository with properties: {jdbc.url=jdbc:sqlite:D:\Facultate\Faculta\An_2_sem_2\MPP_Java\Concurs_inot_Java\swimming_race.db}
28 Mar 2023 17:22:21,303 INFO  com.javafx.main.concurs.repository.ContestantDBRepository 20 <init> - Initializing ContestantDBRepository with properties: {jdbc.url=jdbc:sqlite:D:\Facultate\Faculta\An_2_sem_2\MPP_Java\Concurs_inot_Java\swimming_race.db}
28 Mar 2023 17:22:21,305 INFO  com.javafx.main.concurs.repository.ParticipationDBRepository 20 <init> - Initializing ParicipationDBRepository with properties: {jdbc.url=jdbc:sqlite:D:\Facultate\Faculta\An_2_sem_2\MPP_Java\Concurs_inot_Java\swimming_race.db}
28 Mar 2023 17:22:21,306 INFO  com.javafx.main.concurs.repository.SwimmingRaceDBRepository 21 <init> - Initializing SwimmingRaceDBRepository with properties: {jdbc.url=jdbc:sqlite:D:\Facultate\Faculta\An_2_sem_2\MPP_Java\Concurs_inot_Java\swimming_race.db}
28 Mar 2023 17:22:21,308 INFO  com.javafx.main.service.Service 25 <init> - Creating service with repositories com.javafx.main.concurs.repository.AdminDBRepository@da4afc, com.javafx.main.concurs.repository.ContestantDBRepository@313d19ed, com.javafx.main.concurs.repository.ParticipationDBRepository@3bbc2e0a, com.javafx.main.concurs.repository.SwimmingRaceDBRepository@7bdd8245
28 Mar 2023 17:22:33,724 TRACE com.javafx.main.concurs.repository.AdminDBRepository 27 getAccount - Enter getting account by email boss@email.com and password boss
28 Mar 2023 17:22:33,724 TRACE com.javafx.main.concurs.repository.JdbcUtils 47 getConnection - Enter
28 Mar 2023 17:22:33,725 TRACE com.javafx.main.concurs.repository.JdbcUtils 24 getNewConnection - Enter
28 Mar 2023 17:22:33,725 INFO  com.javafx.main.concurs.repository.JdbcUtils 29 getNewConnection - trying to connect to database ... jdbc:sqlite:D:\Facultate\Faculta\An_2_sem_2\MPP_Java\Concurs_inot_Java\swimming_race.db
28 Mar 2023 17:22:33,725 INFO  com.javafx.main.concurs.repository.JdbcUtils 30 getNewConnection - user: null
28 Mar 2023 17:22:33,726 INFO  com.javafx.main.concurs.repository.JdbcUtils 31 getNewConnection - pass: null
28 Mar 2023 17:22:33,890 TRACE com.javafx.main.concurs.repository.JdbcUtils 56 getConnection - Exit with(org.sqlite.jdbc4.JDBC4Connection@24f6c044)
28 Mar 2023 17:22:33,902 TRACE com.javafx.main.concurs.repository.AdminDBRepository 45 getAccount - Exit with(Admin{ID=1, email='boss@email.com', password='boss', officeID=1})
28 Mar 2023 17:26:11,764 INFO  com.javafx.main.concurs.repository.AdminDBRepository 21 <init> - Initializing AdminDBRepository with properties: {jdbc.url=jdbc:sqlite:D:\Facultate\Faculta\An_2_sem_2\MPP_Java\Concurs_inot_Java\swimming_race.db}
28 Mar 2023 17:26:11,769 INFO  com.javafx.main.concurs.repository.ContestantDBRepository 20 <init> - Initializing ContestantDBRepository with properties: {jdbc.url=jdbc:sqlite:D:\Facultate\Faculta\An_2_sem_2\MPP_Java\Concurs_inot_Java\swimming_race.db}
28 Mar 2023 17:26:11,771 INFO  com.javafx.main.concurs.repository.ParticipationDBRepository 20 <init> - Initializing ParicipationDBRepository with properties: {jdbc.url=jdbc:sqlite:D:\Facultate\Faculta\An_2_sem_2\MPP_Java\Concurs_inot_Java\swimming_race.db}
28 Mar 2023 17:26:11,773 INFO  com.javafx.main.concurs.repository.SwimmingRaceDBRepository 21 <init> - Initializing SwimmingRaceDBRepository with properties: {jdbc.url=jdbc:sqlite:D:\Facultate\Faculta\An_2_sem_2\MPP_Java\Concurs_inot_Java\swimming_race.db}
28 Mar 2023 17:26:11,774 INFO  com.javafx.main.service.Service 25 <init> - Creating service with repositories com.javafx.main.concurs.repository.AdminDBRepository@da4afc, com.javafx.main.concurs.repository.ContestantDBRepository@313d19ed, com.javafx.main.concurs.repository.ParticipationDBRepository@3bbc2e0a, com.javafx.main.concurs.repository.SwimmingRaceDBRepository@7bdd8245
28 Mar 2023 17:26:19,356 TRACE com.javafx.main.concurs.repository.AdminDBRepository 27 getAccount - Enter getting account by email boss@email.com and password boss
28 Mar 2023 17:26:19,357 TRACE com.javafx.main.concurs.repository.JdbcUtils 47 getConnection - Enter
28 Mar 2023 17:26:19,357 TRACE com.javafx.main.concurs.repository.JdbcUtils 24 getNewConnection - Enter
28 Mar 2023 17:26:19,357 INFO  com.javafx.main.concurs.repository.JdbcUtils 29 getNewConnection - trying to connect to database ... jdbc:sqlite:D:\Facultate\Faculta\An_2_sem_2\MPP_Java\Concurs_inot_Java\swimming_race.db
28 Mar 2023 17:26:19,358 INFO  com.javafx.main.concurs.repository.JdbcUtils 30 getNewConnection - user: null
28 Mar 2023 17:26:19,358 INFO  com.javafx.main.concurs.repository.JdbcUtils 31 getNewConnection - pass: null
28 Mar 2023 17:26:19,525 TRACE com.javafx.main.concurs.repository.JdbcUtils 56 getConnection - Exit with(org.sqlite.jdbc4.JDBC4Connection@5c8328c4)
28 Mar 2023 17:26:19,536 TRACE com.javafx.main.concurs.repository.AdminDBRepository 45 getAccount - Exit with(Admin{ID=1, email='boss@email.com', password='boss', officeID=1})
28 Mar 2023 17:28:24,924 INFO  com.javafx.main.concurs.repository.AdminDBRepository 21 <init> - Initializing AdminDBRepository with properties: {jdbc.url=jdbc:sqlite:D:\Facultate\Faculta\An_2_sem_2\MPP_Java\Concurs_inot_Java\swimming_race.db}
28 Mar 2023 17:28:24,929 INFO  com.javafx.main.concurs.repository.ContestantDBRepository 20 <init> - Initializing ContestantDBRepository with properties: {jdbc.url=jdbc:sqlite:D:\Facultate\Faculta\An_2_sem_2\MPP_Java\Concurs_inot_Java\swimming_race.db}
28 Mar 2023 17:28:24,930 INFO  com.javafx.main.concurs.repository.ParticipationDBRepository 20 <init> - Initializing ParicipationDBRepository with properties: {jdbc.url=jdbc:sqlite:D:\Facultate\Faculta\An_2_sem_2\MPP_Java\Concurs_inot_Java\swimming_race.db}
28 Mar 2023 17:28:24,931 INFO  com.javafx.main.concurs.repository.SwimmingRaceDBRepository 21 <init> - Initializing SwimmingRaceDBRepository with properties: {jdbc.url=jdbc:sqlite:D:\Facultate\Faculta\An_2_sem_2\MPP_Java\Concurs_inot_Java\swimming_race.db}
28 Mar 2023 17:28:24,933 INFO  com.javafx.main.service.Service 25 <init> - Creating service with repositories com.javafx.main.concurs.repository.AdminDBRepository@8857718, com.javafx.main.concurs.repository.ContestantDBRepository@5ba65d49, com.javafx.main.concurs.repository.ParticipationDBRepository@569d547, com.javafx.main.concurs.repository.SwimmingRaceDBRepository@5c55e6d3
28 Mar 2023 17:28:41,769 TRACE com.javafx.main.concurs.repository.AdminDBRepository 27 getAccount - Enter getting account by email boss@email.com and password boss
28 Mar 2023 17:28:41,769 TRACE com.javafx.main.concurs.repository.JdbcUtils 47 getConnection - Enter
28 Mar 2023 17:28:41,770 TRACE com.javafx.main.concurs.repository.JdbcUtils 24 getNewConnection - Enter
28 Mar 2023 17:28:41,770 INFO  com.javafx.main.concurs.repository.JdbcUtils 29 getNewConnection - trying to connect to database ... jdbc:sqlite:D:\Facultate\Faculta\An_2_sem_2\MPP_Java\Concurs_inot_Java\swimming_race.db
28 Mar 2023 17:28:41,770 INFO  com.javafx.main.concurs.repository.JdbcUtils 30 getNewConnection - user: null
28 Mar 2023 17:28:41,771 INFO  com.javafx.main.concurs.repository.JdbcUtils 31 getNewConnection - pass: null
28 Mar 2023 17:28:41,998 TRACE com.javafx.main.concurs.repository.JdbcUtils 56 getConnection - Exit with(org.sqlite.jdbc4.JDBC4Connection@62bcf223)
28 Mar 2023 17:28:42,011 TRACE com.javafx.main.concurs.repository.AdminDBRepository 45 getAccount - Exit with(Admin{ID=1, email='boss@email.com', password='boss', officeID=1})
28 Mar 2023 17:29:00,287 INFO  com.javafx.main.concurs.repository.AdminDBRepository 21 <init> - Initializing AdminDBRepository with properties: {jdbc.url=jdbc:sqlite:D:\Facultate\Faculta\An_2_sem_2\MPP_Java\Concurs_inot_Java\swimming_race.db}
28 Mar 2023 17:29:00,293 INFO  com.javafx.main.concurs.repository.ContestantDBRepository 20 <init> - Initializing ContestantDBRepository with properties: {jdbc.url=jdbc:sqlite:D:\Facultate\Faculta\An_2_sem_2\MPP_Java\Concurs_inot_Java\swimming_race.db}
28 Mar 2023 17:29:00,294 INFO  com.javafx.main.concurs.repository.ParticipationDBRepository 20 <init> - Initializing ParicipationDBRepository with properties: {jdbc.url=jdbc:sqlite:D:\Facultate\Faculta\An_2_sem_2\MPP_Java\Concurs_inot_Java\swimming_race.db}
28 Mar 2023 17:29:00,295 INFO  com.javafx.main.concurs.repository.SwimmingRaceDBRepository 21 <init> - Initializing SwimmingRaceDBRepository with properties: {jdbc.url=jdbc:sqlite:D:\Facultate\Faculta\An_2_sem_2\MPP_Java\Concurs_inot_Java\swimming_race.db}
28 Mar 2023 17:29:00,296 INFO  com.javafx.main.service.Service 25 <init> - Creating service with repositories com.javafx.main.concurs.repository.AdminDBRepository@5ba65d49, com.javafx.main.concurs.repository.ContestantDBRepository@569d547, com.javafx.main.concurs.repository.ParticipationDBRepository@5c55e6d3, com.javafx.main.concurs.repository.SwimmingRaceDBRepository@7fcb67f6
28 Mar 2023 17:29:09,846 TRACE com.javafx.main.concurs.repository.AdminDBRepository 27 getAccount - Enter getting account by email boss@email.com and password boss
28 Mar 2023 17:29:09,846 TRACE com.javafx.main.concurs.repository.JdbcUtils 47 getConnection - Enter
28 Mar 2023 17:29:09,847 TRACE com.javafx.main.concurs.repository.JdbcUtils 24 getNewConnection - Enter
28 Mar 2023 17:29:09,847 INFO  com.javafx.main.concurs.repository.JdbcUtils 29 getNewConnection - trying to connect to database ... jdbc:sqlite:D:\Facultate\Faculta\An_2_sem_2\MPP_Java\Concurs_inot_Java\swimming_race.db
28 Mar 2023 17:29:09,848 INFO  com.javafx.main.concurs.repository.JdbcUtils 30 getNewConnection - user: null
28 Mar 2023 17:29:09,848 INFO  com.javafx.main.concurs.repository.JdbcUtils 31 getNewConnection - pass: null
28 Mar 2023 17:29:10,011 TRACE com.javafx.main.concurs.repository.JdbcUtils 56 getConnection - Exit with(org.sqlite.jdbc4.JDBC4Connection@7e880d45)
28 Mar 2023 17:29:10,019 TRACE com.javafx.main.concurs.repository.AdminDBRepository 45 getAccount - Exit with(Admin{ID=1, email='boss@email.com', password='boss', officeID=1})
28 Mar 2023 17:35:49,525 INFO  com.javafx.main.concurs.repository.AdminDBRepository 21 <init> - Initializing AdminDBRepository with properties: {jdbc.url=jdbc:sqlite:D:\Facultate\Faculta\An_2_sem_2\MPP_Java\Concurs_inot_Java\swimming_race.db}
28 Mar 2023 17:35:49,530 INFO  com.javafx.main.concurs.repository.ContestantDBRepository 20 <init> - Initializing ContestantDBRepository with properties: {jdbc.url=jdbc:sqlite:D:\Facultate\Faculta\An_2_sem_2\MPP_Java\Concurs_inot_Java\swimming_race.db}
28 Mar 2023 17:35:49,532 INFO  com.javafx.main.concurs.repository.ParticipationDBRepository 20 <init> - Initializing ParicipationDBRepository with properties: {jdbc.url=jdbc:sqlite:D:\Facultate\Faculta\An_2_sem_2\MPP_Java\Concurs_inot_Java\swimming_race.db}
28 Mar 2023 17:35:49,533 INFO  com.javafx.main.concurs.repository.SwimmingRaceDBRepository 21 <init> - Initializing SwimmingRaceDBRepository with properties: {jdbc.url=jdbc:sqlite:D:\Facultate\Faculta\An_2_sem_2\MPP_Java\Concurs_inot_Java\swimming_race.db}
28 Mar 2023 17:35:49,534 INFO  com.javafx.main.service.Service 25 <init> - Creating service with repositories com.javafx.main.concurs.repository.AdminDBRepository@8857718, com.javafx.main.concurs.repository.ContestantDBRepository@5ba65d49, com.javafx.main.concurs.repository.ParticipationDBRepository@569d547, com.javafx.main.concurs.repository.SwimmingRaceDBRepository@5c55e6d3
28 Mar 2023 17:35:58,461 TRACE com.javafx.main.concurs.repository.AdminDBRepository 27 getAccount - Enter getting account by email boss@email.com and password boss
28 Mar 2023 17:35:58,461 TRACE com.javafx.main.concurs.repository.JdbcUtils 47 getConnection - Enter
28 Mar 2023 17:35:58,462 TRACE com.javafx.main.concurs.repository.JdbcUtils 24 getNewConnection - Enter
28 Mar 2023 17:35:58,462 INFO  com.javafx.main.concurs.repository.JdbcUtils 29 getNewConnection - trying to connect to database ... jdbc:sqlite:D:\Facultate\Faculta\An_2_sem_2\MPP_Java\Concurs_inot_Java\swimming_race.db
28 Mar 2023 17:35:58,462 INFO  com.javafx.main.concurs.repository.JdbcUtils 30 getNewConnection - user: null
28 Mar 2023 17:35:58,463 INFO  com.javafx.main.concurs.repository.JdbcUtils 31 getNewConnection - pass: null
28 Mar 2023 17:35:58,624 TRACE com.javafx.main.concurs.repository.JdbcUtils 56 getConnection - Exit with(org.sqlite.jdbc4.JDBC4Connection@62bcf223)
28 Mar 2023 17:35:58,633 TRACE com.javafx.main.concurs.repository.AdminDBRepository 45 getAccount - Exit with(Admin{ID=1, email='boss@email.com', password='boss', officeID=1})
28 Mar 2023 17:37:36,393 INFO  com.javafx.main.concurs.repository.AdminDBRepository 21 <init> - Initializing AdminDBRepository with properties: {jdbc.url=jdbc:sqlite:D:\Facultate\Faculta\An_2_sem_2\MPP_Java\Concurs_inot_Java\swimming_race.db}
28 Mar 2023 17:37:36,397 INFO  com.javafx.main.concurs.repository.ContestantDBRepository 20 <init> - Initializing ContestantDBRepository with properties: {jdbc.url=jdbc:sqlite:D:\Facultate\Faculta\An_2_sem_2\MPP_Java\Concurs_inot_Java\swimming_race.db}
28 Mar 2023 17:37:36,398 INFO  com.javafx.main.concurs.repository.ParticipationDBRepository 20 <init> - Initializing ParicipationDBRepository with properties: {jdbc.url=jdbc:sqlite:D:\Facultate\Faculta\An_2_sem_2\MPP_Java\Concurs_inot_Java\swimming_race.db}
28 Mar 2023 17:37:36,399 INFO  com.javafx.main.concurs.repository.SwimmingRaceDBRepository 21 <init> - Initializing SwimmingRaceDBRepository with properties: {jdbc.url=jdbc:sqlite:D:\Facultate\Faculta\An_2_sem_2\MPP_Java\Concurs_inot_Java\swimming_race.db}
28 Mar 2023 17:37:36,399 INFO  com.javafx.main.service.Service 25 <init> - Creating service with repositories com.javafx.main.concurs.repository.AdminDBRepository@8857718, com.javafx.main.concurs.repository.ContestantDBRepository@5ba65d49, com.javafx.main.concurs.repository.ParticipationDBRepository@569d547, com.javafx.main.concurs.repository.SwimmingRaceDBRepository@5c55e6d3
28 Mar 2023 17:37:47,073 TRACE com.javafx.main.concurs.repository.AdminDBRepository 27 getAccount - Enter getting account by email boss@email.com and password boss
28 Mar 2023 17:37:47,073 TRACE com.javafx.main.concurs.repository.JdbcUtils 47 getConnection - Enter
28 Mar 2023 17:37:47,073 TRACE com.javafx.main.concurs.repository.JdbcUtils 24 getNewConnection - Enter
28 Mar 2023 17:37:47,073 INFO  com.javafx.main.concurs.repository.JdbcUtils 29 getNewConnection - trying to connect to database ... jdbc:sqlite:D:\Facultate\Faculta\An_2_sem_2\MPP_Java\Concurs_inot_Java\swimming_race.db
28 Mar 2023 17:37:47,074 INFO  com.javafx.main.concurs.repository.JdbcUtils 30 getNewConnection - user: null
28 Mar 2023 17:37:47,074 INFO  com.javafx.main.concurs.repository.JdbcUtils 31 getNewConnection - pass: null
28 Mar 2023 17:37:47,249 TRACE com.javafx.main.concurs.repository.JdbcUtils 56 getConnection - Exit with(org.sqlite.jdbc4.JDBC4Connection@62bcf223)
28 Mar 2023 17:37:47,258 TRACE com.javafx.main.concurs.repository.AdminDBRepository 45 getAccount - Exit with(Admin{ID=1, email='boss@email.com', password='boss', officeID=1})
28 Mar 2023 17:37:47,408 TRACE com.javafx.main.concurs.repository.SwimmingRaceDBRepository 27 nrContestantEachRace - Enter
28 Mar 2023 17:37:47,409 TRACE com.javafx.main.concurs.repository.JdbcUtils 47 getConnection - Enter
28 Mar 2023 17:37:47,409 TRACE com.javafx.main.concurs.repository.JdbcUtils 24 getNewConnection - Enter
28 Mar 2023 17:37:47,410 INFO  com.javafx.main.concurs.repository.JdbcUtils 29 getNewConnection - trying to connect to database ... jdbc:sqlite:D:\Facultate\Faculta\An_2_sem_2\MPP_Java\Concurs_inot_Java\swimming_race.db
28 Mar 2023 17:37:47,411 INFO  com.javafx.main.concurs.repository.JdbcUtils 30 getNewConnection - user: null
28 Mar 2023 17:37:47,411 INFO  com.javafx.main.concurs.repository.JdbcUtils 31 getNewConnection - pass: null
28 Mar 2023 17:37:47,412 TRACE com.javafx.main.concurs.repository.JdbcUtils 56 getConnection - Exit with(org.sqlite.jdbc4.JDBC4Connection@e09f566)
28 Mar 2023 17:37:47,414 TRACE com.javafx.main.concurs.repository.SwimmingRaceDBRepository 50 nrContestantEachRace - Exit with([com.javafx.main.concurs.domain.RaceNrContestantsDTO@4e9984f, com.javafx.main.concurs.domain.RaceNrContestantsDTO@92a1759, com.javafx.main.concurs.domain.RaceNrContestantsDTO@6070cbfb])
28 Mar 2023 17:59:38,492 INFO  com.javafx.main.concurs.repository.AdminDBRepository 21 <init> - Initializing AdminDBRepository with properties: {jdbc.url=jdbc:sqlite:D:\Facultate\Faculta\An_2_sem_2\MPP_Java\Concurs_inot_Java\swimming_race.db}
28 Mar 2023 17:59:38,496 INFO  com.javafx.main.concurs.repository.ContestantDBRepository 20 <init> - Initializing ContestantDBRepository with properties: {jdbc.url=jdbc:sqlite:D:\Facultate\Faculta\An_2_sem_2\MPP_Java\Concurs_inot_Java\swimming_race.db}
28 Mar 2023 17:59:38,497 INFO  com.javafx.main.concurs.repository.ParticipationDBRepository 20 <init> - Initializing ParicipationDBRepository with properties: {jdbc.url=jdbc:sqlite:D:\Facultate\Faculta\An_2_sem_2\MPP_Java\Concurs_inot_Java\swimming_race.db}
28 Mar 2023 17:59:38,498 INFO  com.javafx.main.concurs.repository.SwimmingRaceDBRepository 21 <init> - Initializing SwimmingRaceDBRepository with properties: {jdbc.url=jdbc:sqlite:D:\Facultate\Faculta\An_2_sem_2\MPP_Java\Concurs_inot_Java\swimming_race.db}
28 Mar 2023 17:59:38,499 INFO  com.javafx.main.service.Service 26 <init> - Creating service with repositories com.javafx.main.concurs.repository.AdminDBRepository@8857718, com.javafx.main.concurs.repository.ContestantDBRepository@5ba65d49, com.javafx.main.concurs.repository.ParticipationDBRepository@569d547, com.javafx.main.concurs.repository.SwimmingRaceDBRepository@5c55e6d3
28 Mar 2023 17:59:59,986 TRACE com.javafx.main.concurs.repository.AdminDBRepository 27 getAccount - Enter getting account by email boss@email.com and password boss
28 Mar 2023 17:59:59,986 TRACE com.javafx.main.concurs.repository.JdbcUtils 47 getConnection - Enter
28 Mar 2023 17:59:59,986 TRACE com.javafx.main.concurs.repository.JdbcUtils 24 getNewConnection - Enter
28 Mar 2023 17:59:59,987 INFO  com.javafx.main.concurs.repository.JdbcUtils 29 getNewConnection - trying to connect to database ... jdbc:sqlite:D:\Facultate\Faculta\An_2_sem_2\MPP_Java\Concurs_inot_Java\swimming_race.db
28 Mar 2023 17:59:59,987 INFO  com.javafx.main.concurs.repository.JdbcUtils 30 getNewConnection - user: null
28 Mar 2023 17:59:59,987 INFO  com.javafx.main.concurs.repository.JdbcUtils 31 getNewConnection - pass: null
28 Mar 2023 18:00:00,180 TRACE com.javafx.main.concurs.repository.JdbcUtils 56 getConnection - Exit with(org.sqlite.jdbc4.JDBC4Connection@62bcf223)
28 Mar 2023 18:00:00,190 TRACE com.javafx.main.concurs.repository.AdminDBRepository 45 getAccount - Exit with(Admin{ID=1, email='boss@email.com', password='boss', officeID=1})
28 Mar 2023 18:00:00,388 TRACE com.javafx.main.concurs.repository.SwimmingRaceDBRepository 27 nrContestantEachRace - Enter
28 Mar 2023 18:00:00,389 TRACE com.javafx.main.concurs.repository.JdbcUtils 47 getConnection - Enter
28 Mar 2023 18:00:00,389 TRACE com.javafx.main.concurs.repository.JdbcUtils 24 getNewConnection - Enter
28 Mar 2023 18:00:00,389 INFO  com.javafx.main.concurs.repository.JdbcUtils 29 getNewConnection - trying to connect to database ... jdbc:sqlite:D:\Facultate\Faculta\An_2_sem_2\MPP_Java\Concurs_inot_Java\swimming_race.db
28 Mar 2023 18:00:00,390 INFO  com.javafx.main.concurs.repository.JdbcUtils 30 getNewConnection - user: null
28 Mar 2023 18:00:00,390 INFO  com.javafx.main.concurs.repository.JdbcUtils 31 getNewConnection - pass: null
28 Mar 2023 18:00:00,392 TRACE com.javafx.main.concurs.repository.JdbcUtils 56 getConnection - Exit with(org.sqlite.jdbc4.JDBC4Connection@1ebd77de)
28 Mar 2023 18:00:00,395 TRACE com.javafx.main.concurs.repository.SwimmingRaceDBRepository 50 nrContestantEachRace - Exit with([com.javafx.main.concurs.domain.RaceNrContestantsDTO@860c0af, com.javafx.main.concurs.domain.RaceNrContestantsDTO@159b6c63, com.javafx.main.concurs.domain.RaceNrContestantsDTO@94f1dda])
28 Mar 2023 18:00:21,590 TRACE com.javafx.main.concurs.repository.ContestantDBRepository 26 getByRace - Enter finding by race with distance 200m and style spate
28 Mar 2023 18:00:21,591 TRACE com.javafx.main.concurs.repository.JdbcUtils 47 getConnection - Enter
28 Mar 2023 18:00:21,591 TRACE com.javafx.main.concurs.repository.JdbcUtils 24 getNewConnection - Enter
28 Mar 2023 18:00:21,591 INFO  com.javafx.main.concurs.repository.JdbcUtils 29 getNewConnection - trying to connect to database ... jdbc:sqlite:D:\Facultate\Faculta\An_2_sem_2\MPP_Java\Concurs_inot_Java\swimming_race.db
28 Mar 2023 18:00:21,591 INFO  com.javafx.main.concurs.repository.JdbcUtils 30 getNewConnection - user: null
28 Mar 2023 18:00:21,592 INFO  com.javafx.main.concurs.repository.JdbcUtils 31 getNewConnection - pass: null
28 Mar 2023 18:00:21,592 TRACE com.javafx.main.concurs.repository.JdbcUtils 56 getConnection - Exit with(org.sqlite.jdbc4.JDBC4Connection@75aa98ca)
28 Mar 2023 18:00:21,597 TRACE com.javafx.main.concurs.repository.ContestantDBRepository 52 getByRace - Exit with([Contestant{ID=1, name='Flaviu', age=20}, Contestant{ID=2, name='Ilinca', age=19}, Contestant{ID=4, name='Vlad', age=20}])
28 Mar 2023 18:00:33,969 TRACE com.javafx.main.concurs.repository.ContestantDBRepository 26 getByRace - Enter finding by race with distance 800m and style fluture
28 Mar 2023 18:00:33,969 TRACE com.javafx.main.concurs.repository.JdbcUtils 47 getConnection - Enter
28 Mar 2023 18:00:33,969 TRACE com.javafx.main.concurs.repository.JdbcUtils 56 getConnection - Exit with(org.sqlite.jdbc4.JDBC4Connection@75aa98ca)
28 Mar 2023 18:00:33,969 TRACE com.javafx.main.concurs.repository.ContestantDBRepository 52 getByRace - Exit with([Contestant{ID=4, name='Vlad', age=20}])
28 Mar 2023 18:00:46,673 TRACE com.javafx.main.concurs.repository.ContestantDBRepository 26 getByRace - Enter finding by race with distance 30m and style masina
28 Mar 2023 18:00:46,674 TRACE com.javafx.main.concurs.repository.JdbcUtils 47 getConnection - Enter
28 Mar 2023 18:00:46,674 TRACE com.javafx.main.concurs.repository.JdbcUtils 56 getConnection - Exit with(org.sqlite.jdbc4.JDBC4Connection@75aa98ca)
28 Mar 2023 18:00:46,674 TRACE com.javafx.main.concurs.repository.ContestantDBRepository 52 getByRace - Exit with([])
28 Mar 2023 18:14:51,482 INFO  com.javafx.main.concurs.repository.AdminDBRepository 21 <init> - Initializing AdminDBRepository with properties: {jdbc.url=jdbc:sqlite:D:\Facultate\Faculta\An_2_sem_2\MPP_Java\Concurs_inot_Java\swimming_race.db}
28 Mar 2023 18:14:51,487 INFO  com.javafx.main.concurs.repository.ContestantDBRepository 20 <init> - Initializing ContestantDBRepository with properties: {jdbc.url=jdbc:sqlite:D:\Facultate\Faculta\An_2_sem_2\MPP_Java\Concurs_inot_Java\swimming_race.db}
28 Mar 2023 18:14:51,488 INFO  com.javafx.main.concurs.repository.ParticipationDBRepository 20 <init> - Initializing ParicipationDBRepository with properties: {jdbc.url=jdbc:sqlite:D:\Facultate\Faculta\An_2_sem_2\MPP_Java\Concurs_inot_Java\swimming_race.db}
28 Mar 2023 18:14:51,490 INFO  com.javafx.main.concurs.repository.SwimmingRaceDBRepository 21 <init> - Initializing SwimmingRaceDBRepository with properties: {jdbc.url=jdbc:sqlite:D:\Facultate\Faculta\An_2_sem_2\MPP_Java\Concurs_inot_Java\swimming_race.db}
28 Mar 2023 18:14:51,491 INFO  com.javafx.main.service.Service 28 <init> - Creating service with repositories com.javafx.main.concurs.repository.AdminDBRepository@8857718, com.javafx.main.concurs.repository.ContestantDBRepository@5ba65d49, com.javafx.main.concurs.repository.ParticipationDBRepository@569d547, com.javafx.main.concurs.repository.SwimmingRaceDBRepository@5c55e6d3
28 Mar 2023 18:15:00,158 INFO  com.javafx.main.concurs.repository.AdminDBRepository 21 <init> - Initializing AdminDBRepository with properties: {jdbc.url=jdbc:sqlite:D:\Facultate\Faculta\An_2_sem_2\MPP_Java\Concurs_inot_Java\swimming_race.db}
28 Mar 2023 18:15:00,162 INFO  com.javafx.main.concurs.repository.ContestantDBRepository 20 <init> - Initializing ContestantDBRepository with properties: {jdbc.url=jdbc:sqlite:D:\Facultate\Faculta\An_2_sem_2\MPP_Java\Concurs_inot_Java\swimming_race.db}
28 Mar 2023 18:15:00,163 INFO  com.javafx.main.concurs.repository.ParticipationDBRepository 20 <init> - Initializing ParicipationDBRepository with properties: {jdbc.url=jdbc:sqlite:D:\Facultate\Faculta\An_2_sem_2\MPP_Java\Concurs_inot_Java\swimming_race.db}
28 Mar 2023 18:15:00,164 INFO  com.javafx.main.concurs.repository.SwimmingRaceDBRepository 21 <init> - Initializing SwimmingRaceDBRepository with properties: {jdbc.url=jdbc:sqlite:D:\Facultate\Faculta\An_2_sem_2\MPP_Java\Concurs_inot_Java\swimming_race.db}
28 Mar 2023 18:15:00,164 INFO  com.javafx.main.service.Service 28 <init> - Creating service with repositories com.javafx.main.concurs.repository.AdminDBRepository@8857718, com.javafx.main.concurs.repository.ContestantDBRepository@5ba65d49, com.javafx.main.concurs.repository.ParticipationDBRepository@569d547, com.javafx.main.concurs.repository.SwimmingRaceDBRepository@5c55e6d3
28 Mar 2023 18:15:08,948 TRACE com.javafx.main.concurs.repository.AdminDBRepository 27 getAccount - Enter getting account by email boss@email.com and password boss
28 Mar 2023 18:15:08,949 TRACE com.javafx.main.concurs.repository.JdbcUtils 47 getConnection - Enter
28 Mar 2023 18:15:08,949 TRACE com.javafx.main.concurs.repository.JdbcUtils 24 getNewConnection - Enter
28 Mar 2023 18:15:08,949 INFO  com.javafx.main.concurs.repository.JdbcUtils 29 getNewConnection - trying to connect to database ... jdbc:sqlite:D:\Facultate\Faculta\An_2_sem_2\MPP_Java\Concurs_inot_Java\swimming_race.db
28 Mar 2023 18:15:08,949 INFO  com.javafx.main.concurs.repository.JdbcUtils 30 getNewConnection - user: null
28 Mar 2023 18:15:08,950 INFO  com.javafx.main.concurs.repository.JdbcUtils 31 getNewConnection - pass: null
28 Mar 2023 18:15:09,112 TRACE com.javafx.main.concurs.repository.JdbcUtils 56 getConnection - Exit with(org.sqlite.jdbc4.JDBC4Connection@62bcf223)
28 Mar 2023 18:15:09,121 TRACE com.javafx.main.concurs.repository.AdminDBRepository 45 getAccount - Exit with(Admin{ID=1, email='boss@email.com', password='boss', officeID=1})
28 Mar 2023 18:15:09,305 TRACE com.javafx.main.concurs.repository.SwimmingRaceDBRepository 27 nrContestantEachRace - Enter
28 Mar 2023 18:15:09,306 TRACE com.javafx.main.concurs.repository.JdbcUtils 47 getConnection - Enter
28 Mar 2023 18:15:09,306 TRACE com.javafx.main.concurs.repository.JdbcUtils 24 getNewConnection - Enter
28 Mar 2023 18:15:09,307 INFO  com.javafx.main.concurs.repository.JdbcUtils 29 getNewConnection - trying to connect to database ... jdbc:sqlite:D:\Facultate\Faculta\An_2_sem_2\MPP_Java\Concurs_inot_Java\swimming_race.db
28 Mar 2023 18:15:09,307 INFO  com.javafx.main.concurs.repository.JdbcUtils 30 getNewConnection - user: null
28 Mar 2023 18:15:09,307 INFO  com.javafx.main.concurs.repository.JdbcUtils 31 getNewConnection - pass: null
28 Mar 2023 18:15:09,309 TRACE com.javafx.main.concurs.repository.JdbcUtils 56 getConnection - Exit with(org.sqlite.jdbc4.JDBC4Connection@1ebd77de)
28 Mar 2023 18:15:09,311 TRACE com.javafx.main.concurs.repository.SwimmingRaceDBRepository 50 nrContestantEachRace - Exit with([com.javafx.main.concurs.domain.RaceNrContestantsDTO@860c0af, com.javafx.main.concurs.domain.RaceNrContestantsDTO@159b6c63, com.javafx.main.concurs.domain.RaceNrContestantsDTO@94f1dda])
28 Mar 2023 18:15:22,447 TRACE com.javafx.main.concurs.repository.ContestantDBRepository 26 getByRace - Enter finding by race with distance 50m and style liber
28 Mar 2023 18:15:22,447 TRACE com.javafx.main.concurs.repository.JdbcUtils 47 getConnection - Enter
28 Mar 2023 18:15:22,447 TRACE com.javafx.main.concurs.repository.JdbcUtils 24 getNewConnection - Enter
28 Mar 2023 18:15:22,448 INFO  com.javafx.main.concurs.repository.JdbcUtils 29 getNewConnection - trying to connect to database ... jdbc:sqlite:D:\Facultate\Faculta\An_2_sem_2\MPP_Java\Concurs_inot_Java\swimming_race.db
28 Mar 2023 18:15:22,448 INFO  com.javafx.main.concurs.repository.JdbcUtils 30 getNewConnection - user: null
28 Mar 2023 18:15:22,448 INFO  com.javafx.main.concurs.repository.JdbcUtils 31 getNewConnection - pass: null
28 Mar 2023 18:15:22,449 TRACE com.javafx.main.concurs.repository.JdbcUtils 56 getConnection - Exit with(org.sqlite.jdbc4.JDBC4Connection@5ff38aae)
28 Mar 2023 18:15:22,453 TRACE com.javafx.main.concurs.repository.ContestantDBRepository 52 getByRace - Exit with([Contestant{ID=1, name='Flaviu', age=20}, Contestant{ID=3, name='Radu', age=21}])
28 Mar 2023 18:15:22,453 TRACE com.javafx.main.concurs.repository.SwimmingRaceDBRepository 56 getByContestant - Enter finding which race does contestant 1 takes part in
28 Mar 2023 18:15:22,454 TRACE com.javafx.main.concurs.repository.JdbcUtils 47 getConnection - Enter
28 Mar 2023 18:15:22,454 TRACE com.javafx.main.concurs.repository.JdbcUtils 56 getConnection - Exit with(org.sqlite.jdbc4.JDBC4Connection@1ebd77de)
28 Mar 2023 18:15:22,455 TRACE com.javafx.main.concurs.repository.SwimmingRaceDBRepository 81 getByContestant - Exit with([SwimmingRace{ID=1, distance='50m', style='liber'}, SwimmingRace{ID=2, distance='200m', style='spate'}])
28 Mar 2023 18:15:22,456 TRACE com.javafx.main.concurs.repository.SwimmingRaceDBRepository 56 getByContestant - Enter finding which race does contestant 3 takes part in
28 Mar 2023 18:15:22,456 TRACE com.javafx.main.concurs.repository.JdbcUtils 47 getConnection - Enter
28 Mar 2023 18:15:22,457 TRACE com.javafx.main.concurs.repository.JdbcUtils 56 getConnection - Exit with(org.sqlite.jdbc4.JDBC4Connection@1ebd77de)
28 Mar 2023 18:15:22,457 TRACE com.javafx.main.concurs.repository.SwimmingRaceDBRepository 81 getByContestant - Exit with([SwimmingRace{ID=1, distance='50m', style='liber'}])
28 Mar 2023 18:15:38,598 TRACE com.javafx.main.concurs.repository.ContestantDBRepository 26 getByRace - Enter finding by race with distance 200m and style spate
28 Mar 2023 18:15:38,599 TRACE com.javafx.main.concurs.repository.JdbcUtils 47 getConnection - Enter
28 Mar 2023 18:15:38,599 TRACE com.javafx.main.concurs.repository.JdbcUtils 56 getConnection - Exit with(org.sqlite.jdbc4.JDBC4Connection@5ff38aae)
28 Mar 2023 18:15:38,599 TRACE com.javafx.main.concurs.repository.ContestantDBRepository 52 getByRace - Exit with([Contestant{ID=1, name='Flaviu', age=20}, Contestant{ID=2, name='Ilinca', age=19}, Contestant{ID=4, name='Vlad', age=20}])
28 Mar 2023 18:15:38,600 TRACE com.javafx.main.concurs.repository.SwimmingRaceDBRepository 56 getByContestant - Enter finding which race does contestant 1 takes part in
28 Mar 2023 18:15:38,600 TRACE com.javafx.main.concurs.repository.JdbcUtils 47 getConnection - Enter
28 Mar 2023 18:15:38,600 TRACE com.javafx.main.concurs.repository.JdbcUtils 56 getConnection - Exit with(org.sqlite.jdbc4.JDBC4Connection@1ebd77de)
28 Mar 2023 18:15:38,600 TRACE com.javafx.main.concurs.repository.SwimmingRaceDBRepository 81 getByContestant - Exit with([SwimmingRace{ID=1, distance='50m', style='liber'}, SwimmingRace{ID=2, distance='200m', style='spate'}])
28 Mar 2023 18:15:38,601 TRACE com.javafx.main.concurs.repository.SwimmingRaceDBRepository 56 getByContestant - Enter finding which race does contestant 2 takes part in
28 Mar 2023 18:15:38,601 TRACE com.javafx.main.concurs.repository.JdbcUtils 47 getConnection - Enter
28 Mar 2023 18:15:38,601 TRACE com.javafx.main.concurs.repository.JdbcUtils 56 getConnection - Exit with(org.sqlite.jdbc4.JDBC4Connection@1ebd77de)
28 Mar 2023 18:15:38,601 TRACE com.javafx.main.concurs.repository.SwimmingRaceDBRepository 81 getByContestant - Exit with([SwimmingRace{ID=2, distance='200m', style='spate'}])
28 Mar 2023 18:15:38,602 TRACE com.javafx.main.concurs.repository.SwimmingRaceDBRepository 56 getByContestant - Enter finding which race does contestant 4 takes part in
28 Mar 2023 18:15:38,602 TRACE com.javafx.main.concurs.repository.JdbcUtils 47 getConnection - Enter
28 Mar 2023 18:15:38,602 TRACE com.javafx.main.concurs.repository.JdbcUtils 56 getConnection - Exit with(org.sqlite.jdbc4.JDBC4Connection@1ebd77de)
28 Mar 2023 18:15:38,602 TRACE com.javafx.main.concurs.repository.SwimmingRaceDBRepository 81 getByContestant - Exit with([SwimmingRace{ID=2, distance='200m', style='spate'}, SwimmingRace{ID=3, distance='800m', style='fluture'}])
28 Mar 2023 18:27:10,404 INFO  com.javafx.main.concurs.repository.AdminDBRepository 21 <init> - Initializing AdminDBRepository with properties: {jdbc.url=jdbc:sqlite:D:\Facultate\Faculta\An_2_sem_2\MPP_Java\Concurs_inot_Java\swimming_race.db}
28 Mar 2023 18:27:10,408 INFO  com.javafx.main.concurs.repository.ContestantDBRepository 20 <init> - Initializing ContestantDBRepository with properties: {jdbc.url=jdbc:sqlite:D:\Facultate\Faculta\An_2_sem_2\MPP_Java\Concurs_inot_Java\swimming_race.db}
28 Mar 2023 18:27:10,409 INFO  com.javafx.main.concurs.repository.ParticipationDBRepository 20 <init> - Initializing ParicipationDBRepository with properties: {jdbc.url=jdbc:sqlite:D:\Facultate\Faculta\An_2_sem_2\MPP_Java\Concurs_inot_Java\swimming_race.db}
28 Mar 2023 18:27:10,411 INFO  com.javafx.main.concurs.repository.SwimmingRaceDBRepository 21 <init> - Initializing SwimmingRaceDBRepository with properties: {jdbc.url=jdbc:sqlite:D:\Facultate\Faculta\An_2_sem_2\MPP_Java\Concurs_inot_Java\swimming_race.db}
28 Mar 2023 18:27:10,412 INFO  com.javafx.main.service.Service 28 <init> - Creating service with repositories com.javafx.main.concurs.repository.AdminDBRepository@8857718, com.javafx.main.concurs.repository.ContestantDBRepository@5ba65d49, com.javafx.main.concurs.repository.ParticipationDBRepository@569d547, com.javafx.main.concurs.repository.SwimmingRaceDBRepository@5c55e6d3
28 Mar 2023 18:27:19,567 TRACE com.javafx.main.concurs.repository.AdminDBRepository 27 getAccount - Enter getting account by email boss@email.com and password boss
28 Mar 2023 18:27:19,567 TRACE com.javafx.main.concurs.repository.JdbcUtils 47 getConnection - Enter
28 Mar 2023 18:27:19,568 TRACE com.javafx.main.concurs.repository.JdbcUtils 24 getNewConnection - Enter
28 Mar 2023 18:27:19,568 INFO  com.javafx.main.concurs.repository.JdbcUtils 29 getNewConnection - trying to connect to database ... jdbc:sqlite:D:\Facultate\Faculta\An_2_sem_2\MPP_Java\Concurs_inot_Java\swimming_race.db
28 Mar 2023 18:27:19,568 INFO  com.javafx.main.concurs.repository.JdbcUtils 30 getNewConnection - user: null
28 Mar 2023 18:27:19,569 INFO  com.javafx.main.concurs.repository.JdbcUtils 31 getNewConnection - pass: null
28 Mar 2023 18:27:19,734 TRACE com.javafx.main.concurs.repository.JdbcUtils 56 getConnection - Exit with(org.sqlite.jdbc4.JDBC4Connection@62bcf223)
28 Mar 2023 18:27:19,745 TRACE com.javafx.main.concurs.repository.AdminDBRepository 45 getAccount - Exit with(Admin{ID=1, email='boss@email.com', password='boss', officeID=1})
28 Mar 2023 18:27:19,929 TRACE com.javafx.main.concurs.repository.SwimmingRaceDBRepository 27 nrContestantEachRace - Enter
28 Mar 2023 18:27:19,930 TRACE com.javafx.main.concurs.repository.JdbcUtils 47 getConnection - Enter
28 Mar 2023 18:27:19,930 TRACE com.javafx.main.concurs.repository.JdbcUtils 24 getNewConnection - Enter
28 Mar 2023 18:27:19,930 INFO  com.javafx.main.concurs.repository.JdbcUtils 29 getNewConnection - trying to connect to database ... jdbc:sqlite:D:\Facultate\Faculta\An_2_sem_2\MPP_Java\Concurs_inot_Java\swimming_race.db
28 Mar 2023 18:27:19,931 INFO  com.javafx.main.concurs.repository.JdbcUtils 30 getNewConnection - user: null
28 Mar 2023 18:27:19,931 INFO  com.javafx.main.concurs.repository.JdbcUtils 31 getNewConnection - pass: null
28 Mar 2023 18:27:19,932 TRACE com.javafx.main.concurs.repository.JdbcUtils 56 getConnection - Exit with(org.sqlite.jdbc4.JDBC4Connection@1ebd77de)
28 Mar 2023 18:27:19,934 TRACE com.javafx.main.concurs.repository.SwimmingRaceDBRepository 50 nrContestantEachRace - Exit with([com.javafx.main.concurs.domain.RaceNrContestantsDTO@860c0af, com.javafx.main.concurs.domain.RaceNrContestantsDTO@159b6c63, com.javafx.main.concurs.domain.RaceNrContestantsDTO@94f1dda])
28 Mar 2023 18:27:23,958 TRACE com.javafx.main.concurs.repository.AdminDBRepository 27 getAccount - Enter getting account by email boss@email.com and password boss
28 Mar 2023 18:27:23,958 TRACE com.javafx.main.concurs.repository.JdbcUtils 47 getConnection - Enter
28 Mar 2023 18:27:23,959 TRACE com.javafx.main.concurs.repository.JdbcUtils 56 getConnection - Exit with(org.sqlite.jdbc4.JDBC4Connection@62bcf223)
28 Mar 2023 18:27:23,959 TRACE com.javafx.main.concurs.repository.AdminDBRepository 45 getAccount - Exit with(Admin{ID=1, email='boss@email.com', password='boss', officeID=1})
28 Mar 2023 18:27:24,032 TRACE com.javafx.main.concurs.repository.SwimmingRaceDBRepository 27 nrContestantEachRace - Enter
28 Mar 2023 18:27:24,033 TRACE com.javafx.main.concurs.repository.JdbcUtils 47 getConnection - Enter
28 Mar 2023 18:27:24,033 TRACE com.javafx.main.concurs.repository.JdbcUtils 56 getConnection - Exit with(org.sqlite.jdbc4.JDBC4Connection@1ebd77de)
28 Mar 2023 18:27:24,034 TRACE com.javafx.main.concurs.repository.SwimmingRaceDBRepository 50 nrContestantEachRace - Exit with([com.javafx.main.concurs.domain.RaceNrContestantsDTO@571f81bf, com.javafx.main.concurs.domain.RaceNrContestantsDTO@1ccd2126, com.javafx.main.concurs.domain.RaceNrContestantsDTO@7eacf90b])
28 Mar 2023 18:27:26,053 TRACE com.javafx.main.concurs.repository.AdminDBRepository 27 getAccount - Enter getting account by email boss@email.com and password boss
28 Mar 2023 18:27:26,054 TRACE com.javafx.main.concurs.repository.JdbcUtils 47 getConnection - Enter
28 Mar 2023 18:27:26,054 TRACE com.javafx.main.concurs.repository.JdbcUtils 56 getConnection - Exit with(org.sqlite.jdbc4.JDBC4Connection@62bcf223)
28 Mar 2023 18:27:26,054 TRACE com.javafx.main.concurs.repository.AdminDBRepository 45 getAccount - Exit with(Admin{ID=1, email='boss@email.com', password='boss', officeID=1})
28 Mar 2023 18:27:26,104 TRACE com.javafx.main.concurs.repository.SwimmingRaceDBRepository 27 nrContestantEachRace - Enter
28 Mar 2023 18:27:26,105 TRACE com.javafx.main.concurs.repository.JdbcUtils 47 getConnection - Enter
28 Mar 2023 18:27:26,105 TRACE com.javafx.main.concurs.repository.JdbcUtils 56 getConnection - Exit with(org.sqlite.jdbc4.JDBC4Connection@1ebd77de)
28 Mar 2023 18:27:26,106 TRACE com.javafx.main.concurs.repository.SwimmingRaceDBRepository 50 nrContestantEachRace - Exit with([com.javafx.main.concurs.domain.RaceNrContestantsDTO@2def0c22, com.javafx.main.concurs.domain.RaceNrContestantsDTO@7c49cdbe, com.javafx.main.concurs.domain.RaceNrContestantsDTO@4b677cd5])
28 Mar 2023 18:27:50,376 INFO  com.javafx.main.concurs.repository.AdminDBRepository 21 <init> - Initializing AdminDBRepository with properties: {jdbc.url=jdbc:sqlite:D:\Facultate\Faculta\An_2_sem_2\MPP_Java\Concurs_inot_Java\swimming_race.db}
28 Mar 2023 18:27:50,381 INFO  com.javafx.main.concurs.repository.ContestantDBRepository 20 <init> - Initializing ContestantDBRepository with properties: {jdbc.url=jdbc:sqlite:D:\Facultate\Faculta\An_2_sem_2\MPP_Java\Concurs_inot_Java\swimming_race.db}
28 Mar 2023 18:27:50,382 INFO  com.javafx.main.concurs.repository.ParticipationDBRepository 20 <init> - Initializing ParicipationDBRepository with properties: {jdbc.url=jdbc:sqlite:D:\Facultate\Faculta\An_2_sem_2\MPP_Java\Concurs_inot_Java\swimming_race.db}
28 Mar 2023 18:27:50,383 INFO  com.javafx.main.concurs.repository.SwimmingRaceDBRepository 21 <init> - Initializing SwimmingRaceDBRepository with properties: {jdbc.url=jdbc:sqlite:D:\Facultate\Faculta\An_2_sem_2\MPP_Java\Concurs_inot_Java\swimming_race.db}
28 Mar 2023 18:27:50,384 INFO  com.javafx.main.service.Service 28 <init> - Creating service with repositories com.javafx.main.concurs.repository.AdminDBRepository@8857718, com.javafx.main.concurs.repository.ContestantDBRepository@5ba65d49, com.javafx.main.concurs.repository.ParticipationDBRepository@569d547, com.javafx.main.concurs.repository.SwimmingRaceDBRepository@5c55e6d3
28 Mar 2023 18:28:00,261 TRACE com.javafx.main.concurs.repository.AdminDBRepository 27 getAccount - Enter getting account by email boss@email.com and password boss
28 Mar 2023 18:28:00,261 TRACE com.javafx.main.concurs.repository.JdbcUtils 47 getConnection - Enter
28 Mar 2023 18:28:00,262 TRACE com.javafx.main.concurs.repository.JdbcUtils 24 getNewConnection - Enter
28 Mar 2023 18:28:00,262 INFO  com.javafx.main.concurs.repository.JdbcUtils 29 getNewConnection - trying to connect to database ... jdbc:sqlite:D:\Facultate\Faculta\An_2_sem_2\MPP_Java\Concurs_inot_Java\swimming_race.db
28 Mar 2023 18:28:00,262 INFO  com.javafx.main.concurs.repository.JdbcUtils 30 getNewConnection - user: null
28 Mar 2023 18:28:00,262 INFO  com.javafx.main.concurs.repository.JdbcUtils 31 getNewConnection - pass: null
28 Mar 2023 18:28:00,423 TRACE com.javafx.main.concurs.repository.JdbcUtils 56 getConnection - Exit with(org.sqlite.jdbc4.JDBC4Connection@62bcf223)
28 Mar 2023 18:28:00,432 TRACE com.javafx.main.concurs.repository.AdminDBRepository 45 getAccount - Exit with(Admin{ID=1, email='boss@email.com', password='boss', officeID=1})
28 Mar 2023 18:28:00,608 TRACE com.javafx.main.concurs.repository.SwimmingRaceDBRepository 27 nrContestantEachRace - Enter
28 Mar 2023 18:28:00,609 TRACE com.javafx.main.concurs.repository.JdbcUtils 47 getConnection - Enter
28 Mar 2023 18:28:00,609 TRACE com.javafx.main.concurs.repository.JdbcUtils 24 getNewConnection - Enter
28 Mar 2023 18:28:00,609 INFO  com.javafx.main.concurs.repository.JdbcUtils 29 getNewConnection - trying to connect to database ... jdbc:sqlite:D:\Facultate\Faculta\An_2_sem_2\MPP_Java\Concurs_inot_Java\swimming_race.db
28 Mar 2023 18:28:00,609 INFO  com.javafx.main.concurs.repository.JdbcUtils 30 getNewConnection - user: null
28 Mar 2023 18:28:00,610 INFO  com.javafx.main.concurs.repository.JdbcUtils 31 getNewConnection - pass: null
28 Mar 2023 18:28:00,611 TRACE com.javafx.main.concurs.repository.JdbcUtils 56 getConnection - Exit with(org.sqlite.jdbc4.JDBC4Connection@1ebd77de)
28 Mar 2023 18:28:00,613 TRACE com.javafx.main.concurs.repository.SwimmingRaceDBRepository 50 nrContestantEachRace - Exit with([com.javafx.main.concurs.domain.RaceNrContestantsDTO@860c0af, com.javafx.main.concurs.domain.RaceNrContestantsDTO@159b6c63, com.javafx.main.concurs.domain.RaceNrContestantsDTO@94f1dda])
28 Mar 2023 18:28:11,783 INFO  com.javafx.main.concurs.repository.AdminDBRepository 21 <init> - Initializing AdminDBRepository with properties: {jdbc.url=jdbc:sqlite:D:\Facultate\Faculta\An_2_sem_2\MPP_Java\Concurs_inot_Java\swimming_race.db}
28 Mar 2023 18:28:11,787 INFO  com.javafx.main.concurs.repository.ContestantDBRepository 20 <init> - Initializing ContestantDBRepository with properties: {jdbc.url=jdbc:sqlite:D:\Facultate\Faculta\An_2_sem_2\MPP_Java\Concurs_inot_Java\swimming_race.db}
28 Mar 2023 18:28:11,788 INFO  com.javafx.main.concurs.repository.ParticipationDBRepository 20 <init> - Initializing ParicipationDBRepository with properties: {jdbc.url=jdbc:sqlite:D:\Facultate\Faculta\An_2_sem_2\MPP_Java\Concurs_inot_Java\swimming_race.db}
28 Mar 2023 18:28:11,789 INFO  com.javafx.main.concurs.repository.SwimmingRaceDBRepository 21 <init> - Initializing SwimmingRaceDBRepository with properties: {jdbc.url=jdbc:sqlite:D:\Facultate\Faculta\An_2_sem_2\MPP_Java\Concurs_inot_Java\swimming_race.db}
28 Mar 2023 18:28:11,789 INFO  com.javafx.main.service.Service 28 <init> - Creating service with repositories com.javafx.main.concurs.repository.AdminDBRepository@8857718, com.javafx.main.concurs.repository.ContestantDBRepository@5ba65d49, com.javafx.main.concurs.repository.ParticipationDBRepository@569d547, com.javafx.main.concurs.repository.SwimmingRaceDBRepository@5c55e6d3
28 Mar 2023 18:28:22,224 TRACE com.javafx.main.concurs.repository.AdminDBRepository 27 getAccount - Enter getting account by email boss@email.com and password boss
28 Mar 2023 18:28:22,225 TRACE com.javafx.main.concurs.repository.JdbcUtils 47 getConnection - Enter
28 Mar 2023 18:28:22,225 TRACE com.javafx.main.concurs.repository.JdbcUtils 24 getNewConnection - Enter
28 Mar 2023 18:28:22,225 INFO  com.javafx.main.concurs.repository.JdbcUtils 29 getNewConnection - trying to connect to database ... jdbc:sqlite:D:\Facultate\Faculta\An_2_sem_2\MPP_Java\Concurs_inot_Java\swimming_race.db
28 Mar 2023 18:28:22,225 INFO  com.javafx.main.concurs.repository.JdbcUtils 30 getNewConnection - user: null
28 Mar 2023 18:28:22,226 INFO  com.javafx.main.concurs.repository.JdbcUtils 31 getNewConnection - pass: null
28 Mar 2023 18:28:22,389 TRACE com.javafx.main.concurs.repository.JdbcUtils 56 getConnection - Exit with(org.sqlite.jdbc4.JDBC4Connection@62bcf223)
28 Mar 2023 18:28:22,398 TRACE com.javafx.main.concurs.repository.AdminDBRepository 45 getAccount - Exit with(Admin{ID=1, email='boss@email.com', password='boss', officeID=1})
28 Mar 2023 18:28:22,580 TRACE com.javafx.main.concurs.repository.SwimmingRaceDBRepository 27 nrContestantEachRace - Enter
28 Mar 2023 18:28:22,581 TRACE com.javafx.main.concurs.repository.JdbcUtils 47 getConnection - Enter
28 Mar 2023 18:28:22,581 TRACE com.javafx.main.concurs.repository.JdbcUtils 24 getNewConnection - Enter
28 Mar 2023 18:28:22,581 INFO  com.javafx.main.concurs.repository.JdbcUtils 29 getNewConnection - trying to connect to database ... jdbc:sqlite:D:\Facultate\Faculta\An_2_sem_2\MPP_Java\Concurs_inot_Java\swimming_race.db
28 Mar 2023 18:28:22,582 INFO  com.javafx.main.concurs.repository.JdbcUtils 30 getNewConnection - user: null
28 Mar 2023 18:28:22,582 INFO  com.javafx.main.concurs.repository.JdbcUtils 31 getNewConnection - pass: null
28 Mar 2023 18:28:22,583 TRACE com.javafx.main.concurs.repository.JdbcUtils 56 getConnection - Exit with(org.sqlite.jdbc4.JDBC4Connection@1ebd77de)
28 Mar 2023 18:28:22,587 TRACE com.javafx.main.concurs.repository.SwimmingRaceDBRepository 50 nrContestantEachRace - Exit with([com.javafx.main.concurs.domain.RaceNrContestantsDTO@860c0af, com.javafx.main.concurs.domain.RaceNrContestantsDTO@159b6c63, com.javafx.main.concurs.domain.RaceNrContestantsDTO@94f1dda])
28 Mar 2023 18:29:13,048 TRACE com.javafx.main.concurs.repository.ContestantDBRepository 26 getByRace - Enter finding by race with distance 200m and style spate
28 Mar 2023 18:29:13,048 TRACE com.javafx.main.concurs.repository.JdbcUtils 47 getConnection - Enter
28 Mar 2023 18:29:13,048 TRACE com.javafx.main.concurs.repository.JdbcUtils 24 getNewConnection - Enter
28 Mar 2023 18:29:13,049 INFO  com.javafx.main.concurs.repository.JdbcUtils 29 getNewConnection - trying to connect to database ... jdbc:sqlite:D:\Facultate\Faculta\An_2_sem_2\MPP_Java\Concurs_inot_Java\swimming_race.db
28 Mar 2023 18:29:13,049 INFO  com.javafx.main.concurs.repository.JdbcUtils 30 getNewConnection - user: null
28 Mar 2023 18:29:13,049 INFO  com.javafx.main.concurs.repository.JdbcUtils 31 getNewConnection - pass: null
28 Mar 2023 18:29:13,050 TRACE com.javafx.main.concurs.repository.JdbcUtils 56 getConnection - Exit with(org.sqlite.jdbc4.JDBC4Connection@36e8041)
28 Mar 2023 18:29:13,054 TRACE com.javafx.main.concurs.repository.ContestantDBRepository 52 getByRace - Exit with([Contestant{ID=1, name='Flaviu', age=20}, Contestant{ID=2, name='Ilinca', age=19}, Contestant{ID=4, name='Vlad', age=20}])
28 Mar 2023 18:29:13,054 TRACE com.javafx.main.concurs.repository.SwimmingRaceDBRepository 56 getByContestant - Enter finding which race does contestant 1 takes part in
28 Mar 2023 18:29:13,054 TRACE com.javafx.main.concurs.repository.JdbcUtils 47 getConnection - Enter
28 Mar 2023 18:29:13,054 TRACE com.javafx.main.concurs.repository.JdbcUtils 56 getConnection - Exit with(org.sqlite.jdbc4.JDBC4Connection@1ebd77de)
28 Mar 2023 18:29:13,056 TRACE com.javafx.main.concurs.repository.SwimmingRaceDBRepository 81 getByContestant - Exit with([SwimmingRace{ID=1, distance='50m', style='liber'}, SwimmingRace{ID=2, distance='200m', style='spate'}])
28 Mar 2023 18:29:13,057 TRACE com.javafx.main.concurs.repository.SwimmingRaceDBRepository 56 getByContestant - Enter finding which race does contestant 2 takes part in
28 Mar 2023 18:29:13,057 TRACE com.javafx.main.concurs.repository.JdbcUtils 47 getConnection - Enter
28 Mar 2023 18:29:13,057 TRACE com.javafx.main.concurs.repository.JdbcUtils 56 getConnection - Exit with(org.sqlite.jdbc4.JDBC4Connection@1ebd77de)
28 Mar 2023 18:29:13,057 TRACE com.javafx.main.concurs.repository.SwimmingRaceDBRepository 81 getByContestant - Exit with([SwimmingRace{ID=2, distance='200m', style='spate'}])
28 Mar 2023 18:29:13,058 TRACE com.javafx.main.concurs.repository.SwimmingRaceDBRepository 56 getByContestant - Enter finding which race does contestant 4 takes part in
28 Mar 2023 18:29:13,058 TRACE com.javafx.main.concurs.repository.JdbcUtils 47 getConnection - Enter
28 Mar 2023 18:29:13,058 TRACE com.javafx.main.concurs.repository.JdbcUtils 56 getConnection - Exit with(org.sqlite.jdbc4.JDBC4Connection@1ebd77de)
28 Mar 2023 18:29:13,058 TRACE com.javafx.main.concurs.repository.SwimmingRaceDBRepository 81 getByContestant - Exit with([SwimmingRace{ID=2, distance='200m', style='spate'}, SwimmingRace{ID=3, distance='800m', style='fluture'}])
28 Mar 2023 18:29:28,510 INFO  com.javafx.main.concurs.repository.AdminDBRepository 21 <init> - Initializing AdminDBRepository with properties: {jdbc.url=jdbc:sqlite:D:\Facultate\Faculta\An_2_sem_2\MPP_Java\Concurs_inot_Java\swimming_race.db}
28 Mar 2023 18:29:28,515 INFO  com.javafx.main.concurs.repository.ContestantDBRepository 20 <init> - Initializing ContestantDBRepository with properties: {jdbc.url=jdbc:sqlite:D:\Facultate\Faculta\An_2_sem_2\MPP_Java\Concurs_inot_Java\swimming_race.db}
28 Mar 2023 18:29:28,516 INFO  com.javafx.main.concurs.repository.ParticipationDBRepository 20 <init> - Initializing ParicipationDBRepository with properties: {jdbc.url=jdbc:sqlite:D:\Facultate\Faculta\An_2_sem_2\MPP_Java\Concurs_inot_Java\swimming_race.db}
28 Mar 2023 18:29:28,517 INFO  com.javafx.main.concurs.repository.SwimmingRaceDBRepository 21 <init> - Initializing SwimmingRaceDBRepository with properties: {jdbc.url=jdbc:sqlite:D:\Facultate\Faculta\An_2_sem_2\MPP_Java\Concurs_inot_Java\swimming_race.db}
28 Mar 2023 18:29:28,517 INFO  com.javafx.main.service.Service 28 <init> - Creating service with repositories com.javafx.main.concurs.repository.AdminDBRepository@8857718, com.javafx.main.concurs.repository.ContestantDBRepository@5ba65d49, com.javafx.main.concurs.repository.ParticipationDBRepository@569d547, com.javafx.main.concurs.repository.SwimmingRaceDBRepository@5c55e6d3
28 Mar 2023 18:29:39,033 TRACE com.javafx.main.concurs.repository.AdminDBRepository 27 getAccount - Enter getting account by email boss@email.com and password boss
28 Mar 2023 18:29:39,034 TRACE com.javafx.main.concurs.repository.JdbcUtils 47 getConnection - Enter
28 Mar 2023 18:29:39,034 TRACE com.javafx.main.concurs.repository.JdbcUtils 24 getNewConnection - Enter
28 Mar 2023 18:29:39,034 INFO  com.javafx.main.concurs.repository.JdbcUtils 29 getNewConnection - trying to connect to database ... jdbc:sqlite:D:\Facultate\Faculta\An_2_sem_2\MPP_Java\Concurs_inot_Java\swimming_race.db
28 Mar 2023 18:29:39,034 INFO  com.javafx.main.concurs.repository.JdbcUtils 30 getNewConnection - user: null
28 Mar 2023 18:29:39,035 INFO  com.javafx.main.concurs.repository.JdbcUtils 31 getNewConnection - pass: null
28 Mar 2023 18:29:39,194 TRACE com.javafx.main.concurs.repository.JdbcUtils 56 getConnection - Exit with(org.sqlite.jdbc4.JDBC4Connection@35ebae02)
28 Mar 2023 18:29:39,203 TRACE com.javafx.main.concurs.repository.AdminDBRepository 45 getAccount - Exit with(Admin{ID=1, email='boss@email.com', password='boss', officeID=1})
28 Mar 2023 18:29:39,432 TRACE com.javafx.main.concurs.repository.SwimmingRaceDBRepository 27 nrContestantEachRace - Enter
28 Mar 2023 18:29:39,432 TRACE com.javafx.main.concurs.repository.JdbcUtils 47 getConnection - Enter
28 Mar 2023 18:29:39,432 TRACE com.javafx.main.concurs.repository.JdbcUtils 24 getNewConnection - Enter
28 Mar 2023 18:29:39,433 INFO  com.javafx.main.concurs.repository.JdbcUtils 29 getNewConnection - trying to connect to database ... jdbc:sqlite:D:\Facultate\Faculta\An_2_sem_2\MPP_Java\Concurs_inot_Java\swimming_race.db
28 Mar 2023 18:29:39,433 INFO  com.javafx.main.concurs.repository.JdbcUtils 30 getNewConnection - user: null
28 Mar 2023 18:29:39,434 INFO  com.javafx.main.concurs.repository.JdbcUtils 31 getNewConnection - pass: null
28 Mar 2023 18:29:39,435 TRACE com.javafx.main.concurs.repository.JdbcUtils 56 getConnection - Exit with(org.sqlite.jdbc4.JDBC4Connection@2e90d9c1)
28 Mar 2023 18:29:39,437 TRACE com.javafx.main.concurs.repository.SwimmingRaceDBRepository 50 nrContestantEachRace - Exit with([com.javafx.main.concurs.domain.RaceNrContestantsDTO@f0f291e, com.javafx.main.concurs.domain.RaceNrContestantsDTO@5a49ab1f, com.javafx.main.concurs.domain.RaceNrContestantsDTO@477c7358])
28 Mar 2023 18:43:34,661 INFO  com.javafx.main.concurs.repository.AdminDBRepository 21 <init> - Initializing AdminDBRepository with properties: {jdbc.url=jdbc:sqlite:D:\Facultate\Faculta\An_2_sem_2\MPP_Java\Concurs_inot_Java\swimming_race.db}
28 Mar 2023 18:43:34,666 INFO  com.javafx.main.concurs.repository.ContestantDBRepository 20 <init> - Initializing ContestantDBRepository with properties: {jdbc.url=jdbc:sqlite:D:\Facultate\Faculta\An_2_sem_2\MPP_Java\Concurs_inot_Java\swimming_race.db}
28 Mar 2023 18:43:34,667 INFO  com.javafx.main.concurs.repository.ParticipationDBRepository 20 <init> - Initializing ParicipationDBRepository with properties: {jdbc.url=jdbc:sqlite:D:\Facultate\Faculta\An_2_sem_2\MPP_Java\Concurs_inot_Java\swimming_race.db}
28 Mar 2023 18:43:34,668 INFO  com.javafx.main.concurs.repository.SwimmingRaceDBRepository 21 <init> - Initializing SwimmingRaceDBRepository with properties: {jdbc.url=jdbc:sqlite:D:\Facultate\Faculta\An_2_sem_2\MPP_Java\Concurs_inot_Java\swimming_race.db}
28 Mar 2023 18:43:34,669 INFO  com.javafx.main.service.Service 28 <init> - Creating service with repositories com.javafx.main.concurs.repository.AdminDBRepository@8857718, com.javafx.main.concurs.repository.ContestantDBRepository@5ba65d49, com.javafx.main.concurs.repository.ParticipationDBRepository@569d547, com.javafx.main.concurs.repository.SwimmingRaceDBRepository@5c55e6d3
28 Mar 2023 18:43:42,299 INFO  com.javafx.main.concurs.repository.AdminDBRepository 21 <init> - Initializing AdminDBRepository with properties: {jdbc.url=jdbc:sqlite:D:\Facultate\Faculta\An_2_sem_2\MPP_Java\Concurs_inot_Java\swimming_race.db}
28 Mar 2023 18:43:42,304 INFO  com.javafx.main.concurs.repository.ContestantDBRepository 20 <init> - Initializing ContestantDBRepository with properties: {jdbc.url=jdbc:sqlite:D:\Facultate\Faculta\An_2_sem_2\MPP_Java\Concurs_inot_Java\swimming_race.db}
28 Mar 2023 18:43:42,306 INFO  com.javafx.main.concurs.repository.ParticipationDBRepository 20 <init> - Initializing ParicipationDBRepository with properties: {jdbc.url=jdbc:sqlite:D:\Facultate\Faculta\An_2_sem_2\MPP_Java\Concurs_inot_Java\swimming_race.db}
28 Mar 2023 18:43:42,307 INFO  com.javafx.main.concurs.repository.SwimmingRaceDBRepository 21 <init> - Initializing SwimmingRaceDBRepository with properties: {jdbc.url=jdbc:sqlite:D:\Facultate\Faculta\An_2_sem_2\MPP_Java\Concurs_inot_Java\swimming_race.db}
28 Mar 2023 18:43:42,308 INFO  com.javafx.main.service.Service 28 <init> - Creating service with repositories com.javafx.main.concurs.repository.AdminDBRepository@8857718, com.javafx.main.concurs.repository.ContestantDBRepository@5ba65d49, com.javafx.main.concurs.repository.ParticipationDBRepository@569d547, com.javafx.main.concurs.repository.SwimmingRaceDBRepository@5c55e6d3
28 Mar 2023 18:43:52,611 TRACE com.javafx.main.concurs.repository.AdminDBRepository 27 getAccount - Enter getting account by email boss@email.com and password boss
28 Mar 2023 18:43:52,611 TRACE com.javafx.main.concurs.repository.JdbcUtils 47 getConnection - Enter
28 Mar 2023 18:43:52,612 TRACE com.javafx.main.concurs.repository.JdbcUtils 24 getNewConnection - Enter
28 Mar 2023 18:43:52,612 INFO  com.javafx.main.concurs.repository.JdbcUtils 29 getNewConnection - trying to connect to database ... jdbc:sqlite:D:\Facultate\Faculta\An_2_sem_2\MPP_Java\Concurs_inot_Java\swimming_race.db
28 Mar 2023 18:43:52,613 INFO  com.javafx.main.concurs.repository.JdbcUtils 30 getNewConnection - user: null
28 Mar 2023 18:43:52,613 INFO  com.javafx.main.concurs.repository.JdbcUtils 31 getNewConnection - pass: null
28 Mar 2023 18:43:52,782 TRACE com.javafx.main.concurs.repository.JdbcUtils 56 getConnection - Exit with(org.sqlite.jdbc4.JDBC4Connection@62bcf223)
28 Mar 2023 18:43:52,791 TRACE com.javafx.main.concurs.repository.AdminDBRepository 45 getAccount - Exit with(Admin{ID=1, email='boss@email.com', password='boss', officeID=1})
28 Mar 2023 18:43:53,046 TRACE com.javafx.main.concurs.repository.SwimmingRaceDBRepository 27 nrContestantEachRace - Enter
28 Mar 2023 18:43:53,046 TRACE com.javafx.main.concurs.repository.JdbcUtils 47 getConnection - Enter
28 Mar 2023 18:43:53,047 TRACE com.javafx.main.concurs.repository.JdbcUtils 24 getNewConnection - Enter
28 Mar 2023 18:43:53,047 INFO  com.javafx.main.concurs.repository.JdbcUtils 29 getNewConnection - trying to connect to database ... jdbc:sqlite:D:\Facultate\Faculta\An_2_sem_2\MPP_Java\Concurs_inot_Java\swimming_race.db
28 Mar 2023 18:43:53,047 INFO  com.javafx.main.concurs.repository.JdbcUtils 30 getNewConnection - user: null
28 Mar 2023 18:43:53,048 INFO  com.javafx.main.concurs.repository.JdbcUtils 31 getNewConnection - pass: null
28 Mar 2023 18:43:53,049 TRACE com.javafx.main.concurs.repository.JdbcUtils 56 getConnection - Exit with(org.sqlite.jdbc4.JDBC4Connection@490a4b8b)
28 Mar 2023 18:43:53,051 TRACE com.javafx.main.concurs.repository.SwimmingRaceDBRepository 50 nrContestantEachRace - Exit with([com.javafx.main.concurs.domain.RaceNrContestantsDTO@59a1f6f3, com.javafx.main.concurs.domain.RaceNrContestantsDTO@21fda58b, com.javafx.main.concurs.domain.RaceNrContestantsDTO@47a75331])
28 Mar 2023 18:44:25,780 INFO  com.javafx.main.concurs.repository.AdminDBRepository 21 <init> - Initializing AdminDBRepository with properties: {jdbc.url=jdbc:sqlite:D:\Facultate\Faculta\An_2_sem_2\MPP_Java\Concurs_inot_Java\swimming_race.db}
28 Mar 2023 18:44:25,784 INFO  com.javafx.main.concurs.repository.ContestantDBRepository 20 <init> - Initializing ContestantDBRepository with properties: {jdbc.url=jdbc:sqlite:D:\Facultate\Faculta\An_2_sem_2\MPP_Java\Concurs_inot_Java\swimming_race.db}
28 Mar 2023 18:44:25,785 INFO  com.javafx.main.concurs.repository.ParticipationDBRepository 20 <init> - Initializing ParicipationDBRepository with properties: {jdbc.url=jdbc:sqlite:D:\Facultate\Faculta\An_2_sem_2\MPP_Java\Concurs_inot_Java\swimming_race.db}
28 Mar 2023 18:44:25,787 INFO  com.javafx.main.concurs.repository.SwimmingRaceDBRepository 21 <init> - Initializing SwimmingRaceDBRepository with properties: {jdbc.url=jdbc:sqlite:D:\Facultate\Faculta\An_2_sem_2\MPP_Java\Concurs_inot_Java\swimming_race.db}
28 Mar 2023 18:44:25,788 INFO  com.javafx.main.service.Service 28 <init> - Creating service with repositories com.javafx.main.concurs.repository.AdminDBRepository@8857718, com.javafx.main.concurs.repository.ContestantDBRepository@5ba65d49, com.javafx.main.concurs.repository.ParticipationDBRepository@569d547, com.javafx.main.concurs.repository.SwimmingRaceDBRepository@5c55e6d3
28 Mar 2023 18:44:34,577 TRACE com.javafx.main.concurs.repository.AdminDBRepository 27 getAccount - Enter getting account by email boss@email.com and password boss
28 Mar 2023 18:44:34,578 TRACE com.javafx.main.concurs.repository.JdbcUtils 47 getConnection - Enter
28 Mar 2023 18:44:34,578 TRACE com.javafx.main.concurs.repository.JdbcUtils 24 getNewConnection - Enter
28 Mar 2023 18:44:34,578 INFO  com.javafx.main.concurs.repository.JdbcUtils 29 getNewConnection - trying to connect to database ... jdbc:sqlite:D:\Facultate\Faculta\An_2_sem_2\MPP_Java\Concurs_inot_Java\swimming_race.db
28 Mar 2023 18:44:34,578 INFO  com.javafx.main.concurs.repository.JdbcUtils 30 getNewConnection - user: null
28 Mar 2023 18:44:34,579 INFO  com.javafx.main.concurs.repository.JdbcUtils 31 getNewConnection - pass: null
28 Mar 2023 18:44:34,743 TRACE com.javafx.main.concurs.repository.JdbcUtils 56 getConnection - Exit with(org.sqlite.jdbc4.JDBC4Connection@62bcf223)
28 Mar 2023 18:44:34,752 TRACE com.javafx.main.concurs.repository.AdminDBRepository 45 getAccount - Exit with(Admin{ID=1, email='boss@email.com', password='boss', officeID=1})
28 Mar 2023 18:44:34,952 TRACE com.javafx.main.concurs.repository.SwimmingRaceDBRepository 27 nrContestantEachRace - Enter
28 Mar 2023 18:44:34,953 TRACE com.javafx.main.concurs.repository.JdbcUtils 47 getConnection - Enter
28 Mar 2023 18:44:34,953 TRACE com.javafx.main.concurs.repository.JdbcUtils 24 getNewConnection - Enter
28 Mar 2023 18:44:34,953 INFO  com.javafx.main.concurs.repository.JdbcUtils 29 getNewConnection - trying to connect to database ... jdbc:sqlite:D:\Facultate\Faculta\An_2_sem_2\MPP_Java\Concurs_inot_Java\swimming_race.db
28 Mar 2023 18:44:34,954 INFO  com.javafx.main.concurs.repository.JdbcUtils 30 getNewConnection - user: null
28 Mar 2023 18:44:34,954 INFO  com.javafx.main.concurs.repository.JdbcUtils 31 getNewConnection - pass: null
28 Mar 2023 18:44:34,955 TRACE com.javafx.main.concurs.repository.JdbcUtils 56 getConnection - Exit with(org.sqlite.jdbc4.JDBC4Connection@490a4b8b)
28 Mar 2023 18:44:34,959 TRACE com.javafx.main.concurs.repository.SwimmingRaceDBRepository 50 nrContestantEachRace - Exit with([com.javafx.main.concurs.domain.RaceNrContestantsDTO@59a1f6f3, com.javafx.main.concurs.domain.RaceNrContestantsDTO@21fda58b, com.javafx.main.concurs.domain.RaceNrContestantsDTO@47a75331])
28 Mar 2023 18:46:32,124 INFO  com.javafx.main.concurs.repository.AdminDBRepository 21 <init> - Initializing AdminDBRepository with properties: {jdbc.url=jdbc:sqlite:D:\Facultate\Faculta\An_2_sem_2\MPP_Java\Concurs_inot_Java\swimming_race.db}
28 Mar 2023 18:46:32,128 INFO  com.javafx.main.concurs.repository.ContestantDBRepository 20 <init> - Initializing ContestantDBRepository with properties: {jdbc.url=jdbc:sqlite:D:\Facultate\Faculta\An_2_sem_2\MPP_Java\Concurs_inot_Java\swimming_race.db}
28 Mar 2023 18:46:32,129 INFO  com.javafx.main.concurs.repository.ParticipationDBRepository 20 <init> - Initializing ParicipationDBRepository with properties: {jdbc.url=jdbc:sqlite:D:\Facultate\Faculta\An_2_sem_2\MPP_Java\Concurs_inot_Java\swimming_race.db}
28 Mar 2023 18:46:32,130 INFO  com.javafx.main.concurs.repository.SwimmingRaceDBRepository 21 <init> - Initializing SwimmingRaceDBRepository with properties: {jdbc.url=jdbc:sqlite:D:\Facultate\Faculta\An_2_sem_2\MPP_Java\Concurs_inot_Java\swimming_race.db}
28 Mar 2023 18:46:32,131 INFO  com.javafx.main.service.Service 28 <init> - Creating service with repositories com.javafx.main.concurs.repository.AdminDBRepository@8857718, com.javafx.main.concurs.repository.ContestantDBRepository@5ba65d49, com.javafx.main.concurs.repository.ParticipationDBRepository@569d547, com.javafx.main.concurs.repository.SwimmingRaceDBRepository@5c55e6d3
28 Mar 2023 18:46:40,472 TRACE com.javafx.main.concurs.repository.AdminDBRepository 27 getAccount - Enter getting account by email boss@email.com and password boss
28 Mar 2023 18:46:40,473 TRACE com.javafx.main.concurs.repository.JdbcUtils 47 getConnection - Enter
28 Mar 2023 18:46:40,473 TRACE com.javafx.main.concurs.repository.JdbcUtils 24 getNewConnection - Enter
28 Mar 2023 18:46:40,473 INFO  com.javafx.main.concurs.repository.JdbcUtils 29 getNewConnection - trying to connect to database ... jdbc:sqlite:D:\Facultate\Faculta\An_2_sem_2\MPP_Java\Concurs_inot_Java\swimming_race.db
28 Mar 2023 18:46:40,473 INFO  com.javafx.main.concurs.repository.JdbcUtils 30 getNewConnection - user: null
28 Mar 2023 18:46:40,474 INFO  com.javafx.main.concurs.repository.JdbcUtils 31 getNewConnection - pass: null
28 Mar 2023 18:46:40,656 TRACE com.javafx.main.concurs.repository.JdbcUtils 56 getConnection - Exit with(org.sqlite.jdbc4.JDBC4Connection@62bcf223)
28 Mar 2023 18:46:40,667 TRACE com.javafx.main.concurs.repository.AdminDBRepository 45 getAccount - Exit with(Admin{ID=1, email='boss@email.com', password='boss', officeID=1})
28 Mar 2023 18:46:40,881 TRACE com.javafx.main.concurs.repository.SwimmingRaceDBRepository 27 nrContestantEachRace - Enter
28 Mar 2023 18:46:40,881 TRACE com.javafx.main.concurs.repository.JdbcUtils 47 getConnection - Enter
28 Mar 2023 18:46:40,882 TRACE com.javafx.main.concurs.repository.JdbcUtils 24 getNewConnection - Enter
28 Mar 2023 18:46:40,882 INFO  com.javafx.main.concurs.repository.JdbcUtils 29 getNewConnection - trying to connect to database ... jdbc:sqlite:D:\Facultate\Faculta\An_2_sem_2\MPP_Java\Concurs_inot_Java\swimming_race.db
28 Mar 2023 18:46:40,882 INFO  com.javafx.main.concurs.repository.JdbcUtils 30 getNewConnection - user: null
28 Mar 2023 18:46:40,883 INFO  com.javafx.main.concurs.repository.JdbcUtils 31 getNewConnection - pass: null
28 Mar 2023 18:46:40,884 TRACE com.javafx.main.concurs.repository.JdbcUtils 56 getConnection - Exit with(org.sqlite.jdbc4.JDBC4Connection@490a4b8b)
28 Mar 2023 18:46:40,886 TRACE com.javafx.main.concurs.repository.SwimmingRaceDBRepository 50 nrContestantEachRace - Exit with([com.javafx.main.concurs.domain.RaceNrContestantsDTO@59a1f6f3, com.javafx.main.concurs.domain.RaceNrContestantsDTO@21fda58b, com.javafx.main.concurs.domain.RaceNrContestantsDTO@47a75331])
28 Mar 2023 19:08:40,479 INFO  com.javafx.main.concurs.repository.AdminDBRepository 21 <init> - Initializing AdminDBRepository with properties: {jdbc.url=jdbc:sqlite:D:\Facultate\Faculta\An_2_sem_2\MPP_Java\Concurs_inot_Java\swimming_race.db}
28 Mar 2023 19:08:40,484 INFO  com.javafx.main.concurs.repository.ContestantDBRepository 20 <init> - Initializing ContestantDBRepository with properties: {jdbc.url=jdbc:sqlite:D:\Facultate\Faculta\An_2_sem_2\MPP_Java\Concurs_inot_Java\swimming_race.db}
28 Mar 2023 19:08:40,485 INFO  com.javafx.main.concurs.repository.ParticipationDBRepository 20 <init> - Initializing ParicipationDBRepository with properties: {jdbc.url=jdbc:sqlite:D:\Facultate\Faculta\An_2_sem_2\MPP_Java\Concurs_inot_Java\swimming_race.db}
28 Mar 2023 19:08:40,486 INFO  com.javafx.main.concurs.repository.SwimmingRaceDBRepository 21 <init> - Initializing SwimmingRaceDBRepository with properties: {jdbc.url=jdbc:sqlite:D:\Facultate\Faculta\An_2_sem_2\MPP_Java\Concurs_inot_Java\swimming_race.db}
28 Mar 2023 19:08:40,487 INFO  com.javafx.main.service.Service 27 <init> - Creating service with repositories com.javafx.main.concurs.repository.AdminDBRepository@8857718, com.javafx.main.concurs.repository.ContestantDBRepository@5ba65d49, com.javafx.main.concurs.repository.ParticipationDBRepository@569d547, com.javafx.main.concurs.repository.SwimmingRaceDBRepository@5c55e6d3
28 Mar 2023 19:08:50,685 TRACE com.javafx.main.concurs.repository.AdminDBRepository 27 getAccount - Enter getting account by email boss@email.com and password boss
28 Mar 2023 19:08:50,685 TRACE com.javafx.main.concurs.repository.JdbcUtils 47 getConnection - Enter
28 Mar 2023 19:08:50,685 TRACE com.javafx.main.concurs.repository.JdbcUtils 24 getNewConnection - Enter
28 Mar 2023 19:08:50,685 INFO  com.javafx.main.concurs.repository.JdbcUtils 29 getNewConnection - trying to connect to database ... jdbc:sqlite:D:\Facultate\Faculta\An_2_sem_2\MPP_Java\Concurs_inot_Java\swimming_race.db
28 Mar 2023 19:08:50,686 INFO  com.javafx.main.concurs.repository.JdbcUtils 30 getNewConnection - user: null
28 Mar 2023 19:08:50,687 INFO  com.javafx.main.concurs.repository.JdbcUtils 31 getNewConnection - pass: null
28 Mar 2023 19:08:50,846 TRACE com.javafx.main.concurs.repository.JdbcUtils 56 getConnection - Exit with(org.sqlite.jdbc4.JDBC4Connection@62bcf223)
28 Mar 2023 19:08:50,855 TRACE com.javafx.main.concurs.repository.AdminDBRepository 45 getAccount - Exit with(Admin{ID=1, email='boss@email.com', password='boss', officeID=1})
28 Mar 2023 19:08:51,053 TRACE com.javafx.main.concurs.repository.SwimmingRaceDBRepository 27 nrContestantEachRace - Enter
28 Mar 2023 19:08:51,053 TRACE com.javafx.main.concurs.repository.JdbcUtils 47 getConnection - Enter
28 Mar 2023 19:08:51,053 TRACE com.javafx.main.concurs.repository.JdbcUtils 24 getNewConnection - Enter
28 Mar 2023 19:08:51,054 INFO  com.javafx.main.concurs.repository.JdbcUtils 29 getNewConnection - trying to connect to database ... jdbc:sqlite:D:\Facultate\Faculta\An_2_sem_2\MPP_Java\Concurs_inot_Java\swimming_race.db
28 Mar 2023 19:08:51,054 INFO  com.javafx.main.concurs.repository.JdbcUtils 30 getNewConnection - user: null
28 Mar 2023 19:08:51,054 INFO  com.javafx.main.concurs.repository.JdbcUtils 31 getNewConnection - pass: null
28 Mar 2023 19:08:51,055 TRACE com.javafx.main.concurs.repository.JdbcUtils 56 getConnection - Exit with(org.sqlite.jdbc4.JDBC4Connection@6eaeca04)
28 Mar 2023 19:08:51,058 TRACE com.javafx.main.concurs.repository.SwimmingRaceDBRepository 50 nrContestantEachRace - Exit with([com.javafx.main.concurs.domain.RaceNrContestantsDTO@ec946de, com.javafx.main.concurs.domain.RaceNrContestantsDTO@16c55dd4, com.javafx.main.concurs.domain.RaceNrContestantsDTO@2b700233])
28 Mar 2023 19:09:05,975 TRACE com.javafx.main.concurs.repository.SwimmingRaceDBRepository 87 findByDistanceAndStyle - Enter finding by distance 50m and style liber
28 Mar 2023 19:09:05,975 TRACE com.javafx.main.concurs.repository.JdbcUtils 47 getConnection - Enter
28 Mar 2023 19:09:05,975 TRACE com.javafx.main.concurs.repository.JdbcUtils 56 getConnection - Exit with(org.sqlite.jdbc4.JDBC4Connection@6eaeca04)
28 Mar 2023 19:09:05,980 TRACE com.javafx.main.concurs.repository.SwimmingRaceDBRepository 105 findByDistanceAndStyle - Exit with(SwimmingRace{ID=1, distance='50m', style='liber'})
28 Mar 2023 19:09:05,986 TRACE com.javafx.main.concurs.repository.ContestantDBRepository 58 add - Enter saving task Contestant{ID=1391, name='Robert', age=20}
28 Mar 2023 19:09:05,986 TRACE com.javafx.main.concurs.repository.JdbcUtils 47 getConnection - Enter
28 Mar 2023 19:09:05,986 TRACE com.javafx.main.concurs.repository.JdbcUtils 24 getNewConnection - Enter
28 Mar 2023 19:09:05,987 INFO  com.javafx.main.concurs.repository.JdbcUtils 29 getNewConnection - trying to connect to database ... jdbc:sqlite:D:\Facultate\Faculta\An_2_sem_2\MPP_Java\Concurs_inot_Java\swimming_race.db
28 Mar 2023 19:09:05,987 INFO  com.javafx.main.concurs.repository.JdbcUtils 30 getNewConnection - user: null
28 Mar 2023 19:09:05,987 INFO  com.javafx.main.concurs.repository.JdbcUtils 31 getNewConnection - pass: null
28 Mar 2023 19:09:05,988 TRACE com.javafx.main.concurs.repository.JdbcUtils 56 getConnection - Exit with(org.sqlite.jdbc4.JDBC4Connection@3d17da54)
28 Mar 2023 19:09:06,186 TRACE com.javafx.main.concurs.repository.ContestantDBRepository 66 add - Saved 1 instances
28 Mar 2023 19:09:06,186 TRACE com.javafx.main.concurs.repository.ContestantDBRepository 71 add - Exit
28 Mar 2023 19:09:06,188 TRACE com.javafx.main.concurs.repository.ParticipationDBRepository 26 add - Enter saving task TakesPart{ID=null, contestant=Contestant{ID=1391, name='Robert', age=20}, race=SwimmingRace{ID=1, distance='50m', style='liber'}}
28 Mar 2023 19:09:06,188 TRACE com.javafx.main.concurs.repository.JdbcUtils 47 getConnection - Enter
28 Mar 2023 19:09:06,188 TRACE com.javafx.main.concurs.repository.JdbcUtils 24 getNewConnection - Enter
28 Mar 2023 19:09:06,188 INFO  com.javafx.main.concurs.repository.JdbcUtils 29 getNewConnection - trying to connect to database ... jdbc:sqlite:D:\Facultate\Faculta\An_2_sem_2\MPP_Java\Concurs_inot_Java\swimming_race.db
28 Mar 2023 19:09:06,188 INFO  com.javafx.main.concurs.repository.JdbcUtils 30 getNewConnection - user: null
28 Mar 2023 19:09:06,188 INFO  com.javafx.main.concurs.repository.JdbcUtils 31 getNewConnection - pass: null
28 Mar 2023 19:09:06,190 TRACE com.javafx.main.concurs.repository.JdbcUtils 56 getConnection - Exit with(org.sqlite.jdbc4.JDBC4Connection@266a87e6)
28 Mar 2023 19:09:06,301 TRACE com.javafx.main.concurs.repository.ParticipationDBRepository 33 add - Saved 1 instances
28 Mar 2023 19:09:06,302 TRACE com.javafx.main.concurs.repository.ParticipationDBRepository 38 add - Exit
28 Mar 2023 19:09:14,713 TRACE com.javafx.main.concurs.repository.AdminDBRepository 27 getAccount - Enter getting account by email boss@email.com and password boss
28 Mar 2023 19:09:14,714 TRACE com.javafx.main.concurs.repository.JdbcUtils 47 getConnection - Enter
28 Mar 2023 19:09:14,714 TRACE com.javafx.main.concurs.repository.JdbcUtils 56 getConnection - Exit with(org.sqlite.jdbc4.JDBC4Connection@62bcf223)
28 Mar 2023 19:09:14,714 TRACE com.javafx.main.concurs.repository.AdminDBRepository 45 getAccount - Exit with(Admin{ID=1, email='boss@email.com', password='boss', officeID=1})
28 Mar 2023 19:09:14,781 TRACE com.javafx.main.concurs.repository.SwimmingRaceDBRepository 27 nrContestantEachRace - Enter
28 Mar 2023 19:09:14,781 TRACE com.javafx.main.concurs.repository.JdbcUtils 47 getConnection - Enter
28 Mar 2023 19:09:14,782 TRACE com.javafx.main.concurs.repository.JdbcUtils 56 getConnection - Exit with(org.sqlite.jdbc4.JDBC4Connection@6eaeca04)
28 Mar 2023 19:09:14,783 TRACE com.javafx.main.concurs.repository.SwimmingRaceDBRepository 50 nrContestantEachRace - Exit with([com.javafx.main.concurs.domain.RaceNrContestantsDTO@7db646c5, com.javafx.main.concurs.domain.RaceNrContestantsDTO@4ee3aaa8, com.javafx.main.concurs.domain.RaceNrContestantsDTO@2dcb4179])
28 Mar 2023 19:09:24,382 TRACE com.javafx.main.concurs.repository.ContestantDBRepository 26 getByRace - Enter finding by race with distance 50m and style liber
28 Mar 2023 19:09:24,383 TRACE com.javafx.main.concurs.repository.JdbcUtils 47 getConnection - Enter
28 Mar 2023 19:09:24,383 TRACE com.javafx.main.concurs.repository.JdbcUtils 56 getConnection - Exit with(org.sqlite.jdbc4.JDBC4Connection@3d17da54)
28 Mar 2023 19:09:24,384 TRACE com.javafx.main.concurs.repository.ContestantDBRepository 52 getByRace - Exit with([Contestant{ID=1, name='Flaviu', age=20}, Contestant{ID=3, name='Radu', age=21}, Contestant{ID=1391, name='Robert', age=20}])
28 Mar 2023 19:09:24,384 TRACE com.javafx.main.concurs.repository.SwimmingRaceDBRepository 56 getByContestant - Enter finding which race does contestant 1 takes part in
28 Mar 2023 19:09:24,384 TRACE com.javafx.main.concurs.repository.JdbcUtils 47 getConnection - Enter
28 Mar 2023 19:09:24,384 TRACE com.javafx.main.concurs.repository.JdbcUtils 56 getConnection - Exit with(org.sqlite.jdbc4.JDBC4Connection@6eaeca04)
28 Mar 2023 19:09:24,385 TRACE com.javafx.main.concurs.repository.SwimmingRaceDBRepository 81 getByContestant - Exit with([SwimmingRace{ID=1, distance='50m', style='liber'}, SwimmingRace{ID=2, distance='200m', style='spate'}])
28 Mar 2023 19:09:24,387 TRACE com.javafx.main.concurs.repository.SwimmingRaceDBRepository 56 getByContestant - Enter finding which race does contestant 3 takes part in
28 Mar 2023 19:09:24,387 TRACE com.javafx.main.concurs.repository.JdbcUtils 47 getConnection - Enter
28 Mar 2023 19:09:24,388 TRACE com.javafx.main.concurs.repository.JdbcUtils 56 getConnection - Exit with(org.sqlite.jdbc4.JDBC4Connection@6eaeca04)
28 Mar 2023 19:09:24,388 TRACE com.javafx.main.concurs.repository.SwimmingRaceDBRepository 81 getByContestant - Exit with([SwimmingRace{ID=1, distance='50m', style='liber'}])
28 Mar 2023 19:09:24,388 TRACE com.javafx.main.concurs.repository.SwimmingRaceDBRepository 56 getByContestant - Enter finding which race does contestant 1391 takes part in
28 Mar 2023 19:09:24,389 TRACE com.javafx.main.concurs.repository.JdbcUtils 47 getConnection - Enter
28 Mar 2023 19:09:24,389 TRACE com.javafx.main.concurs.repository.JdbcUtils 56 getConnection - Exit with(org.sqlite.jdbc4.JDBC4Connection@6eaeca04)
28 Mar 2023 19:09:24,389 TRACE com.javafx.main.concurs.repository.SwimmingRaceDBRepository 81 getByContestant - Exit with([SwimmingRace{ID=1, distance='50m', style='liber'}])
28 Mar 2023 19:09:42,857 TRACE com.javafx.main.concurs.repository.SwimmingRaceDBRepository 87 findByDistanceAndStyle - Enter finding by distance 200m and style spate
28 Mar 2023 19:09:42,857 TRACE com.javafx.main.concurs.repository.JdbcUtils 47 getConnection - Enter
28 Mar 2023 19:09:42,858 TRACE com.javafx.main.concurs.repository.JdbcUtils 56 getConnection - Exit with(org.sqlite.jdbc4.JDBC4Connection@6eaeca04)
28 Mar 2023 19:09:42,858 TRACE com.javafx.main.concurs.repository.SwimmingRaceDBRepository 105 findByDistanceAndStyle - Exit with(SwimmingRace{ID=2, distance='200m', style='spate'})
28 Mar 2023 19:09:42,858 TRACE com.javafx.main.concurs.repository.SwimmingRaceDBRepository 87 findByDistanceAndStyle - Enter finding by distance 800m and style fluture
28 Mar 2023 19:09:42,858 TRACE com.javafx.main.concurs.repository.JdbcUtils 47 getConnection - Enter
28 Mar 2023 19:09:42,859 TRACE com.javafx.main.concurs.repository.JdbcUtils 56 getConnection - Exit with(org.sqlite.jdbc4.JDBC4Connection@6eaeca04)
28 Mar 2023 19:09:42,859 TRACE com.javafx.main.concurs.repository.SwimmingRaceDBRepository 105 findByDistanceAndStyle - Exit with(SwimmingRace{ID=3, distance='800m', style='fluture'})
28 Mar 2023 19:09:42,859 TRACE com.javafx.main.concurs.repository.ContestantDBRepository 58 add - Enter saving task Contestant{ID=6426, name='Popix', age=23}
28 Mar 2023 19:09:42,859 TRACE com.javafx.main.concurs.repository.JdbcUtils 47 getConnection - Enter
28 Mar 2023 19:09:42,860 TRACE com.javafx.main.concurs.repository.JdbcUtils 56 getConnection - Exit with(org.sqlite.jdbc4.JDBC4Connection@3d17da54)
28 Mar 2023 19:09:43,003 TRACE com.javafx.main.concurs.repository.ContestantDBRepository 66 add - Saved 1 instances
28 Mar 2023 19:09:43,004 TRACE com.javafx.main.concurs.repository.ContestantDBRepository 71 add - Exit
28 Mar 2023 19:09:43,004 TRACE com.javafx.main.concurs.repository.ParticipationDBRepository 26 add - Enter saving task TakesPart{ID=null, contestant=Contestant{ID=6426, name='Popix', age=23}, race=SwimmingRace{ID=2, distance='200m', style='spate'}}
28 Mar 2023 19:09:43,005 TRACE com.javafx.main.concurs.repository.JdbcUtils 47 getConnection - Enter
28 Mar 2023 19:09:43,005 TRACE com.javafx.main.concurs.repository.JdbcUtils 56 getConnection - Exit with(org.sqlite.jdbc4.JDBC4Connection@266a87e6)
28 Mar 2023 19:09:43,112 TRACE com.javafx.main.concurs.repository.ParticipationDBRepository 33 add - Saved 1 instances
28 Mar 2023 19:09:43,113 TRACE com.javafx.main.concurs.repository.ParticipationDBRepository 38 add - Exit
28 Mar 2023 19:09:43,113 TRACE com.javafx.main.concurs.repository.ParticipationDBRepository 26 add - Enter saving task TakesPart{ID=null, contestant=Contestant{ID=6426, name='Popix', age=23}, race=SwimmingRace{ID=3, distance='800m', style='fluture'}}
28 Mar 2023 19:09:43,113 TRACE com.javafx.main.concurs.repository.JdbcUtils 47 getConnection - Enter
28 Mar 2023 19:09:43,113 TRACE com.javafx.main.concurs.repository.JdbcUtils 56 getConnection - Exit with(org.sqlite.jdbc4.JDBC4Connection@266a87e6)
28 Mar 2023 19:09:43,220 TRACE com.javafx.main.concurs.repository.ParticipationDBRepository 33 add - Saved 1 instances
28 Mar 2023 19:09:43,221 TRACE com.javafx.main.concurs.repository.ParticipationDBRepository 38 add - Exit
28 Mar 2023 19:10:01,925 TRACE com.javafx.main.concurs.repository.ContestantDBRepository 26 getByRace - Enter finding by race with distance 200m and style spate
28 Mar 2023 19:10:01,925 TRACE com.javafx.main.concurs.repository.JdbcUtils 47 getConnection - Enter
28 Mar 2023 19:10:01,925 TRACE com.javafx.main.concurs.repository.JdbcUtils 56 getConnection - Exit with(org.sqlite.jdbc4.JDBC4Connection@3d17da54)
28 Mar 2023 19:10:01,925 TRACE com.javafx.main.concurs.repository.ContestantDBRepository 52 getByRace - Exit with([Contestant{ID=1, name='Flaviu', age=20}, Contestant{ID=2, name='Ilinca', age=19}, Contestant{ID=4, name='Vlad', age=20}, Contestant{ID=6426, name='Popix', age=23}])
28 Mar 2023 19:10:01,926 TRACE com.javafx.main.concurs.repository.SwimmingRaceDBRepository 56 getByContestant - Enter finding which race does contestant 1 takes part in
28 Mar 2023 19:10:01,926 TRACE com.javafx.main.concurs.repository.JdbcUtils 47 getConnection - Enter
28 Mar 2023 19:10:01,926 TRACE com.javafx.main.concurs.repository.JdbcUtils 56 getConnection - Exit with(org.sqlite.jdbc4.JDBC4Connection@6eaeca04)
28 Mar 2023 19:10:01,926 TRACE com.javafx.main.concurs.repository.SwimmingRaceDBRepository 81 getByContestant - Exit with([SwimmingRace{ID=1, distance='50m', style='liber'}, SwimmingRace{ID=2, distance='200m', style='spate'}])
28 Mar 2023 19:10:01,927 TRACE com.javafx.main.concurs.repository.SwimmingRaceDBRepository 56 getByContestant - Enter finding which race does contestant 2 takes part in
28 Mar 2023 19:10:01,927 TRACE com.javafx.main.concurs.repository.JdbcUtils 47 getConnection - Enter
28 Mar 2023 19:10:01,927 TRACE com.javafx.main.concurs.repository.JdbcUtils 56 getConnection - Exit with(org.sqlite.jdbc4.JDBC4Connection@6eaeca04)
28 Mar 2023 19:10:01,927 TRACE com.javafx.main.concurs.repository.SwimmingRaceDBRepository 81 getByContestant - Exit with([SwimmingRace{ID=2, distance='200m', style='spate'}])
28 Mar 2023 19:10:01,927 TRACE com.javafx.main.concurs.repository.SwimmingRaceDBRepository 56 getByContestant - Enter finding which race does contestant 4 takes part in
28 Mar 2023 19:10:01,927 TRACE com.javafx.main.concurs.repository.JdbcUtils 47 getConnection - Enter
28 Mar 2023 19:10:01,928 TRACE com.javafx.main.concurs.repository.JdbcUtils 56 getConnection - Exit with(org.sqlite.jdbc4.JDBC4Connection@6eaeca04)
28 Mar 2023 19:10:01,928 TRACE com.javafx.main.concurs.repository.SwimmingRaceDBRepository 81 getByContestant - Exit with([SwimmingRace{ID=2, distance='200m', style='spate'}, SwimmingRace{ID=3, distance='800m', style='fluture'}])
28 Mar 2023 19:10:01,928 TRACE com.javafx.main.concurs.repository.SwimmingRaceDBRepository 56 getByContestant - Enter finding which race does contestant 6426 takes part in
28 Mar 2023 19:10:01,928 TRACE com.javafx.main.concurs.repository.JdbcUtils 47 getConnection - Enter
28 Mar 2023 19:10:01,928 TRACE com.javafx.main.concurs.repository.JdbcUtils 56 getConnection - Exit with(org.sqlite.jdbc4.JDBC4Connection@6eaeca04)
28 Mar 2023 19:10:01,929 TRACE com.javafx.main.concurs.repository.SwimmingRaceDBRepository 81 getByContestant - Exit with([SwimmingRace{ID=2, distance='200m', style='spate'}, SwimmingRace{ID=3, distance='800m', style='fluture'}])
28 Mar 2023 19:11:15,671 INFO  com.javafx.main.concurs.repository.AdminDBRepository 21 <init> - Initializing AdminDBRepository with properties: {jdbc.url=jdbc:sqlite:D:\Facultate\Faculta\An_2_sem_2\MPP_Java\Concurs_inot_Java\swimming_race.db}
28 Mar 2023 19:11:15,676 INFO  com.javafx.main.concurs.repository.ContestantDBRepository 20 <init> - Initializing ContestantDBRepository with properties: {jdbc.url=jdbc:sqlite:D:\Facultate\Faculta\An_2_sem_2\MPP_Java\Concurs_inot_Java\swimming_race.db}
28 Mar 2023 19:11:15,677 INFO  com.javafx.main.concurs.repository.ParticipationDBRepository 20 <init> - Initializing ParicipationDBRepository with properties: {jdbc.url=jdbc:sqlite:D:\Facultate\Faculta\An_2_sem_2\MPP_Java\Concurs_inot_Java\swimming_race.db}
28 Mar 2023 19:11:15,678 INFO  com.javafx.main.concurs.repository.SwimmingRaceDBRepository 21 <init> - Initializing SwimmingRaceDBRepository with properties: {jdbc.url=jdbc:sqlite:D:\Facultate\Faculta\An_2_sem_2\MPP_Java\Concurs_inot_Java\swimming_race.db}
28 Mar 2023 19:11:15,679 INFO  com.javafx.main.service.Service 27 <init> - Creating service with repositories com.javafx.main.concurs.repository.AdminDBRepository@8857718, com.javafx.main.concurs.repository.ContestantDBRepository@5ba65d49, com.javafx.main.concurs.repository.ParticipationDBRepository@569d547, com.javafx.main.concurs.repository.SwimmingRaceDBRepository@5c55e6d3
28 Mar 2023 19:11:22,401 INFO  com.javafx.main.concurs.repository.AdminDBRepository 21 <init> - Initializing AdminDBRepository with properties: {jdbc.url=jdbc:sqlite:D:\Facultate\Faculta\An_2_sem_2\MPP_Java\Concurs_inot_Java\swimming_race.db}
28 Mar 2023 19:11:22,407 INFO  com.javafx.main.concurs.repository.ContestantDBRepository 20 <init> - Initializing ContestantDBRepository with properties: {jdbc.url=jdbc:sqlite:D:\Facultate\Faculta\An_2_sem_2\MPP_Java\Concurs_inot_Java\swimming_race.db}
28 Mar 2023 19:11:22,409 INFO  com.javafx.main.concurs.repository.ParticipationDBRepository 20 <init> - Initializing ParicipationDBRepository with properties: {jdbc.url=jdbc:sqlite:D:\Facultate\Faculta\An_2_sem_2\MPP_Java\Concurs_inot_Java\swimming_race.db}
28 Mar 2023 19:11:22,411 INFO  com.javafx.main.concurs.repository.SwimmingRaceDBRepository 21 <init> - Initializing SwimmingRaceDBRepository with properties: {jdbc.url=jdbc:sqlite:D:\Facultate\Faculta\An_2_sem_2\MPP_Java\Concurs_inot_Java\swimming_race.db}
28 Mar 2023 19:11:22,412 INFO  com.javafx.main.service.Service 27 <init> - Creating service with repositories com.javafx.main.concurs.repository.AdminDBRepository@8857718, com.javafx.main.concurs.repository.ContestantDBRepository@5ba65d49, com.javafx.main.concurs.repository.ParticipationDBRepository@569d547, com.javafx.main.concurs.repository.SwimmingRaceDBRepository@5c55e6d3
28 Mar 2023 19:11:30,956 TRACE com.javafx.main.concurs.repository.AdminDBRepository 27 getAccount - Enter getting account by email boss@email.com and password boss
28 Mar 2023 19:11:30,956 TRACE com.javafx.main.concurs.repository.JdbcUtils 47 getConnection - Enter
28 Mar 2023 19:11:30,957 TRACE com.javafx.main.concurs.repository.JdbcUtils 24 getNewConnection - Enter
28 Mar 2023 19:11:30,957 INFO  com.javafx.main.concurs.repository.JdbcUtils 29 getNewConnection - trying to connect to database ... jdbc:sqlite:D:\Facultate\Faculta\An_2_sem_2\MPP_Java\Concurs_inot_Java\swimming_race.db
28 Mar 2023 19:11:30,958 INFO  com.javafx.main.concurs.repository.JdbcUtils 30 getNewConnection - user: null
28 Mar 2023 19:11:30,958 INFO  com.javafx.main.concurs.repository.JdbcUtils 31 getNewConnection - pass: null
28 Mar 2023 19:11:31,119 TRACE com.javafx.main.concurs.repository.JdbcUtils 56 getConnection - Exit with(org.sqlite.jdbc4.JDBC4Connection@62bcf223)
28 Mar 2023 19:11:31,129 TRACE com.javafx.main.concurs.repository.AdminDBRepository 45 getAccount - Exit with(Admin{ID=1, email='boss@email.com', password='boss', officeID=1})
28 Mar 2023 19:11:31,323 TRACE com.javafx.main.concurs.repository.SwimmingRaceDBRepository 27 nrContestantEachRace - Enter
28 Mar 2023 19:11:31,323 TRACE com.javafx.main.concurs.repository.JdbcUtils 47 getConnection - Enter
28 Mar 2023 19:11:31,324 TRACE com.javafx.main.concurs.repository.JdbcUtils 24 getNewConnection - Enter
28 Mar 2023 19:11:31,324 INFO  com.javafx.main.concurs.repository.JdbcUtils 29 getNewConnection - trying to connect to database ... jdbc:sqlite:D:\Facultate\Faculta\An_2_sem_2\MPP_Java\Concurs_inot_Java\swimming_race.db
28 Mar 2023 19:11:31,325 INFO  com.javafx.main.concurs.repository.JdbcUtils 30 getNewConnection - user: null
28 Mar 2023 19:11:31,326 INFO  com.javafx.main.concurs.repository.JdbcUtils 31 getNewConnection - pass: null
28 Mar 2023 19:11:31,328 TRACE com.javafx.main.concurs.repository.JdbcUtils 56 getConnection - Exit with(org.sqlite.jdbc4.JDBC4Connection@6eaeca04)
28 Mar 2023 19:11:31,330 TRACE com.javafx.main.concurs.repository.SwimmingRaceDBRepository 50 nrContestantEachRace - Exit with([com.javafx.main.concurs.domain.RaceNrContestantsDTO@ec946de, com.javafx.main.concurs.domain.RaceNrContestantsDTO@16c55dd4, com.javafx.main.concurs.domain.RaceNrContestantsDTO@2b700233])
28 Mar 2023 19:11:51,065 TRACE com.javafx.main.concurs.repository.SwimmingRaceDBRepository 87 findByDistanceAndStyle - Enter finding by distance 200m and style spate
28 Mar 2023 19:11:51,066 TRACE com.javafx.main.concurs.repository.JdbcUtils 47 getConnection - Enter
28 Mar 2023 19:11:51,066 TRACE com.javafx.main.concurs.repository.JdbcUtils 56 getConnection - Exit with(org.sqlite.jdbc4.JDBC4Connection@6eaeca04)
28 Mar 2023 19:11:51,067 TRACE com.javafx.main.concurs.repository.SwimmingRaceDBRepository 105 findByDistanceAndStyle - Exit with(SwimmingRace{ID=2, distance='200m', style='spate'})
28 Mar 2023 19:11:51,072 TRACE com.javafx.main.concurs.repository.ContestantDBRepository 58 add - Enter saving task Contestant{ID=42516, name='Nan', age=18}
28 Mar 2023 19:11:51,072 TRACE com.javafx.main.concurs.repository.JdbcUtils 47 getConnection - Enter
28 Mar 2023 19:11:51,072 TRACE com.javafx.main.concurs.repository.JdbcUtils 24 getNewConnection - Enter
28 Mar 2023 19:11:51,072 INFO  com.javafx.main.concurs.repository.JdbcUtils 29 getNewConnection - trying to connect to database ... jdbc:sqlite:D:\Facultate\Faculta\An_2_sem_2\MPP_Java\Concurs_inot_Java\swimming_race.db
28 Mar 2023 19:11:51,073 INFO  com.javafx.main.concurs.repository.JdbcUtils 30 getNewConnection - user: null
28 Mar 2023 19:11:51,073 INFO  com.javafx.main.concurs.repository.JdbcUtils 31 getNewConnection - pass: null
28 Mar 2023 19:11:51,074 TRACE com.javafx.main.concurs.repository.JdbcUtils 56 getConnection - Exit with(org.sqlite.jdbc4.JDBC4Connection@663f5d68)
28 Mar 2023 19:11:51,230 TRACE com.javafx.main.concurs.repository.ContestantDBRepository 66 add - Saved 1 instances
28 Mar 2023 19:11:51,230 TRACE com.javafx.main.concurs.repository.ContestantDBRepository 71 add - Exit
28 Mar 2023 19:11:51,231 TRACE com.javafx.main.concurs.repository.ParticipationDBRepository 26 add - Enter saving task TakesPart{ID=null, contestant=Contestant{ID=42516, name='Nan', age=18}, race=SwimmingRace{ID=2, distance='200m', style='spate'}}
28 Mar 2023 19:11:51,232 TRACE com.javafx.main.concurs.repository.JdbcUtils 47 getConnection - Enter
28 Mar 2023 19:11:51,232 TRACE com.javafx.main.concurs.repository.JdbcUtils 24 getNewConnection - Enter
28 Mar 2023 19:11:51,232 INFO  com.javafx.main.concurs.repository.JdbcUtils 29 getNewConnection - trying to connect to database ... jdbc:sqlite:D:\Facultate\Faculta\An_2_sem_2\MPP_Java\Concurs_inot_Java\swimming_race.db
28 Mar 2023 19:11:51,232 INFO  com.javafx.main.concurs.repository.JdbcUtils 30 getNewConnection - user: null
28 Mar 2023 19:11:51,232 INFO  com.javafx.main.concurs.repository.JdbcUtils 31 getNewConnection - pass: null
28 Mar 2023 19:11:51,233 TRACE com.javafx.main.concurs.repository.JdbcUtils 56 getConnection - Exit with(org.sqlite.jdbc4.JDBC4Connection@6067e617)
28 Mar 2023 19:11:51,355 TRACE com.javafx.main.concurs.repository.ParticipationDBRepository 33 add - Saved 1 instances
28 Mar 2023 19:11:51,355 TRACE com.javafx.main.concurs.repository.ParticipationDBRepository 38 add - Exit
28 Mar 2023 19:11:51,355 TRACE com.javafx.main.concurs.repository.SwimmingRaceDBRepository 27 nrContestantEachRace - Enter
28 Mar 2023 19:11:51,356 TRACE com.javafx.main.concurs.repository.JdbcUtils 47 getConnection - Enter
28 Mar 2023 19:11:51,356 TRACE com.javafx.main.concurs.repository.JdbcUtils 56 getConnection - Exit with(org.sqlite.jdbc4.JDBC4Connection@6eaeca04)
28 Mar 2023 19:11:51,357 TRACE com.javafx.main.concurs.repository.SwimmingRaceDBRepository 50 nrContestantEachRace - Exit with([com.javafx.main.concurs.domain.RaceNrContestantsDTO@2b7f455a, com.javafx.main.concurs.domain.RaceNrContestantsDTO@6dfb116f, com.javafx.main.concurs.domain.RaceNrContestantsDTO@68d62c2f])
28 Mar 2023 19:15:16,816 INFO  com.javafx.main.concurs.repository.AdminDBRepository 21 <init> - Initializing AdminDBRepository with properties: {jdbc.url=jdbc:sqlite:D:\Facultate\Faculta\An_2_sem_2\MPP_Java\Concurs_inot_Java\swimming_race.db}
28 Mar 2023 19:15:16,821 INFO  com.javafx.main.concurs.repository.ContestantDBRepository 20 <init> - Initializing ContestantDBRepository with properties: {jdbc.url=jdbc:sqlite:D:\Facultate\Faculta\An_2_sem_2\MPP_Java\Concurs_inot_Java\swimming_race.db}
28 Mar 2023 19:15:16,822 INFO  com.javafx.main.concurs.repository.ParticipationDBRepository 20 <init> - Initializing ParicipationDBRepository with properties: {jdbc.url=jdbc:sqlite:D:\Facultate\Faculta\An_2_sem_2\MPP_Java\Concurs_inot_Java\swimming_race.db}
28 Mar 2023 19:15:16,823 INFO  com.javafx.main.concurs.repository.SwimmingRaceDBRepository 21 <init> - Initializing SwimmingRaceDBRepository with properties: {jdbc.url=jdbc:sqlite:D:\Facultate\Faculta\An_2_sem_2\MPP_Java\Concurs_inot_Java\swimming_race.db}
28 Mar 2023 19:15:16,824 INFO  com.javafx.main.service.Service 27 <init> - Creating service with repositories com.javafx.main.concurs.repository.AdminDBRepository@8857718, com.javafx.main.concurs.repository.ContestantDBRepository@5ba65d49, com.javafx.main.concurs.repository.ParticipationDBRepository@569d547, com.javafx.main.concurs.repository.SwimmingRaceDBRepository@5c55e6d3
28 Mar 2023 19:15:25,653 TRACE com.javafx.main.concurs.repository.AdminDBRepository 27 getAccount - Enter getting account by email boss@email.com and password boss
28 Mar 2023 19:15:25,653 TRACE com.javafx.main.concurs.repository.JdbcUtils 47 getConnection - Enter
28 Mar 2023 19:15:25,653 TRACE com.javafx.main.concurs.repository.JdbcUtils 24 getNewConnection - Enter
28 Mar 2023 19:15:25,654 INFO  com.javafx.main.concurs.repository.JdbcUtils 29 getNewConnection - trying to connect to database ... jdbc:sqlite:D:\Facultate\Faculta\An_2_sem_2\MPP_Java\Concurs_inot_Java\swimming_race.db
28 Mar 2023 19:15:25,655 INFO  com.javafx.main.concurs.repository.JdbcUtils 30 getNewConnection - user: null
28 Mar 2023 19:15:25,655 INFO  com.javafx.main.concurs.repository.JdbcUtils 31 getNewConnection - pass: null
28 Mar 2023 19:15:25,813 TRACE com.javafx.main.concurs.repository.JdbcUtils 56 getConnection - Exit with(org.sqlite.jdbc4.JDBC4Connection@35ebae02)
28 Mar 2023 19:15:25,822 TRACE com.javafx.main.concurs.repository.AdminDBRepository 45 getAccount - Exit with(Admin{ID=1, email='boss@email.com', password='boss', officeID=1})
28 Mar 2023 19:15:26,020 TRACE com.javafx.main.concurs.repository.SwimmingRaceDBRepository 27 nrContestantEachRace - Enter
28 Mar 2023 19:15:26,021 TRACE com.javafx.main.concurs.repository.JdbcUtils 47 getConnection - Enter
28 Mar 2023 19:15:26,021 TRACE com.javafx.main.concurs.repository.JdbcUtils 24 getNewConnection - Enter
28 Mar 2023 19:15:26,022 INFO  com.javafx.main.concurs.repository.JdbcUtils 29 getNewConnection - trying to connect to database ... jdbc:sqlite:D:\Facultate\Faculta\An_2_sem_2\MPP_Java\Concurs_inot_Java\swimming_race.db
28 Mar 2023 19:15:26,022 INFO  com.javafx.main.concurs.repository.JdbcUtils 30 getNewConnection - user: null
28 Mar 2023 19:15:26,022 INFO  com.javafx.main.concurs.repository.JdbcUtils 31 getNewConnection - pass: null
28 Mar 2023 19:15:26,024 TRACE com.javafx.main.concurs.repository.JdbcUtils 56 getConnection - Exit with(org.sqlite.jdbc4.JDBC4Connection@2fd0b40d)
28 Mar 2023 19:15:26,027 TRACE com.javafx.main.concurs.repository.SwimmingRaceDBRepository 50 nrContestantEachRace - Exit with([com.javafx.main.concurs.domain.RaceNrContestantsDTO@670ee1d, com.javafx.main.concurs.domain.RaceNrContestantsDTO@1488e7a6, com.javafx.main.concurs.domain.RaceNrContestantsDTO@6fec3c9e])
28 Mar 2023 19:15:28,588 TRACE com.javafx.main.concurs.repository.AdminDBRepository 27 getAccount - Enter getting account by email boss@email.com and password boss
28 Mar 2023 19:15:28,589 TRACE com.javafx.main.concurs.repository.JdbcUtils 47 getConnection - Enter
28 Mar 2023 19:15:28,589 TRACE com.javafx.main.concurs.repository.JdbcUtils 56 getConnection - Exit with(org.sqlite.jdbc4.JDBC4Connection@35ebae02)
28 Mar 2023 19:15:28,589 TRACE com.javafx.main.concurs.repository.AdminDBRepository 45 getAccount - Exit with(Admin{ID=1, email='boss@email.com', password='boss', officeID=1})
28 Mar 2023 19:15:28,654 TRACE com.javafx.main.concurs.repository.SwimmingRaceDBRepository 27 nrContestantEachRace - Enter
28 Mar 2023 19:15:28,655 TRACE com.javafx.main.concurs.repository.JdbcUtils 47 getConnection - Enter
28 Mar 2023 19:15:28,655 TRACE com.javafx.main.concurs.repository.JdbcUtils 56 getConnection - Exit with(org.sqlite.jdbc4.JDBC4Connection@2fd0b40d)
28 Mar 2023 19:15:28,656 TRACE com.javafx.main.concurs.repository.SwimmingRaceDBRepository 50 nrContestantEachRace - Exit with([com.javafx.main.concurs.domain.RaceNrContestantsDTO@7f24242b, com.javafx.main.concurs.domain.RaceNrContestantsDTO@f40e0b7, com.javafx.main.concurs.domain.RaceNrContestantsDTO@4806956b])
28 Mar 2023 19:15:37,059 TRACE com.javafx.main.concurs.repository.AdminDBRepository 27 getAccount - Enter getting account by email boss@email.com and password boss
28 Mar 2023 19:15:37,060 TRACE com.javafx.main.concurs.repository.JdbcUtils 47 getConnection - Enter
28 Mar 2023 19:15:37,060 TRACE com.javafx.main.concurs.repository.JdbcUtils 56 getConnection - Exit with(org.sqlite.jdbc4.JDBC4Connection@35ebae02)
28 Mar 2023 19:15:37,060 TRACE com.javafx.main.concurs.repository.AdminDBRepository 45 getAccount - Exit with(Admin{ID=1, email='boss@email.com', password='boss', officeID=1})
28 Mar 2023 19:15:37,113 TRACE com.javafx.main.concurs.repository.SwimmingRaceDBRepository 27 nrContestantEachRace - Enter
28 Mar 2023 19:15:37,114 TRACE com.javafx.main.concurs.repository.JdbcUtils 47 getConnection - Enter
28 Mar 2023 19:15:37,114 TRACE com.javafx.main.concurs.repository.JdbcUtils 56 getConnection - Exit with(org.sqlite.jdbc4.JDBC4Connection@2fd0b40d)
28 Mar 2023 19:15:37,115 TRACE com.javafx.main.concurs.repository.SwimmingRaceDBRepository 50 nrContestantEachRace - Exit with([com.javafx.main.concurs.domain.RaceNrContestantsDTO@1115e131, com.javafx.main.concurs.domain.RaceNrContestantsDTO@c9aef2f, com.javafx.main.concurs.domain.RaceNrContestantsDTO@6bbd8bf7])
28 Mar 2023 19:16:48,970 INFO  com.javafx.main.concurs.repository.AdminDBRepository 21 <init> - Initializing AdminDBRepository with properties: {jdbc.url=jdbc:sqlite:D:\Facultate\Faculta\An_2_sem_2\MPP_Java\Concurs_inot_Java\swimming_race.db}
28 Mar 2023 19:16:48,976 INFO  com.javafx.main.concurs.repository.ContestantDBRepository 20 <init> - Initializing ContestantDBRepository with properties: {jdbc.url=jdbc:sqlite:D:\Facultate\Faculta\An_2_sem_2\MPP_Java\Concurs_inot_Java\swimming_race.db}
28 Mar 2023 19:16:48,977 INFO  com.javafx.main.concurs.repository.ParticipationDBRepository 20 <init> - Initializing ParicipationDBRepository with properties: {jdbc.url=jdbc:sqlite:D:\Facultate\Faculta\An_2_sem_2\MPP_Java\Concurs_inot_Java\swimming_race.db}
28 Mar 2023 19:16:48,978 INFO  com.javafx.main.concurs.repository.SwimmingRaceDBRepository 21 <init> - Initializing SwimmingRaceDBRepository with properties: {jdbc.url=jdbc:sqlite:D:\Facultate\Faculta\An_2_sem_2\MPP_Java\Concurs_inot_Java\swimming_race.db}
28 Mar 2023 19:16:48,979 INFO  com.javafx.main.service.Service 27 <init> - Creating service with repositories com.javafx.main.concurs.repository.AdminDBRepository@8857718, com.javafx.main.concurs.repository.ContestantDBRepository@5ba65d49, com.javafx.main.concurs.repository.ParticipationDBRepository@569d547, com.javafx.main.concurs.repository.SwimmingRaceDBRepository@5c55e6d3
28 Mar 2023 19:16:58,907 TRACE com.javafx.main.concurs.repository.AdminDBRepository 27 getAccount - Enter getting account by email boss@email.com and password boss
28 Mar 2023 19:16:58,907 TRACE com.javafx.main.concurs.repository.JdbcUtils 47 getConnection - Enter
28 Mar 2023 19:16:58,907 TRACE com.javafx.main.concurs.repository.JdbcUtils 24 getNewConnection - Enter
28 Mar 2023 19:16:58,908 INFO  com.javafx.main.concurs.repository.JdbcUtils 29 getNewConnection - trying to connect to database ... jdbc:sqlite:D:\Facultate\Faculta\An_2_sem_2\MPP_Java\Concurs_inot_Java\swimming_race.db
28 Mar 2023 19:16:58,908 INFO  com.javafx.main.concurs.repository.JdbcUtils 30 getNewConnection - user: null
28 Mar 2023 19:16:58,908 INFO  com.javafx.main.concurs.repository.JdbcUtils 31 getNewConnection - pass: null
28 Mar 2023 19:16:59,074 TRACE com.javafx.main.concurs.repository.JdbcUtils 56 getConnection - Exit with(org.sqlite.jdbc4.JDBC4Connection@62bcf223)
28 Mar 2023 19:16:59,084 TRACE com.javafx.main.concurs.repository.AdminDBRepository 45 getAccount - Exit with(Admin{ID=1, email='boss@email.com', password='boss', officeID=1})
28 Mar 2023 19:16:59,263 TRACE com.javafx.main.concurs.repository.SwimmingRaceDBRepository 27 nrContestantEachRace - Enter
28 Mar 2023 19:16:59,264 TRACE com.javafx.main.concurs.repository.JdbcUtils 47 getConnection - Enter
28 Mar 2023 19:16:59,265 TRACE com.javafx.main.concurs.repository.JdbcUtils 24 getNewConnection - Enter
28 Mar 2023 19:16:59,266 INFO  com.javafx.main.concurs.repository.JdbcUtils 29 getNewConnection - trying to connect to database ... jdbc:sqlite:D:\Facultate\Faculta\An_2_sem_2\MPP_Java\Concurs_inot_Java\swimming_race.db
28 Mar 2023 19:16:59,266 INFO  com.javafx.main.concurs.repository.JdbcUtils 30 getNewConnection - user: null
28 Mar 2023 19:16:59,266 INFO  com.javafx.main.concurs.repository.JdbcUtils 31 getNewConnection - pass: null
28 Mar 2023 19:16:59,268 TRACE com.javafx.main.concurs.repository.JdbcUtils 56 getConnection - Exit with(org.sqlite.jdbc4.JDBC4Connection@5718fe35)
28 Mar 2023 19:16:59,271 TRACE com.javafx.main.concurs.repository.SwimmingRaceDBRepository 50 nrContestantEachRace - Exit with([com.javafx.main.concurs.domain.RaceNrContestantsDTO@5077d897, com.javafx.main.concurs.domain.RaceNrContestantsDTO@171b845d, com.javafx.main.concurs.domain.RaceNrContestantsDTO@46b31c78])
29 Mar 2023 12:07:54,606 INFO  com.javafx.main.concurs.repository.AdminDBRepository 21 <init> - Initializing AdminDBRepository with properties: {jdbc.url=jdbc:sqlite:D:\Facultate\Faculta\An_2_sem_2\MPP_Java\Concurs_inot_Java\swimming_race.db}
29 Mar 2023 12:07:54,612 INFO  com.javafx.main.concurs.repository.ContestantDBRepository 20 <init> - Initializing ContestantDBRepository with properties: {jdbc.url=jdbc:sqlite:D:\Facultate\Faculta\An_2_sem_2\MPP_Java\Concurs_inot_Java\swimming_race.db}
29 Mar 2023 12:07:54,613 INFO  com.javafx.main.concurs.repository.ParticipationDBRepository 20 <init> - Initializing ParicipationDBRepository with properties: {jdbc.url=jdbc:sqlite:D:\Facultate\Faculta\An_2_sem_2\MPP_Java\Concurs_inot_Java\swimming_race.db}
29 Mar 2023 12:07:54,614 INFO  com.javafx.main.concurs.repository.SwimmingRaceDBRepository 21 <init> - Initializing SwimmingRaceDBRepository with properties: {jdbc.url=jdbc:sqlite:D:\Facultate\Faculta\An_2_sem_2\MPP_Java\Concurs_inot_Java\swimming_race.db}
29 Mar 2023 12:07:54,616 INFO  com.javafx.main.service.Service 27 <init> - Creating service with repositories com.javafx.main.concurs.repository.AdminDBRepository@8857718, com.javafx.main.concurs.repository.ContestantDBRepository@5ba65d49, com.javafx.main.concurs.repository.ParticipationDBRepository@569d547, com.javafx.main.concurs.repository.SwimmingRaceDBRepository@5c55e6d3
29 Mar 2023 12:08:03,222 TRACE com.javafx.main.concurs.repository.AdminDBRepository 27 getAccount - Enter getting account by email boss@email.com and password boss
29 Mar 2023 12:08:03,222 TRACE com.javafx.main.concurs.repository.JdbcUtils 47 getConnection - Enter
29 Mar 2023 12:08:03,222 TRACE com.javafx.main.concurs.repository.JdbcUtils 24 getNewConnection - Enter
29 Mar 2023 12:08:03,222 INFO  com.javafx.main.concurs.repository.JdbcUtils 29 getNewConnection - trying to connect to database ... jdbc:sqlite:D:\Facultate\Faculta\An_2_sem_2\MPP_Java\Concurs_inot_Java\swimming_race.db
29 Mar 2023 12:08:03,223 INFO  com.javafx.main.concurs.repository.JdbcUtils 30 getNewConnection - user: null
29 Mar 2023 12:08:03,223 INFO  com.javafx.main.concurs.repository.JdbcUtils 31 getNewConnection - pass: null
29 Mar 2023 12:08:03,388 TRACE com.javafx.main.concurs.repository.JdbcUtils 56 getConnection - Exit with(org.sqlite.jdbc4.JDBC4Connection@62bcf223)
29 Mar 2023 12:08:03,398 TRACE com.javafx.main.concurs.repository.AdminDBRepository 45 getAccount - Exit with(Admin{ID=1, email='boss@email.com', password='boss', officeID=1})
29 Mar 2023 12:08:03,653 TRACE com.javafx.main.concurs.repository.SwimmingRaceDBRepository 27 nrContestantEachRace - Enter
29 Mar 2023 12:08:03,654 TRACE com.javafx.main.concurs.repository.JdbcUtils 47 getConnection - Enter
29 Mar 2023 12:08:03,654 TRACE com.javafx.main.concurs.repository.JdbcUtils 24 getNewConnection - Enter
29 Mar 2023 12:08:03,654 INFO  com.javafx.main.concurs.repository.JdbcUtils 29 getNewConnection - trying to connect to database ... jdbc:sqlite:D:\Facultate\Faculta\An_2_sem_2\MPP_Java\Concurs_inot_Java\swimming_race.db
29 Mar 2023 12:08:03,655 INFO  com.javafx.main.concurs.repository.JdbcUtils 30 getNewConnection - user: null
29 Mar 2023 12:08:03,655 INFO  com.javafx.main.concurs.repository.JdbcUtils 31 getNewConnection - pass: null
29 Mar 2023 12:08:03,656 TRACE com.javafx.main.concurs.repository.JdbcUtils 56 getConnection - Exit with(org.sqlite.jdbc4.JDBC4Connection@5718fe35)
29 Mar 2023 12:08:03,659 TRACE com.javafx.main.concurs.repository.SwimmingRaceDBRepository 50 nrContestantEachRace - Exit with([com.javafx.main.concurs.domain.RaceNrContestantsDTO@5077d897, com.javafx.main.concurs.domain.RaceNrContestantsDTO@171b845d, com.javafx.main.concurs.domain.RaceNrContestantsDTO@46b31c78])
29 Mar 2023 12:08:35,742 TRACE com.javafx.main.concurs.repository.ContestantDBRepository 26 getByRace - Enter finding by race with distance 200m and style spate
29 Mar 2023 12:08:35,742 TRACE com.javafx.main.concurs.repository.JdbcUtils 47 getConnection - Enter
29 Mar 2023 12:08:35,742 TRACE com.javafx.main.concurs.repository.JdbcUtils 24 getNewConnection - Enter
29 Mar 2023 12:08:35,742 INFO  com.javafx.main.concurs.repository.JdbcUtils 29 getNewConnection - trying to connect to database ... jdbc:sqlite:D:\Facultate\Faculta\An_2_sem_2\MPP_Java\Concurs_inot_Java\swimming_race.db
29 Mar 2023 12:08:35,743 INFO  com.javafx.main.concurs.repository.JdbcUtils 30 getNewConnection - user: null
29 Mar 2023 12:08:35,743 INFO  com.javafx.main.concurs.repository.JdbcUtils 31 getNewConnection - pass: null
29 Mar 2023 12:08:35,744 TRACE com.javafx.main.concurs.repository.JdbcUtils 56 getConnection - Exit with(org.sqlite.jdbc4.JDBC4Connection@58383d07)
29 Mar 2023 12:08:35,749 TRACE com.javafx.main.concurs.repository.ContestantDBRepository 52 getByRace - Exit with([Contestant{ID=1, name='Flaviu', age=20}, Contestant{ID=2, name='Ilinca', age=19}, Contestant{ID=4, name='Vlad', age=20}, Contestant{ID=6426, name='Popix', age=23}, Contestant{ID=42516, name='Nan', age=18}])
29 Mar 2023 12:08:35,749 TRACE com.javafx.main.concurs.repository.SwimmingRaceDBRepository 56 getByContestant - Enter finding which race does contestant 1 takes part in
29 Mar 2023 12:08:35,749 TRACE com.javafx.main.concurs.repository.JdbcUtils 47 getConnection - Enter
29 Mar 2023 12:08:35,749 TRACE com.javafx.main.concurs.repository.JdbcUtils 56 getConnection - Exit with(org.sqlite.jdbc4.JDBC4Connection@5718fe35)
29 Mar 2023 12:08:35,752 TRACE com.javafx.main.concurs.repository.SwimmingRaceDBRepository 81 getByContestant - Exit with([SwimmingRace{ID=1, distance='50m', style='liber'}, SwimmingRace{ID=2, distance='200m', style='spate'}])
29 Mar 2023 12:08:35,753 TRACE com.javafx.main.concurs.repository.SwimmingRaceDBRepository 56 getByContestant - Enter finding which race does contestant 2 takes part in
29 Mar 2023 12:08:35,753 TRACE com.javafx.main.concurs.repository.JdbcUtils 47 getConnection - Enter
29 Mar 2023 12:08:35,754 TRACE com.javafx.main.concurs.repository.JdbcUtils 56 getConnection - Exit with(org.sqlite.jdbc4.JDBC4Connection@5718fe35)
29 Mar 2023 12:08:35,754 TRACE com.javafx.main.concurs.repository.SwimmingRaceDBRepository 81 getByContestant - Exit with([SwimmingRace{ID=2, distance='200m', style='spate'}])
29 Mar 2023 12:08:35,754 TRACE com.javafx.main.concurs.repository.SwimmingRaceDBRepository 56 getByContestant - Enter finding which race does contestant 4 takes part in
29 Mar 2023 12:08:35,754 TRACE com.javafx.main.concurs.repository.JdbcUtils 47 getConnection - Enter
29 Mar 2023 12:08:35,754 TRACE com.javafx.main.concurs.repository.JdbcUtils 56 getConnection - Exit with(org.sqlite.jdbc4.JDBC4Connection@5718fe35)
29 Mar 2023 12:08:35,755 TRACE com.javafx.main.concurs.repository.SwimmingRaceDBRepository 81 getByContestant - Exit with([SwimmingRace{ID=2, distance='200m', style='spate'}, SwimmingRace{ID=3, distance='800m', style='fluture'}])
29 Mar 2023 12:08:35,755 TRACE com.javafx.main.concurs.repository.SwimmingRaceDBRepository 56 getByContestant - Enter finding which race does contestant 6426 takes part in
29 Mar 2023 12:08:35,755 TRACE com.javafx.main.concurs.repository.JdbcUtils 47 getConnection - Enter
29 Mar 2023 12:08:35,755 TRACE com.javafx.main.concurs.repository.JdbcUtils 56 getConnection - Exit with(org.sqlite.jdbc4.JDBC4Connection@5718fe35)
29 Mar 2023 12:08:35,756 TRACE com.javafx.main.concurs.repository.SwimmingRaceDBRepository 81 getByContestant - Exit with([SwimmingRace{ID=2, distance='200m', style='spate'}, SwimmingRace{ID=3, distance='800m', style='fluture'}])
29 Mar 2023 12:08:35,756 TRACE com.javafx.main.concurs.repository.SwimmingRaceDBRepository 56 getByContestant - Enter finding which race does contestant 42516 takes part in
29 Mar 2023 12:08:35,757 TRACE com.javafx.main.concurs.repository.JdbcUtils 47 getConnection - Enter
29 Mar 2023 12:08:35,757 TRACE com.javafx.main.concurs.repository.JdbcUtils 56 getConnection - Exit with(org.sqlite.jdbc4.JDBC4Connection@5718fe35)
29 Mar 2023 12:08:35,758 TRACE com.javafx.main.concurs.repository.SwimmingRaceDBRepository 81 getByContestant - Exit with([SwimmingRace{ID=2, distance='200m', style='spate'}])
29 Mar 2023 12:35:59,658 INFO  com.javafx.main.concurs.repository.AdminDBRepository 21 <init> - Initializing AdminDBRepository with properties: {jdbc.url=jdbc:sqlite:D:\Facultate\Faculta\An_2_sem_2\MPP_Java\Concurs_inot_Java\swimming_race.db}
29 Mar 2023 12:35:59,665 INFO  com.javafx.main.concurs.repository.ContestantDBRepository 20 <init> - Initializing ContestantDBRepository with properties: {jdbc.url=jdbc:sqlite:D:\Facultate\Faculta\An_2_sem_2\MPP_Java\Concurs_inot_Java\swimming_race.db}
29 Mar 2023 12:35:59,667 INFO  com.javafx.main.concurs.repository.ParticipationDBRepository 20 <init> - Initializing ParicipationDBRepository with properties: {jdbc.url=jdbc:sqlite:D:\Facultate\Faculta\An_2_sem_2\MPP_Java\Concurs_inot_Java\swimming_race.db}
29 Mar 2023 12:35:59,668 INFO  com.javafx.main.concurs.repository.SwimmingRaceDBRepository 21 <init> - Initializing SwimmingRaceDBRepository with properties: {jdbc.url=jdbc:sqlite:D:\Facultate\Faculta\An_2_sem_2\MPP_Java\Concurs_inot_Java\swimming_race.db}
29 Mar 2023 12:35:59,670 INFO  com.javafx.main.service.Service 27 <init> - Creating service with repositories com.javafx.main.concurs.repository.AdminDBRepository@8857718, com.javafx.main.concurs.repository.ContestantDBRepository@5ba65d49, com.javafx.main.concurs.repository.ParticipationDBRepository@569d547, com.javafx.main.concurs.repository.SwimmingRaceDBRepository@5c55e6d3
29 Mar 2023 12:36:08,437 TRACE com.javafx.main.concurs.repository.AdminDBRepository 27 getAccount - Enter getting account by email boss@email.com and password boss
29 Mar 2023 12:36:08,437 TRACE com.javafx.main.concurs.repository.JdbcUtils 47 getConnection - Enter
29 Mar 2023 12:36:08,437 TRACE com.javafx.main.concurs.repository.JdbcUtils 24 getNewConnection - Enter
29 Mar 2023 12:36:08,437 INFO  com.javafx.main.concurs.repository.JdbcUtils 29 getNewConnection - trying to connect to database ... jdbc:sqlite:D:\Facultate\Faculta\An_2_sem_2\MPP_Java\Concurs_inot_Java\swimming_race.db
29 Mar 2023 12:36:08,437 INFO  com.javafx.main.concurs.repository.JdbcUtils 30 getNewConnection - user: null
29 Mar 2023 12:36:08,438 INFO  com.javafx.main.concurs.repository.JdbcUtils 31 getNewConnection - pass: null
29 Mar 2023 12:36:08,613 TRACE com.javafx.main.concurs.repository.JdbcUtils 56 getConnection - Exit with(org.sqlite.jdbc4.JDBC4Connection@62bcf223)
29 Mar 2023 12:36:08,624 TRACE com.javafx.main.concurs.repository.AdminDBRepository 45 getAccount - Exit with(Admin{ID=1, email='boss@email.com', password='boss', officeID=1})
29 Mar 2023 12:36:08,844 TRACE com.javafx.main.concurs.repository.SwimmingRaceDBRepository 27 nrContestantEachRace - Enter
29 Mar 2023 12:36:08,844 TRACE com.javafx.main.concurs.repository.JdbcUtils 47 getConnection - Enter
29 Mar 2023 12:36:08,845 TRACE com.javafx.main.concurs.repository.JdbcUtils 24 getNewConnection - Enter
29 Mar 2023 12:36:08,845 INFO  com.javafx.main.concurs.repository.JdbcUtils 29 getNewConnection - trying to connect to database ... jdbc:sqlite:D:\Facultate\Faculta\An_2_sem_2\MPP_Java\Concurs_inot_Java\swimming_race.db
29 Mar 2023 12:36:08,845 INFO  com.javafx.main.concurs.repository.JdbcUtils 30 getNewConnection - user: null
29 Mar 2023 12:36:08,846 INFO  com.javafx.main.concurs.repository.JdbcUtils 31 getNewConnection - pass: null
29 Mar 2023 12:36:08,848 TRACE com.javafx.main.concurs.repository.JdbcUtils 56 getConnection - Exit with(org.sqlite.jdbc4.JDBC4Connection@5718fe35)
29 Mar 2023 12:36:08,851 TRACE com.javafx.main.concurs.repository.SwimmingRaceDBRepository 50 nrContestantEachRace - Exit with([com.javafx.main.concurs.domain.RaceNrContestantsDTO@5077d897, com.javafx.main.concurs.domain.RaceNrContestantsDTO@171b845d, com.javafx.main.concurs.domain.RaceNrContestantsDTO@46b31c78])
29 Mar 2023 12:36:34,274 TRACE com.javafx.main.concurs.repository.ContestantDBRepository 26 getByRace - Enter finding by race with distance 200m and style spate
29 Mar 2023 12:36:34,275 TRACE com.javafx.main.concurs.repository.JdbcUtils 47 getConnection - Enter
29 Mar 2023 12:36:34,275 TRACE com.javafx.main.concurs.repository.JdbcUtils 24 getNewConnection - Enter
29 Mar 2023 12:36:34,275 INFO  com.javafx.main.concurs.repository.JdbcUtils 29 getNewConnection - trying to connect to database ... jdbc:sqlite:D:\Facultate\Faculta\An_2_sem_2\MPP_Java\Concurs_inot_Java\swimming_race.db
29 Mar 2023 12:36:34,275 INFO  com.javafx.main.concurs.repository.JdbcUtils 30 getNewConnection - user: null
29 Mar 2023 12:36:34,275 INFO  com.javafx.main.concurs.repository.JdbcUtils 31 getNewConnection - pass: null
29 Mar 2023 12:36:34,276 TRACE com.javafx.main.concurs.repository.JdbcUtils 56 getConnection - Exit with(org.sqlite.jdbc4.JDBC4Connection@375e287c)
29 Mar 2023 12:36:34,281 TRACE com.javafx.main.concurs.repository.ContestantDBRepository 52 getByRace - Exit with([Contestant{ID=1, name='Flaviu', age=20}, Contestant{ID=2, name='Ilinca', age=19}, Contestant{ID=4, name='Vlad', age=20}, Contestant{ID=6426, name='Popix', age=23}, Contestant{ID=42516, name='Nan', age=18}])
29 Mar 2023 12:36:34,282 TRACE com.javafx.main.concurs.repository.SwimmingRaceDBRepository 56 getByContestant - Enter finding which race does contestant 1 takes part in
29 Mar 2023 12:36:34,282 TRACE com.javafx.main.concurs.repository.JdbcUtils 47 getConnection - Enter
29 Mar 2023 12:36:34,282 TRACE com.javafx.main.concurs.repository.JdbcUtils 56 getConnection - Exit with(org.sqlite.jdbc4.JDBC4Connection@5718fe35)
29 Mar 2023 12:36:34,283 TRACE com.javafx.main.concurs.repository.SwimmingRaceDBRepository 81 getByContestant - Exit with([SwimmingRace{ID=1, distance='50m', style='liber'}, SwimmingRace{ID=2, distance='200m', style='spate'}])
29 Mar 2023 12:36:34,286 TRACE com.javafx.main.concurs.repository.SwimmingRaceDBRepository 56 getByContestant - Enter finding which race does contestant 2 takes part in
29 Mar 2023 12:36:34,286 TRACE com.javafx.main.concurs.repository.JdbcUtils 47 getConnection - Enter
29 Mar 2023 12:36:34,286 TRACE com.javafx.main.concurs.repository.JdbcUtils 56 getConnection - Exit with(org.sqlite.jdbc4.JDBC4Connection@5718fe35)
29 Mar 2023 12:36:34,287 TRACE com.javafx.main.concurs.repository.SwimmingRaceDBRepository 81 getByContestant - Exit with([SwimmingRace{ID=2, distance='200m', style='spate'}])
29 Mar 2023 12:36:34,287 TRACE com.javafx.main.concurs.repository.SwimmingRaceDBRepository 56 getByContestant - Enter finding which race does contestant 4 takes part in
29 Mar 2023 12:36:34,287 TRACE com.javafx.main.concurs.repository.JdbcUtils 47 getConnection - Enter
29 Mar 2023 12:36:34,287 TRACE com.javafx.main.concurs.repository.JdbcUtils 56 getConnection - Exit with(org.sqlite.jdbc4.JDBC4Connection@5718fe35)
29 Mar 2023 12:36:34,288 TRACE com.javafx.main.concurs.repository.SwimmingRaceDBRepository 81 getByContestant - Exit with([SwimmingRace{ID=2, distance='200m', style='spate'}, SwimmingRace{ID=3, distance='800m', style='fluture'}])
29 Mar 2023 12:36:34,288 TRACE com.javafx.main.concurs.repository.SwimmingRaceDBRepository 56 getByContestant - Enter finding which race does contestant 6426 takes part in
29 Mar 2023 12:36:34,288 TRACE com.javafx.main.concurs.repository.JdbcUtils 47 getConnection - Enter
29 Mar 2023 12:36:34,288 TRACE com.javafx.main.concurs.repository.JdbcUtils 56 getConnection - Exit with(org.sqlite.jdbc4.JDBC4Connection@5718fe35)
29 Mar 2023 12:36:34,289 TRACE com.javafx.main.concurs.repository.SwimmingRaceDBRepository 81 getByContestant - Exit with([SwimmingRace{ID=2, distance='200m', style='spate'}, SwimmingRace{ID=3, distance='800m', style='fluture'}])
29 Mar 2023 12:36:34,290 TRACE com.javafx.main.concurs.repository.SwimmingRaceDBRepository 56 getByContestant - Enter finding which race does contestant 42516 takes part in
29 Mar 2023 12:36:34,290 TRACE com.javafx.main.concurs.repository.JdbcUtils 47 getConnection - Enter
29 Mar 2023 12:36:34,290 TRACE com.javafx.main.concurs.repository.JdbcUtils 56 getConnection - Exit with(org.sqlite.jdbc4.JDBC4Connection@5718fe35)
29 Mar 2023 12:36:34,292 TRACE com.javafx.main.concurs.repository.SwimmingRaceDBRepository 81 getByContestant - Exit with([SwimmingRace{ID=2, distance='200m', style='spate'}])
29 Mar 2023 12:37:07,358 TRACE com.javafx.main.concurs.repository.SwimmingRaceDBRepository 87 findByDistanceAndStyle - Enter finding by distance 50m and style liber
29 Mar 2023 12:37:07,358 TRACE com.javafx.main.concurs.repository.JdbcUtils 47 getConnection - Enter
29 Mar 2023 12:37:07,359 TRACE com.javafx.main.concurs.repository.JdbcUtils 56 getConnection - Exit with(org.sqlite.jdbc4.JDBC4Connection@5718fe35)
29 Mar 2023 12:37:07,359 TRACE com.javafx.main.concurs.repository.SwimmingRaceDBRepository 105 findByDistanceAndStyle - Exit with(SwimmingRace{ID=1, distance='50m', style='liber'})
29 Mar 2023 12:37:07,359 TRACE com.javafx.main.concurs.repository.SwimmingRaceDBRepository 87 findByDistanceAndStyle - Enter finding by distance 200m and style spate
29 Mar 2023 12:37:07,359 TRACE com.javafx.main.concurs.repository.JdbcUtils 47 getConnection - Enter
29 Mar 2023 12:37:07,360 TRACE com.javafx.main.concurs.repository.JdbcUtils 56 getConnection - Exit with(org.sqlite.jdbc4.JDBC4Connection@5718fe35)
29 Mar 2023 12:37:07,360 TRACE com.javafx.main.concurs.repository.SwimmingRaceDBRepository 105 findByDistanceAndStyle - Exit with(SwimmingRace{ID=2, distance='200m', style='spate'})
29 Mar 2023 12:37:07,360 TRACE com.javafx.main.concurs.repository.ContestantDBRepository 58 add - Enter saving task Contestant{ID=46784, name='Marcel', age=24}
29 Mar 2023 12:37:07,360 TRACE com.javafx.main.concurs.repository.JdbcUtils 47 getConnection - Enter
29 Mar 2023 12:37:07,360 TRACE com.javafx.main.concurs.repository.JdbcUtils 56 getConnection - Exit with(org.sqlite.jdbc4.JDBC4Connection@375e287c)
29 Mar 2023 12:37:07,721 TRACE com.javafx.main.concurs.repository.ContestantDBRepository 66 add - Saved 1 instances
29 Mar 2023 12:37:07,721 TRACE com.javafx.main.concurs.repository.ContestantDBRepository 71 add - Exit
29 Mar 2023 12:37:07,722 TRACE com.javafx.main.concurs.repository.ParticipationDBRepository 26 add - Enter saving task TakesPart{ID=null, contestant=Contestant{ID=46784, name='Marcel', age=24}, race=SwimmingRace{ID=1, distance='50m', style='liber'}}
29 Mar 2023 12:37:07,723 TRACE com.javafx.main.concurs.repository.JdbcUtils 47 getConnection - Enter
29 Mar 2023 12:37:07,723 TRACE com.javafx.main.concurs.repository.JdbcUtils 24 getNewConnection - Enter
29 Mar 2023 12:37:07,723 INFO  com.javafx.main.concurs.repository.JdbcUtils 29 getNewConnection - trying to connect to database ... jdbc:sqlite:D:\Facultate\Faculta\An_2_sem_2\MPP_Java\Concurs_inot_Java\swimming_race.db
29 Mar 2023 12:37:07,723 INFO  com.javafx.main.concurs.repository.JdbcUtils 30 getNewConnection - user: null
29 Mar 2023 12:37:07,723 INFO  com.javafx.main.concurs.repository.JdbcUtils 31 getNewConnection - pass: null
29 Mar 2023 12:37:07,730 TRACE com.javafx.main.concurs.repository.JdbcUtils 56 getConnection - Exit with(org.sqlite.jdbc4.JDBC4Connection@a2010c7)
29 Mar 2023 12:37:07,845 TRACE com.javafx.main.concurs.repository.ParticipationDBRepository 33 add - Saved 1 instances
29 Mar 2023 12:37:07,845 TRACE com.javafx.main.concurs.repository.ParticipationDBRepository 38 add - Exit
29 Mar 2023 12:37:07,846 TRACE com.javafx.main.concurs.repository.ParticipationDBRepository 26 add - Enter saving task TakesPart{ID=null, contestant=Contestant{ID=46784, name='Marcel', age=24}, race=SwimmingRace{ID=2, distance='200m', style='spate'}}
29 Mar 2023 12:37:07,846 TRACE com.javafx.main.concurs.repository.JdbcUtils 47 getConnection - Enter
29 Mar 2023 12:37:07,846 TRACE com.javafx.main.concurs.repository.JdbcUtils 56 getConnection - Exit with(org.sqlite.jdbc4.JDBC4Connection@a2010c7)
29 Mar 2023 12:37:07,962 TRACE com.javafx.main.concurs.repository.ParticipationDBRepository 33 add - Saved 1 instances
29 Mar 2023 12:37:07,963 TRACE com.javafx.main.concurs.repository.ParticipationDBRepository 38 add - Exit
29 Mar 2023 12:37:07,963 TRACE com.javafx.main.concurs.repository.SwimmingRaceDBRepository 27 nrContestantEachRace - Enter
29 Mar 2023 12:37:07,963 TRACE com.javafx.main.concurs.repository.JdbcUtils 47 getConnection - Enter
29 Mar 2023 12:37:07,963 TRACE com.javafx.main.concurs.repository.JdbcUtils 56 getConnection - Exit with(org.sqlite.jdbc4.JDBC4Connection@5718fe35)
29 Mar 2023 12:37:07,964 TRACE com.javafx.main.concurs.repository.SwimmingRaceDBRepository 50 nrContestantEachRace - Exit with([com.javafx.main.concurs.domain.RaceNrContestantsDTO@6affdb9c, com.javafx.main.concurs.domain.RaceNrContestantsDTO@14d59373, com.javafx.main.concurs.domain.RaceNrContestantsDTO@70bf4e99])
01 Apr 2023 17:58:24,948 INFO  com.javafx.main.concurs.repository.AdminDBRepository 21 <init> - Initializing AdminDBRepository with properties: {jdbc.url=jdbc:sqlite:D:\Facultate\Faculta\An_2_sem_2\MPP_Java\Concurs_inot_Java\swimming_race.db}
01 Apr 2023 17:58:24,953 INFO  com.javafx.main.concurs.repository.ContestantDBRepository 20 <init> - Initializing ContestantDBRepository with properties: {jdbc.url=jdbc:sqlite:D:\Facultate\Faculta\An_2_sem_2\MPP_Java\Concurs_inot_Java\swimming_race.db}
01 Apr 2023 17:58:24,955 INFO  com.javafx.main.concurs.repository.ParticipationDBRepository 20 <init> - Initializing ParicipationDBRepository with properties: {jdbc.url=jdbc:sqlite:D:\Facultate\Faculta\An_2_sem_2\MPP_Java\Concurs_inot_Java\swimming_race.db}
01 Apr 2023 17:58:24,955 INFO  com.javafx.main.concurs.repository.SwimmingRaceDBRepository 21 <init> - Initializing SwimmingRaceDBRepository with properties: {jdbc.url=jdbc:sqlite:D:\Facultate\Faculta\An_2_sem_2\MPP_Java\Concurs_inot_Java\swimming_race.db}
01 Apr 2023 17:58:24,957 INFO  com.javafx.main.service.Service 27 <init> - Creating service with repositories com.javafx.main.concurs.repository.AdminDBRepository@8857718, com.javafx.main.concurs.repository.ContestantDBRepository@5ba65d49, com.javafx.main.concurs.repository.ParticipationDBRepository@569d547, com.javafx.main.concurs.repository.SwimmingRaceDBRepository@5c55e6d3
01 Apr 2023 17:58:33,458 TRACE com.javafx.main.concurs.repository.AdminDBRepository 27 getAccount - Enter getting account by email boss@email.com and password boss
01 Apr 2023 17:58:33,459 TRACE com.javafx.main.concurs.repository.JdbcUtils 47 getConnection - Enter
01 Apr 2023 17:58:33,459 TRACE com.javafx.main.concurs.repository.JdbcUtils 24 getNewConnection - Enter
01 Apr 2023 17:58:33,459 INFO  com.javafx.main.concurs.repository.JdbcUtils 29 getNewConnection - trying to connect to database ... jdbc:sqlite:D:\Facultate\Faculta\An_2_sem_2\MPP_Java\Concurs_inot_Java\swimming_race.db
01 Apr 2023 17:58:33,459 INFO  com.javafx.main.concurs.repository.JdbcUtils 30 getNewConnection - user: null
01 Apr 2023 17:58:33,460 INFO  com.javafx.main.concurs.repository.JdbcUtils 31 getNewConnection - pass: null
01 Apr 2023 17:58:33,630 TRACE com.javafx.main.concurs.repository.JdbcUtils 56 getConnection - Exit with(org.sqlite.jdbc4.JDBC4Connection@35ebae02)
01 Apr 2023 17:58:33,642 TRACE com.javafx.main.concurs.repository.AdminDBRepository 45 getAccount - Exit with(Admin{ID=1, email='boss@email.com', password='boss', officeID=1})
01 Apr 2023 17:58:33,856 TRACE com.javafx.main.concurs.repository.SwimmingRaceDBRepository 27 nrContestantEachRace - Enter
01 Apr 2023 17:58:33,857 TRACE com.javafx.main.concurs.repository.JdbcUtils 47 getConnection - Enter
01 Apr 2023 17:58:33,857 TRACE com.javafx.main.concurs.repository.JdbcUtils 24 getNewConnection - Enter
01 Apr 2023 17:58:33,857 INFO  com.javafx.main.concurs.repository.JdbcUtils 29 getNewConnection - trying to connect to database ... jdbc:sqlite:D:\Facultate\Faculta\An_2_sem_2\MPP_Java\Concurs_inot_Java\swimming_race.db
01 Apr 2023 17:58:33,858 INFO  com.javafx.main.concurs.repository.JdbcUtils 30 getNewConnection - user: null
01 Apr 2023 17:58:33,858 INFO  com.javafx.main.concurs.repository.JdbcUtils 31 getNewConnection - pass: null
01 Apr 2023 17:58:33,859 TRACE com.javafx.main.concurs.repository.JdbcUtils 56 getConnection - Exit with(org.sqlite.jdbc4.JDBC4Connection@2caa4759)
01 Apr 2023 17:58:33,863 TRACE com.javafx.main.concurs.repository.SwimmingRaceDBRepository 50 nrContestantEachRace - Exit with([com.javafx.main.concurs.domain.RaceNrContestantsDTO@11023eb5, com.javafx.main.concurs.domain.RaceNrContestantsDTO@10032a8e, com.javafx.main.concurs.domain.RaceNrContestantsDTO@43655aff])
01 Apr 2023 17:58:44,537 TRACE com.javafx.main.concurs.repository.ContestantDBRepository 26 getByRace - Enter finding by race with distance 800m and style fluture
01 Apr 2023 17:58:44,538 TRACE com.javafx.main.concurs.repository.JdbcUtils 47 getConnection - Enter
01 Apr 2023 17:58:44,538 TRACE com.javafx.main.concurs.repository.JdbcUtils 24 getNewConnection - Enter
01 Apr 2023 17:58:44,538 INFO  com.javafx.main.concurs.repository.JdbcUtils 29 getNewConnection - trying to connect to database ... jdbc:sqlite:D:\Facultate\Faculta\An_2_sem_2\MPP_Java\Concurs_inot_Java\swimming_race.db
01 Apr 2023 17:58:44,538 INFO  com.javafx.main.concurs.repository.JdbcUtils 30 getNewConnection - user: null
01 Apr 2023 17:58:44,539 INFO  com.javafx.main.concurs.repository.JdbcUtils 31 getNewConnection - pass: null
01 Apr 2023 17:58:44,539 TRACE com.javafx.main.concurs.repository.JdbcUtils 56 getConnection - Exit with(org.sqlite.jdbc4.JDBC4Connection@7536fd06)
01 Apr 2023 17:58:44,544 TRACE com.javafx.main.concurs.repository.ContestantDBRepository 52 getByRace - Exit with([Contestant{ID=4, name='Vlad', age=20}, Contestant{ID=6426, name='Popix', age=23}])
01 Apr 2023 17:58:44,545 TRACE com.javafx.main.concurs.repository.SwimmingRaceDBRepository 56 getByContestant - Enter finding which race does contestant 4 takes part in
01 Apr 2023 17:58:44,545 TRACE com.javafx.main.concurs.repository.JdbcUtils 47 getConnection - Enter
01 Apr 2023 17:58:44,545 TRACE com.javafx.main.concurs.repository.JdbcUtils 56 getConnection - Exit with(org.sqlite.jdbc4.JDBC4Connection@2caa4759)
01 Apr 2023 17:58:44,546 TRACE com.javafx.main.concurs.repository.SwimmingRaceDBRepository 81 getByContestant - Exit with([SwimmingRace{ID=2, distance='200m', style='spate'}, SwimmingRace{ID=3, distance='800m', style='fluture'}])
01 Apr 2023 17:58:44,548 TRACE com.javafx.main.concurs.repository.SwimmingRaceDBRepository 56 getByContestant - Enter finding which race does contestant 6426 takes part in
01 Apr 2023 17:58:44,548 TRACE com.javafx.main.concurs.repository.JdbcUtils 47 getConnection - Enter
01 Apr 2023 17:58:44,548 TRACE com.javafx.main.concurs.repository.JdbcUtils 56 getConnection - Exit with(org.sqlite.jdbc4.JDBC4Connection@2caa4759)
01 Apr 2023 17:58:44,549 TRACE com.javafx.main.concurs.repository.SwimmingRaceDBRepository 81 getByContestant - Exit with([SwimmingRace{ID=2, distance='200m', style='spate'}, SwimmingRace{ID=3, distance='800m', style='fluture'}])
01 Apr 2023 17:58:57,994 TRACE com.javafx.main.concurs.repository.SwimmingRaceDBRepository 87 findByDistanceAndStyle - Enter finding by distance 800m and style fluture
01 Apr 2023 17:58:57,994 TRACE com.javafx.main.concurs.repository.JdbcUtils 47 getConnection - Enter
01 Apr 2023 17:58:57,994 TRACE com.javafx.main.concurs.repository.JdbcUtils 56 getConnection - Exit with(org.sqlite.jdbc4.JDBC4Connection@2caa4759)
01 Apr 2023 17:58:57,995 TRACE com.javafx.main.concurs.repository.SwimmingRaceDBRepository 105 findByDistanceAndStyle - Exit with(SwimmingRace{ID=3, distance='800m', style='fluture'})
01 Apr 2023 17:58:57,995 TRACE com.javafx.main.concurs.repository.ContestantDBRepository 58 add - Enter saving task Contestant{ID=23854, name='Mihai', age=26}
01 Apr 2023 17:58:57,995 TRACE com.javafx.main.concurs.repository.JdbcUtils 47 getConnection - Enter
01 Apr 2023 17:58:57,995 TRACE com.javafx.main.concurs.repository.JdbcUtils 56 getConnection - Exit with(org.sqlite.jdbc4.JDBC4Connection@7536fd06)
01 Apr 2023 17:58:58,121 TRACE com.javafx.main.concurs.repository.ContestantDBRepository 66 add - Saved 1 instances
01 Apr 2023 17:58:58,122 TRACE com.javafx.main.concurs.repository.ContestantDBRepository 71 add - Exit
01 Apr 2023 17:58:58,123 TRACE com.javafx.main.concurs.repository.ParticipationDBRepository 26 add - Enter saving task TakesPart{ID=null, contestant=Contestant{ID=23854, name='Mihai', age=26}, race=SwimmingRace{ID=3, distance='800m', style='fluture'}}
01 Apr 2023 17:58:58,123 TRACE com.javafx.main.concurs.repository.JdbcUtils 47 getConnection - Enter
01 Apr 2023 17:58:58,123 TRACE com.javafx.main.concurs.repository.JdbcUtils 24 getNewConnection - Enter
01 Apr 2023 17:58:58,124 INFO  com.javafx.main.concurs.repository.JdbcUtils 29 getNewConnection - trying to connect to database ... jdbc:sqlite:D:\Facultate\Faculta\An_2_sem_2\MPP_Java\Concurs_inot_Java\swimming_race.db
01 Apr 2023 17:58:58,124 INFO  com.javafx.main.concurs.repository.JdbcUtils 30 getNewConnection - user: null
01 Apr 2023 17:58:58,124 INFO  com.javafx.main.concurs.repository.JdbcUtils 31 getNewConnection - pass: null
01 Apr 2023 17:58:58,144 TRACE com.javafx.main.concurs.repository.JdbcUtils 56 getConnection - Exit with(org.sqlite.jdbc4.JDBC4Connection@1b5502e8)
01 Apr 2023 17:58:58,254 TRACE com.javafx.main.concurs.repository.ParticipationDBRepository 33 add - Saved 1 instances
01 Apr 2023 17:58:58,254 TRACE com.javafx.main.concurs.repository.ParticipationDBRepository 38 add - Exit
01 Apr 2023 17:58:58,254 TRACE com.javafx.main.concurs.repository.SwimmingRaceDBRepository 27 nrContestantEachRace - Enter
01 Apr 2023 17:58:58,255 TRACE com.javafx.main.concurs.repository.JdbcUtils 47 getConnection - Enter
01 Apr 2023 17:58:58,255 TRACE com.javafx.main.concurs.repository.JdbcUtils 56 getConnection - Exit with(org.sqlite.jdbc4.JDBC4Connection@2caa4759)
01 Apr 2023 17:58:58,255 TRACE com.javafx.main.concurs.repository.SwimmingRaceDBRepository 50 nrContestantEachRace - Exit with([com.javafx.main.concurs.domain.RaceNrContestantsDTO@770c3f9d, com.javafx.main.concurs.domain.RaceNrContestantsDTO@3a8d98cd, com.javafx.main.concurs.domain.RaceNrContestantsDTO@d5cc7b9])
01 Apr 2023 17:59:00,731 TRACE com.javafx.main.concurs.repository.ContestantDBRepository 26 getByRace - Enter finding by race with distance 800m and style fluture
01 Apr 2023 17:59:00,732 TRACE com.javafx.main.concurs.repository.JdbcUtils 47 getConnection - Enter
01 Apr 2023 17:59:00,732 TRACE com.javafx.main.concurs.repository.JdbcUtils 56 getConnection - Exit with(org.sqlite.jdbc4.JDBC4Connection@7536fd06)
01 Apr 2023 17:59:00,732 TRACE com.javafx.main.concurs.repository.ContestantDBRepository 52 getByRace - Exit with([Contestant{ID=4, name='Vlad', age=20}, Contestant{ID=6426, name='Popix', age=23}, Contestant{ID=23854, name='Mihai', age=26}])
01 Apr 2023 17:59:00,733 TRACE com.javafx.main.concurs.repository.SwimmingRaceDBRepository 56 getByContestant - Enter finding which race does contestant 4 takes part in
01 Apr 2023 17:59:00,733 TRACE com.javafx.main.concurs.repository.JdbcUtils 47 getConnection - Enter
01 Apr 2023 17:59:00,733 TRACE com.javafx.main.concurs.repository.JdbcUtils 56 getConnection - Exit with(org.sqlite.jdbc4.JDBC4Connection@2caa4759)
01 Apr 2023 17:59:00,734 TRACE com.javafx.main.concurs.repository.SwimmingRaceDBRepository 81 getByContestant - Exit with([SwimmingRace{ID=2, distance='200m', style='spate'}, SwimmingRace{ID=3, distance='800m', style='fluture'}])
01 Apr 2023 17:59:00,734 TRACE com.javafx.main.concurs.repository.SwimmingRaceDBRepository 56 getByContestant - Enter finding which race does contestant 6426 takes part in
01 Apr 2023 17:59:00,734 TRACE com.javafx.main.concurs.repository.JdbcUtils 47 getConnection - Enter
01 Apr 2023 17:59:00,734 TRACE com.javafx.main.concurs.repository.JdbcUtils 56 getConnection - Exit with(org.sqlite.jdbc4.JDBC4Connection@2caa4759)
01 Apr 2023 17:59:00,735 TRACE com.javafx.main.concurs.repository.SwimmingRaceDBRepository 81 getByContestant - Exit with([SwimmingRace{ID=2, distance='200m', style='spate'}, SwimmingRace{ID=3, distance='800m', style='fluture'}])
01 Apr 2023 17:59:00,735 TRACE com.javafx.main.concurs.repository.SwimmingRaceDBRepository 56 getByContestant - Enter finding which race does contestant 23854 takes part in
01 Apr 2023 17:59:00,735 TRACE com.javafx.main.concurs.repository.JdbcUtils 47 getConnection - Enter
01 Apr 2023 17:59:00,735 TRACE com.javafx.main.concurs.repository.JdbcUtils 56 getConnection - Exit with(org.sqlite.jdbc4.JDBC4Connection@2caa4759)
01 Apr 2023 17:59:00,735 TRACE com.javafx.main.concurs.repository.SwimmingRaceDBRepository 81 getByContestant - Exit with([SwimmingRace{ID=3, distance='800m', style='fluture'}])
01 Apr 2023 19:32:36,530 INFO  com.javafx.main.concurs.repository.AdminDBRepository 21 <init> - Initializing AdminDBRepository with properties: {jdbc.url=jdbc:sqlite:D:\Facultate\Faculta\An_2_sem_2\MPP_Java\Concurs_inot_Java\swimming_race.db}
01 Apr 2023 19:32:36,535 INFO  com.javafx.main.concurs.repository.ContestantDBRepository 20 <init> - Initializing ContestantDBRepository with properties: {jdbc.url=jdbc:sqlite:D:\Facultate\Faculta\An_2_sem_2\MPP_Java\Concurs_inot_Java\swimming_race.db}
01 Apr 2023 19:32:36,537 INFO  com.javafx.main.concurs.repository.ParticipationDBRepository 20 <init> - Initializing ParicipationDBRepository with properties: {jdbc.url=jdbc:sqlite:D:\Facultate\Faculta\An_2_sem_2\MPP_Java\Concurs_inot_Java\swimming_race.db}
01 Apr 2023 19:32:36,538 INFO  com.javafx.main.concurs.repository.SwimmingRaceDBRepository 21 <init> - Initializing SwimmingRaceDBRepository with properties: {jdbc.url=jdbc:sqlite:D:\Facultate\Faculta\An_2_sem_2\MPP_Java\Concurs_inot_Java\swimming_race.db}
01 Apr 2023 19:32:36,539 INFO  com.javafx.main.service.Service 27 <init> - Creating service with repositories com.javafx.main.concurs.repository.AdminDBRepository@8857718, com.javafx.main.concurs.repository.ContestantDBRepository@5ba65d49, com.javafx.main.concurs.repository.ParticipationDBRepository@569d547, com.javafx.main.concurs.repository.SwimmingRaceDBRepository@5c55e6d3
01 Apr 2023 19:32:39,274 TRACE com.javafx.main.service.Service 35 getAccount - Enter Entering getAccount wiht email dasds and password asd
01 Apr 2023 19:32:39,274 TRACE com.javafx.main.concurs.repository.AdminDBRepository 27 getAccount - Enter getting account by email dasds and password asd
01 Apr 2023 19:32:39,274 TRACE com.javafx.main.concurs.repository.JdbcUtils 47 getConnection - Enter
01 Apr 2023 19:32:39,274 TRACE com.javafx.main.concurs.repository.JdbcUtils 24 getNewConnection - Enter
01 Apr 2023 19:32:39,275 INFO  com.javafx.main.concurs.repository.JdbcUtils 29 getNewConnection - trying to connect to database ... jdbc:sqlite:D:\Facultate\Faculta\An_2_sem_2\MPP_Java\Concurs_inot_Java\swimming_race.db
01 Apr 2023 19:32:39,275 INFO  com.javafx.main.concurs.repository.JdbcUtils 30 getNewConnection - user: null
01 Apr 2023 19:32:39,275 INFO  com.javafx.main.concurs.repository.JdbcUtils 31 getNewConnection - pass: null
01 Apr 2023 19:32:39,438 TRACE com.javafx.main.concurs.repository.JdbcUtils 56 getConnection - Exit with(org.sqlite.jdbc4.JDBC4Connection@62bcf223)
01 Apr 2023 19:32:39,445 TRACE com.javafx.main.concurs.repository.AdminDBRepository 45 getAccount - Exit
01 Apr 2023 19:32:39,446 TRACE com.javafx.main.service.Service 37 getAccount - Exit
01 Apr 2023 19:50:27,630 INFO  com.javafx.main.concurs.repository.AdminDBRepository 21 <init> - Initializing AdminDBRepository with properties: {jdbc.url=jdbc:sqlite:D:\Facultate\Faculta\An_2_sem_2\MPP_Java\Concurs_inot_Java\swimming_race.db}
01 Apr 2023 19:50:27,634 INFO  com.javafx.main.concurs.repository.ContestantDBRepository 20 <init> - Initializing ContestantDBRepository with properties: {jdbc.url=jdbc:sqlite:D:\Facultate\Faculta\An_2_sem_2\MPP_Java\Concurs_inot_Java\swimming_race.db}
01 Apr 2023 19:50:27,635 INFO  com.javafx.main.concurs.repository.ParticipationDBRepository 20 <init> - Initializing ParicipationDBRepository with properties: {jdbc.url=jdbc:sqlite:D:\Facultate\Faculta\An_2_sem_2\MPP_Java\Concurs_inot_Java\swimming_race.db}
01 Apr 2023 19:50:27,636 INFO  com.javafx.main.concurs.repository.SwimmingRaceDBRepository 21 <init> - Initializing SwimmingRaceDBRepository with properties: {jdbc.url=jdbc:sqlite:D:\Facultate\Faculta\An_2_sem_2\MPP_Java\Concurs_inot_Java\swimming_race.db}
01 Apr 2023 19:50:27,637 INFO  com.javafx.main.service.Service 27 <init> - Creating service with repositories com.javafx.main.concurs.repository.AdminDBRepository@8857718, com.javafx.main.concurs.repository.ContestantDBRepository@5ba65d49, com.javafx.main.concurs.repository.ParticipationDBRepository@569d547, com.javafx.main.concurs.repository.SwimmingRaceDBRepository@5c55e6d3
01 Apr 2023 19:50:38,239 TRACE com.javafx.main.service.Service 35 getAccount - Enter Entering getAccount wiht email boss@email.com and password boss
01 Apr 2023 19:50:38,240 TRACE com.javafx.main.concurs.repository.AdminDBRepository 27 getAccount - Enter getting account by email boss@email.com and password boss
01 Apr 2023 19:50:38,240 TRACE com.javafx.main.concurs.repository.JdbcUtils 47 getConnection - Enter
01 Apr 2023 19:50:38,240 TRACE com.javafx.main.concurs.repository.JdbcUtils 24 getNewConnection - Enter
01 Apr 2023 19:50:38,240 INFO  com.javafx.main.concurs.repository.JdbcUtils 29 getNewConnection - trying to connect to database ... jdbc:sqlite:D:\Facultate\Faculta\An_2_sem_2\MPP_Java\Concurs_inot_Java\swimming_race.db
01 Apr 2023 19:50:38,241 INFO  com.javafx.main.concurs.repository.JdbcUtils 30 getNewConnection - user: null
01 Apr 2023 19:50:38,241 INFO  com.javafx.main.concurs.repository.JdbcUtils 31 getNewConnection - pass: null
01 Apr 2023 19:50:38,407 TRACE com.javafx.main.concurs.repository.JdbcUtils 56 getConnection - Exit with(org.sqlite.jdbc4.JDBC4Connection@770c86b2)
01 Apr 2023 19:50:38,419 TRACE com.javafx.main.concurs.repository.AdminDBRepository 45 getAccount - Exit with(Admin{ID=1, email='boss@email.com', password='boss', officeID=1})
01 Apr 2023 19:50:38,419 TRACE com.javafx.main.service.Service 37 getAccount - Exit with(Admin{ID=1, email='boss@email.com', password='boss', officeID=1})
01 Apr 2023 19:50:38,624 TRACE com.javafx.main.service.Service 42 nrContestantEachRace - Enter Entering nrContestantEachRace
01 Apr 2023 19:50:38,625 TRACE com.javafx.main.concurs.repository.SwimmingRaceDBRepository 27 nrContestantEachRace - Enter
01 Apr 2023 19:50:38,626 TRACE com.javafx.main.concurs.repository.JdbcUtils 47 getConnection - Enter
01 Apr 2023 19:50:38,626 TRACE com.javafx.main.concurs.repository.JdbcUtils 24 getNewConnection - Enter
01 Apr 2023 19:50:38,626 INFO  com.javafx.main.concurs.repository.JdbcUtils 29 getNewConnection - trying to connect to database ... jdbc:sqlite:D:\Facultate\Faculta\An_2_sem_2\MPP_Java\Concurs_inot_Java\swimming_race.db
01 Apr 2023 19:50:38,627 INFO  com.javafx.main.concurs.repository.JdbcUtils 30 getNewConnection - user: null
01 Apr 2023 19:50:38,627 INFO  com.javafx.main.concurs.repository.JdbcUtils 31 getNewConnection - pass: null
01 Apr 2023 19:50:38,628 TRACE com.javafx.main.concurs.repository.JdbcUtils 56 getConnection - Exit with(org.sqlite.jdbc4.JDBC4Connection@1488e7a6)
01 Apr 2023 19:50:38,631 TRACE com.javafx.main.concurs.repository.SwimmingRaceDBRepository 50 nrContestantEachRace - Exit with([com.javafx.main.concurs.domain.RaceNrContestantsDTO@43655aff, com.javafx.main.concurs.domain.RaceNrContestantsDTO@4de396c1, com.javafx.main.concurs.domain.RaceNrContestantsDTO@4d94ee5e])
01 Apr 2023 19:50:38,632 TRACE com.javafx.main.service.Service 45 nrContestantEachRace - Exit with(com.javafx.main.concurs.domain.RaceNrContDTOList@444aea38)
10 Apr 2023 20:16:41,314 INFO  com.javafx.main.concurs.repository.AdminDBRepository 21 <init> - Initializing AdminDBRepository with properties: {jdbc.url=jdbc:sqlite:D:\Facultate\Faculta\An_2_sem_2\MPP_Java\Concurs_inot_Java\swimming_race.db}
10 Apr 2023 20:16:41,319 INFO  com.javafx.main.concurs.repository.ContestantDBRepository 20 <init> - Initializing ContestantDBRepository with properties: {jdbc.url=jdbc:sqlite:D:\Facultate\Faculta\An_2_sem_2\MPP_Java\Concurs_inot_Java\swimming_race.db}
10 Apr 2023 20:16:41,320 INFO  com.javafx.main.concurs.repository.ParticipationDBRepository 20 <init> - Initializing ParicipationDBRepository with properties: {jdbc.url=jdbc:sqlite:D:\Facultate\Faculta\An_2_sem_2\MPP_Java\Concurs_inot_Java\swimming_race.db}
10 Apr 2023 20:16:41,321 INFO  com.javafx.main.concurs.repository.SwimmingRaceDBRepository 21 <init> - Initializing SwimmingRaceDBRepository with properties: {jdbc.url=jdbc:sqlite:D:\Facultate\Faculta\An_2_sem_2\MPP_Java\Concurs_inot_Java\swimming_race.db}
10 Apr 2023 20:16:41,323 INFO  com.javafx.main.service.Service 27 <init> - Creating service with repositories com.javafx.main.concurs.repository.AdminDBRepository@8857718, com.javafx.main.concurs.repository.ContestantDBRepository@5ba65d49, com.javafx.main.concurs.repository.ParticipationDBRepository@569d547, com.javafx.main.concurs.repository.SwimmingRaceDBRepository@5c55e6d3
10 Apr 2023 20:16:49,874 TRACE com.javafx.main.service.Service 35 getAccount - Enter Entering getAccount wiht email boss@email.com and password boss
10 Apr 2023 20:16:49,874 TRACE com.javafx.main.concurs.repository.AdminDBRepository 27 getAccount - Enter getting account by email boss@email.com and password boss
10 Apr 2023 20:16:49,874 TRACE com.javafx.main.concurs.repository.JdbcUtils 47 getConnection - Enter
10 Apr 2023 20:16:49,875 TRACE com.javafx.main.concurs.repository.JdbcUtils 24 getNewConnection - Enter
10 Apr 2023 20:16:49,875 INFO  com.javafx.main.concurs.repository.JdbcUtils 29 getNewConnection - trying to connect to database ... jdbc:sqlite:D:\Facultate\Faculta\An_2_sem_2\MPP_Java\Concurs_inot_Java\swimming_race.db
10 Apr 2023 20:16:49,875 INFO  com.javafx.main.concurs.repository.JdbcUtils 30 getNewConnection - user: null
10 Apr 2023 20:16:49,875 INFO  com.javafx.main.concurs.repository.JdbcUtils 31 getNewConnection - pass: null
10 Apr 2023 20:16:50,050 TRACE com.javafx.main.concurs.repository.JdbcUtils 56 getConnection - Exit with(org.sqlite.jdbc4.JDBC4Connection@35ebae02)
10 Apr 2023 20:16:50,055 ERROR com.javafx.main.concurs.repository.AdminDBRepository 42 getAccount - org.sqlite.SQLiteException: [SQLITE_ERROR] SQL error or missing database (no such table: Admin)
10 Apr 2023 20:16:50,056 TRACE com.javafx.main.concurs.repository.AdminDBRepository 45 getAccount - Exit
10 Apr 2023 20:16:50,056 TRACE com.javafx.main.service.Service 37 getAccount - Exit
10 Apr 2023 20:16:55,534 TRACE com.javafx.main.service.Service 35 getAccount - Enter Entering getAccount wiht email boss@email.com and password boss
10 Apr 2023 20:16:55,535 TRACE com.javafx.main.concurs.repository.AdminDBRepository 27 getAccount - Enter getting account by email boss@email.com and password boss
10 Apr 2023 20:16:55,535 TRACE com.javafx.main.concurs.repository.JdbcUtils 47 getConnection - Enter
10 Apr 2023 20:16:55,535 TRACE com.javafx.main.concurs.repository.JdbcUtils 56 getConnection - Exit with(org.sqlite.jdbc4.JDBC4Connection@35ebae02)
10 Apr 2023 20:16:55,536 ERROR com.javafx.main.concurs.repository.AdminDBRepository 42 getAccount - org.sqlite.SQLiteException: [SQLITE_ERROR] SQL error or missing database (no such table: Admin)
10 Apr 2023 20:16:55,536 TRACE com.javafx.main.concurs.repository.AdminDBRepository 45 getAccount - Exit
10 Apr 2023 20:16:55,536 TRACE com.javafx.main.service.Service 37 getAccount - Exit
10 Apr 2023 20:17:00,047 TRACE com.javafx.main.service.Service 35 getAccount - Enter Entering getAccount wiht email boss@email.com and password boss
10 Apr 2023 20:17:00,048 TRACE com.javafx.main.concurs.repository.AdminDBRepository 27 getAccount - Enter getting account by email boss@email.com and password boss
10 Apr 2023 20:17:00,048 TRACE com.javafx.main.concurs.repository.JdbcUtils 47 getConnection - Enter
10 Apr 2023 20:17:00,048 TRACE com.javafx.main.concurs.repository.JdbcUtils 56 getConnection - Exit with(org.sqlite.jdbc4.JDBC4Connection@35ebae02)
10 Apr 2023 20:17:00,048 ERROR com.javafx.main.concurs.repository.AdminDBRepository 42 getAccount - org.sqlite.SQLiteException: [SQLITE_ERROR] SQL error or missing database (no such table: Admin)
10 Apr 2023 20:17:00,048 TRACE com.javafx.main.concurs.repository.AdminDBRepository 45 getAccount - Exit
10 Apr 2023 20:17:00,048 TRACE com.javafx.main.service.Service 37 getAccount - Exit
10 Apr 2023 20:18:31,646 INFO  com.javafx.main.concurs.repository.AdminDBRepository 21 <init> - Initializing AdminDBRepository with properties: {jdbc.url=jdbc:sqlite:D:\Facultate\Faculta\An_2_sem_2\MPP_Java\Concurs_inot_Java\swimming_race.db}
10 Apr 2023 20:18:31,651 INFO  com.javafx.main.concurs.repository.ContestantDBRepository 20 <init> - Initializing ContestantDBRepository with properties: {jdbc.url=jdbc:sqlite:D:\Facultate\Faculta\An_2_sem_2\MPP_Java\Concurs_inot_Java\swimming_race.db}
10 Apr 2023 20:18:31,652 INFO  com.javafx.main.concurs.repository.ParticipationDBRepository 20 <init> - Initializing ParicipationDBRepository with properties: {jdbc.url=jdbc:sqlite:D:\Facultate\Faculta\An_2_sem_2\MPP_Java\Concurs_inot_Java\swimming_race.db}
10 Apr 2023 20:18:31,654 INFO  com.javafx.main.concurs.repository.SwimmingRaceDBRepository 21 <init> - Initializing SwimmingRaceDBRepository with properties: {jdbc.url=jdbc:sqlite:D:\Facultate\Faculta\An_2_sem_2\MPP_Java\Concurs_inot_Java\swimming_race.db}
10 Apr 2023 20:18:31,655 INFO  com.javafx.main.service.Service 27 <init> - Creating service with repositories com.javafx.main.concurs.repository.AdminDBRepository@8857718, com.javafx.main.concurs.repository.ContestantDBRepository@5ba65d49, com.javafx.main.concurs.repository.ParticipationDBRepository@569d547, com.javafx.main.concurs.repository.SwimmingRaceDBRepository@5c55e6d3
10 Apr 2023 20:18:43,430 TRACE com.javafx.main.service.Service 35 getAccount - Enter Entering getAccount wiht email boss@email.com and password boss
10 Apr 2023 20:18:43,430 TRACE com.javafx.main.concurs.repository.AdminDBRepository 27 getAccount - Enter getting account by email boss@email.com and password boss
10 Apr 2023 20:18:43,430 TRACE com.javafx.main.concurs.repository.JdbcUtils 47 getConnection - Enter
10 Apr 2023 20:18:43,430 TRACE com.javafx.main.concurs.repository.JdbcUtils 24 getNewConnection - Enter
10 Apr 2023 20:18:43,431 INFO  com.javafx.main.concurs.repository.JdbcUtils 29 getNewConnection - trying to connect to database ... jdbc:sqlite:D:\Facultate\Faculta\An_2_sem_2\MPP_Java\Concurs_inot_Java\swimming_race.db
10 Apr 2023 20:18:43,431 INFO  com.javafx.main.concurs.repository.JdbcUtils 30 getNewConnection - user: null
10 Apr 2023 20:18:43,431 INFO  com.javafx.main.concurs.repository.JdbcUtils 31 getNewConnection - pass: null
10 Apr 2023 20:18:43,605 TRACE com.javafx.main.concurs.repository.JdbcUtils 56 getConnection - Exit with(org.sqlite.jdbc4.JDBC4Connection@35ebae02)
10 Apr 2023 20:18:43,613 ERROR com.javafx.main.concurs.repository.AdminDBRepository 42 getAccount - org.sqlite.SQLiteException: [SQLITE_ERROR] SQL error or missing database (no such table: Admin)
10 Apr 2023 20:18:43,614 TRACE com.javafx.main.concurs.repository.AdminDBRepository 45 getAccount - Exit
10 Apr 2023 20:18:43,614 TRACE com.javafx.main.service.Service 37 getAccount - Exit
10 Apr 2023 20:20:39,766 INFO  com.javafx.main.concurs.repository.AdminDBRepository 21 <init> - Initializing AdminDBRepository with properties: {jdbc.url=jdbc:sqlite:D:\Facultate\Faculta\An_2_sem_2\MPP_Java\Concurs_inot_Java\swimming_race.db}
10 Apr 2023 20:20:39,771 INFO  com.javafx.main.concurs.repository.ContestantDBRepository 20 <init> - Initializing ContestantDBRepository with properties: {jdbc.url=jdbc:sqlite:D:\Facultate\Faculta\An_2_sem_2\MPP_Java\Concurs_inot_Java\swimming_race.db}
10 Apr 2023 20:20:39,772 INFO  com.javafx.main.concurs.repository.ParticipationDBRepository 20 <init> - Initializing ParicipationDBRepository with properties: {jdbc.url=jdbc:sqlite:D:\Facultate\Faculta\An_2_sem_2\MPP_Java\Concurs_inot_Java\swimming_race.db}
10 Apr 2023 20:20:39,774 INFO  com.javafx.main.concurs.repository.SwimmingRaceDBRepository 21 <init> - Initializing SwimmingRaceDBRepository with properties: {jdbc.url=jdbc:sqlite:D:\Facultate\Faculta\An_2_sem_2\MPP_Java\Concurs_inot_Java\swimming_race.db}
10 Apr 2023 20:20:39,775 INFO  com.javafx.main.service.Service 27 <init> - Creating service with repositories com.javafx.main.concurs.repository.AdminDBRepository@8857718, com.javafx.main.concurs.repository.ContestantDBRepository@5ba65d49, com.javafx.main.concurs.repository.ParticipationDBRepository@569d547, com.javafx.main.concurs.repository.SwimmingRaceDBRepository@5c55e6d3
10 Apr 2023 20:20:47,477 TRACE com.javafx.main.service.Service 35 getAccount - Enter Entering getAccount wiht email boss@email.com and password boss
10 Apr 2023 20:20:47,477 TRACE com.javafx.main.concurs.repository.AdminDBRepository 27 getAccount - Enter getting account by email boss@email.com and password boss
10 Apr 2023 20:20:47,477 TRACE com.javafx.main.concurs.repository.JdbcUtils 47 getConnection - Enter
10 Apr 2023 20:20:47,478 TRACE com.javafx.main.concurs.repository.JdbcUtils 24 getNewConnection - Enter
10 Apr 2023 20:20:47,478 INFO  com.javafx.main.concurs.repository.JdbcUtils 29 getNewConnection - trying to connect to database ... jdbc:sqlite:D:\Facultate\Faculta\An_2_sem_2\MPP_Java\Concurs_inot_Java\swimming_race.db
10 Apr 2023 20:20:47,478 INFO  com.javafx.main.concurs.repository.JdbcUtils 30 getNewConnection - user: null
10 Apr 2023 20:20:47,479 INFO  com.javafx.main.concurs.repository.JdbcUtils 31 getNewConnection - pass: null
10 Apr 2023 20:20:47,638 TRACE com.javafx.main.concurs.repository.JdbcUtils 56 getConnection - Exit with(org.sqlite.jdbc4.JDBC4Connection@62bcf223)
10 Apr 2023 20:20:47,650 TRACE com.javafx.main.concurs.repository.AdminDBRepository 45 getAccount - Exit with(Admin{ID=1, email='boss@email.com', password='boss', officeID=1})
10 Apr 2023 20:20:47,651 TRACE com.javafx.main.service.Service 37 getAccount - Exit with(Admin{ID=1, email='boss@email.com', password='boss', officeID=1})
10 Apr 2023 20:20:47,873 TRACE com.javafx.main.service.Service 42 nrContestantEachRace - Enter Entering nrContestantEachRace
10 Apr 2023 20:20:47,874 TRACE com.javafx.main.concurs.repository.SwimmingRaceDBRepository 27 nrContestantEachRace - Enter
10 Apr 2023 20:20:47,874 TRACE com.javafx.main.concurs.repository.JdbcUtils 47 getConnection - Enter
10 Apr 2023 20:20:47,875 TRACE com.javafx.main.concurs.repository.JdbcUtils 24 getNewConnection - Enter
10 Apr 2023 20:20:47,875 INFO  com.javafx.main.concurs.repository.JdbcUtils 29 getNewConnection - trying to connect to database ... jdbc:sqlite:D:\Facultate\Faculta\An_2_sem_2\MPP_Java\Concurs_inot_Java\swimming_race.db
10 Apr 2023 20:20:47,876 INFO  com.javafx.main.concurs.repository.JdbcUtils 30 getNewConnection - user: null
10 Apr 2023 20:20:47,876 INFO  com.javafx.main.concurs.repository.JdbcUtils 31 getNewConnection - pass: null
10 Apr 2023 20:20:47,877 TRACE com.javafx.main.concurs.repository.JdbcUtils 56 getConnection - Exit with(org.sqlite.jdbc4.JDBC4Connection@408e6fe5)
10 Apr 2023 20:20:47,880 TRACE com.javafx.main.concurs.repository.SwimmingRaceDBRepository 50 nrContestantEachRace - Exit with([com.javafx.main.concurs.domain.RaceNrContestantsDTO@7571a20c, com.javafx.main.concurs.domain.RaceNrContestantsDTO@1b2c7f55, com.javafx.main.concurs.domain.RaceNrContestantsDTO@505e3901])
10 Apr 2023 20:20:47,880 TRACE com.javafx.main.service.Service 45 nrContestantEachRace - Exit with(com.javafx.main.concurs.domain.RaceNrContDTOList@ed0afae)
10 Apr 2023 20:20:55,031 TRACE com.javafx.main.service.Service 51 getByRace - Enter Entering getByRace with distance 200m and style spate 
10 Apr 2023 20:20:55,032 TRACE com.javafx.main.concurs.repository.ContestantDBRepository 26 getByRace - Enter finding by race with distance 200m and style spate
10 Apr 2023 20:20:55,032 TRACE com.javafx.main.concurs.repository.JdbcUtils 47 getConnection - Enter
10 Apr 2023 20:20:55,032 TRACE com.javafx.main.concurs.repository.JdbcUtils 24 getNewConnection - Enter
10 Apr 2023 20:20:55,032 INFO  com.javafx.main.concurs.repository.JdbcUtils 29 getNewConnection - trying to connect to database ... jdbc:sqlite:D:\Facultate\Faculta\An_2_sem_2\MPP_Java\Concurs_inot_Java\swimming_race.db
10 Apr 2023 20:20:55,032 INFO  com.javafx.main.concurs.repository.JdbcUtils 30 getNewConnection - user: null
10 Apr 2023 20:20:55,033 INFO  com.javafx.main.concurs.repository.JdbcUtils 31 getNewConnection - pass: null
10 Apr 2023 20:20:55,033 TRACE com.javafx.main.concurs.repository.JdbcUtils 56 getConnection - Exit with(org.sqlite.jdbc4.JDBC4Connection@5d57d99c)
10 Apr 2023 20:20:55,038 TRACE com.javafx.main.concurs.repository.ContestantDBRepository 52 getByRace - Exit with([Contestant{ID=1, name='Flaviu', age=20}, Contestant{ID=2, name='Ilinca', age=19}, Contestant{ID=4, name='Vlad', age=20}, Contestant{ID=6426, name='Popix', age=23}, Contestant{ID=42516, name='Nan', age=18}, Contestant{ID=46784, name='Marcel', age=24}, Contestant{ID=19346, name='Popovici', age=23}, Contestant{ID=22, name='Vladsilav', age=28}])
10 Apr 2023 20:20:55,038 TRACE com.javafx.main.concurs.repository.SwimmingRaceDBRepository 56 getByContestant - Enter finding which race does contestant 1 takes part in
10 Apr 2023 20:20:55,039 TRACE com.javafx.main.concurs.repository.JdbcUtils 47 getConnection - Enter
10 Apr 2023 20:20:55,039 TRACE com.javafx.main.concurs.repository.JdbcUtils 56 getConnection - Exit with(org.sqlite.jdbc4.JDBC4Connection@408e6fe5)
10 Apr 2023 20:20:55,040 TRACE com.javafx.main.concurs.repository.SwimmingRaceDBRepository 81 getByContestant - Exit with([SwimmingRace{ID=1, distance='50m', style='liber'}, SwimmingRace{ID=2, distance='200m', style='spate'}])
10 Apr 2023 20:20:55,042 TRACE com.javafx.main.concurs.repository.SwimmingRaceDBRepository 56 getByContestant - Enter finding which race does contestant 2 takes part in
10 Apr 2023 20:20:55,042 TRACE com.javafx.main.concurs.repository.JdbcUtils 47 getConnection - Enter
10 Apr 2023 20:20:55,042 TRACE com.javafx.main.concurs.repository.JdbcUtils 56 getConnection - Exit with(org.sqlite.jdbc4.JDBC4Connection@408e6fe5)
10 Apr 2023 20:20:55,043 TRACE com.javafx.main.concurs.repository.SwimmingRaceDBRepository 81 getByContestant - Exit with([SwimmingRace{ID=2, distance='200m', style='spate'}])
10 Apr 2023 20:20:55,043 TRACE com.javafx.main.concurs.repository.SwimmingRaceDBRepository 56 getByContestant - Enter finding which race does contestant 4 takes part in
10 Apr 2023 20:20:55,043 TRACE com.javafx.main.concurs.repository.JdbcUtils 47 getConnection - Enter
10 Apr 2023 20:20:55,044 TRACE com.javafx.main.concurs.repository.JdbcUtils 56 getConnection - Exit with(org.sqlite.jdbc4.JDBC4Connection@408e6fe5)
10 Apr 2023 20:20:55,044 TRACE com.javafx.main.concurs.repository.SwimmingRaceDBRepository 81 getByContestant - Exit with([SwimmingRace{ID=2, distance='200m', style='spate'}, SwimmingRace{ID=3, distance='800m', style='fluture'}])
10 Apr 2023 20:20:55,044 TRACE com.javafx.main.concurs.repository.SwimmingRaceDBRepository 56 getByContestant - Enter finding which race does contestant 6426 takes part in
10 Apr 2023 20:20:55,044 TRACE com.javafx.main.concurs.repository.JdbcUtils 47 getConnection - Enter
10 Apr 2023 20:20:55,045 TRACE com.javafx.main.concurs.repository.JdbcUtils 56 getConnection - Exit with(org.sqlite.jdbc4.JDBC4Connection@408e6fe5)
10 Apr 2023 20:20:55,045 TRACE com.javafx.main.concurs.repository.SwimmingRaceDBRepository 81 getByContestant - Exit with([SwimmingRace{ID=2, distance='200m', style='spate'}, SwimmingRace{ID=3, distance='800m', style='fluture'}])
10 Apr 2023 20:20:55,045 TRACE com.javafx.main.concurs.repository.SwimmingRaceDBRepository 56 getByContestant - Enter finding which race does contestant 42516 takes part in
10 Apr 2023 20:20:55,045 TRACE com.javafx.main.concurs.repository.JdbcUtils 47 getConnection - Enter
10 Apr 2023 20:20:55,046 TRACE com.javafx.main.concurs.repository.JdbcUtils 56 getConnection - Exit with(org.sqlite.jdbc4.JDBC4Connection@408e6fe5)
10 Apr 2023 20:20:55,046 TRACE com.javafx.main.concurs.repository.SwimmingRaceDBRepository 81 getByContestant - Exit with([SwimmingRace{ID=2, distance='200m', style='spate'}])
10 Apr 2023 20:20:55,046 TRACE com.javafx.main.concurs.repository.SwimmingRaceDBRepository 56 getByContestant - Enter finding which race does contestant 46784 takes part in
10 Apr 2023 20:20:55,047 TRACE com.javafx.main.concurs.repository.JdbcUtils 47 getConnection - Enter
10 Apr 2023 20:20:55,047 TRACE com.javafx.main.concurs.repository.JdbcUtils 56 getConnection - Exit with(org.sqlite.jdbc4.JDBC4Connection@408e6fe5)
10 Apr 2023 20:20:55,047 TRACE com.javafx.main.concurs.repository.SwimmingRaceDBRepository 81 getByContestant - Exit with([SwimmingRace{ID=1, distance='50m', style='liber'}, SwimmingRace{ID=2, distance='200m', style='spate'}])
10 Apr 2023 20:20:55,048 TRACE com.javafx.main.concurs.repository.SwimmingRaceDBRepository 56 getByContestant - Enter finding which race does contestant 19346 takes part in
10 Apr 2023 20:20:55,048 TRACE com.javafx.main.concurs.repository.JdbcUtils 47 getConnection - Enter
10 Apr 2023 20:20:55,048 TRACE com.javafx.main.concurs.repository.JdbcUtils 56 getConnection - Exit with(org.sqlite.jdbc4.JDBC4Connection@408e6fe5)
10 Apr 2023 20:20:55,048 TRACE com.javafx.main.concurs.repository.SwimmingRaceDBRepository 81 getByContestant - Exit with([SwimmingRace{ID=2, distance='200m', style='spate'}, SwimmingRace{ID=3, distance='800m', style='fluture'}, SwimmingRace{ID=1, distance='50m', style='liber'}])
10 Apr 2023 20:20:55,049 TRACE com.javafx.main.concurs.repository.SwimmingRaceDBRepository 56 getByContestant - Enter finding which race does contestant 22 takes part in
10 Apr 2023 20:20:55,049 TRACE com.javafx.main.concurs.repository.JdbcUtils 47 getConnection - Enter
10 Apr 2023 20:20:55,049 TRACE com.javafx.main.concurs.repository.JdbcUtils 56 getConnection - Exit with(org.sqlite.jdbc4.JDBC4Connection@408e6fe5)
10 Apr 2023 20:20:55,050 TRACE com.javafx.main.concurs.repository.SwimmingRaceDBRepository 81 getByContestant - Exit with([SwimmingRace{ID=2, distance='200m', style='spate'}])
10 Apr 2023 20:20:55,052 TRACE com.javafx.main.service.Service 65 getByRace - Exit with(com.javafx.main.concurs.domain.ContWithRaceDTOList@7c2f20e7)
